V1,V2,V3,V4,V5,V6,V7,V8,V9,V10,V11,V12,V13,V14,V15,V16,V17,V18,V19,V20,V21,V22
0.88361143742837,0.590731183569878,0.670466167042777,0.810928662198782,7.0439375269087,5.02196506159613,7.47897128810408,2.56678101382218,0.408194778540451,0.422444258185197,0.398617185610905,0.358126779337181,0.375357985898014,0.389340696320916,1.55,4.38,4.53,80.3,0.5,0.1,1.1,20
0.724298471401446,0.85595970480945,0.632150767131522,0.743154454229213,8.79846370403422,15.5790893511218,12.52386908666,5.74100431767199,0.38013673613742,0.369506654714188,0.369663999211742,0.414669679782772,0.412494951901166,0.363594380523032,1.55,4.38,4.53,80.3,0.5,0.1,1.1,20
0.858782551601715,0.662235630920716,0.70013404092025,0.734352733633667,13.5876183825219,17.9541292100283,9.56740543307737,7.38211401002668,0.397553430142719,0.441335090814252,0.350296961782128,0.428771871764353,0.414707287690742,0.439663982852269,1.55,4.38,4.53,80.3,0.5,0.1,1.1,20
0.577401987785474,0.623011563755013,0.869827487061359,0.733084381966479,19.6402519091102,18.2160359238135,17.0019334637397,4.27511195425503,0.403239049449377,0.406800410310691,0.409225468841009,0.374876771923946,0.372100025055837,0.44656579168262,1.55,4.38,4.53,80.3,0.5,0.1,1.1,20
0.597950841075555,0.861473319735751,0.735887527912483,0.899196769943275,10.1919932904677,7.06136818123516,6.0194468985009,7.53781087503117,0.433191345555847,0.373963900933973,0.387981219017087,0.44653835626212,0.364003829710465,0.432990414667316,1.55,4.38,4.53,80.3,0.5,0.1,1.1,20
0.5020547606498,0.89781514187213,0.646785808191449,0.6573519372724,15.4208893267624,10.9758208963927,19.0753921703715,5.88031684174482,0.376110845295107,0.378199381332379,0.407114711891161,0.383982133453712,0.443740299518593,0.367157663630648,1.55,4.38,4.53,80.3,0.5,0.1,1.1,20
0.589600532872416,0.698666167985275,0.732600265862607,0.883782158380933,9.41587166398764,18.9493300784705,8.01501616987865,5.90530537376367,0.364905351006985,0.376739594253711,0.375849312536325,0.429804413689626,0.43462285618498,0.440795112069137,1.55,4.38,4.53,80.3,0.5,0.1,1.1,20
0.845572858995386,0.583529639028944,0.690828898865171,0.859525815956481,15.9551803915855,9.24155337131349,15.1590407957346,2.37130833750684,0.43564509280296,0.441505674790964,0.364100809043739,0.371255766471382,0.408130857744813,0.409185768558597,1.55,4.38,4.53,80.3,0.5,0.1,1.1,20
0.605166107671149,0.852739721581899,0.512954201088846,0.779035606922396,16.4310563012469,18.1712517455826,9.50943432493135,3.46461172964983,0.42681023489139,0.439440452291584,0.442284550783737,0.391751597124897,0.363613798884023,0.393665762458276,1.55,4.38,4.53,80.3,0.5,0.1,1.1,20
0.638764442889765,0.577039453236759,0.877502822130919,0.579405469936877,17.6314976140717,14.883143025646,14.1379503951734,2.74678977760207,0.372006362919323,0.401275542710116,0.410244020787813,0.371143666740227,0.421089365592133,0.412943543663341,1.55,4.38,4.53,80.3,0.5,0.1,1.1,20
0.536510833564028,0.549618542885594,0.738581986684911,0.643289648736082,18.208960065702,5.35724399399245,15.50180811089,3.81524030697346,0.353965384697355,0.35233446321548,0.35363452314632,0.435905702422094,0.413480290360609,0.357594463781361,1.55,4.38,4.53,80.3,0.5,0.1,1.1,20
0.541114723924547,0.745215604080632,0.677132588111982,0.755240059362352,18.7737244789838,17.5482005731366,10.6924694715021,7.35435520735756,0.432332409596955,0.389483477724204,0.425271670685755,0.434237088874402,0.37897978953314,0.443467882725503,1.55,4.38,4.53,80.3,0.5,0.1,1.1,20
0.755975819729827,0.82845712752901,0.823355026735738,0.646044505785406,16.6831980041834,7.00098174313083,16.1288428757386,6.92968890355341,0.431426319069369,0.425522684558202,0.438882462637546,0.441670229635201,0.414807285924302,0.411728229240235,1.55,4.38,4.53,80.3,0.5,0.1,1.1,20
0.67525508960858,0.535555932049267,0.712096572077461,0.649802185934968,18.1280570131843,15.1597085057758,9.89009134015534,6.51840908662137,0.357724275202211,0.382275431704242,0.395203104586853,0.42431354045514,0.433370669186907,0.375759169533616,1.55,4.38,4.53,80.3,0.5,0.1,1.1,20
0.842863583737798,0.87861752234865,0.561083357520402,0.877394844123162,9.33546434413642,11.1684614641801,17.875046626057,6.50843625909835,0.389356828693254,0.41623183270297,0.374899596995907,0.386607829499105,0.428595920417924,0.423345816095918,1.55,4.38,4.53,80.3,0.5,0.1,1.1,20
0.78835937618427,0.853120208909549,0.726911620735005,0.59182607818488,17.5759994397173,10.1879538317723,19.2116601442616,5.25022788144089,0.419639900416927,0.44163047392997,0.373420587641187,0.368882817622647,0.419844937519962,0.429018999306392,1.55,4.38,4.53,80.3,0.5,0.1,1.1,20
0.648735886586458,0.574756593603268,0.645584333023056,0.748921754070744,9.27827464273432,14.7492671108898,10.3027616939973,4.39128603624273,0.442975633676164,0.443916237808159,0.371343945290847,0.385782437140262,0.440959420507541,0.446796675777715,1.55,4.38,4.53,80.3,0.5,0.1,1.1,20
0.676650021709502,0.614864738399349,0.724752376722731,0.538701222761534,5.32230252757203,11.2474615359423,10.8206021121005,3.62605235864222,0.387017200812977,0.392297753497819,0.352706238208897,0.418248444281519,0.446138186640898,0.370198584400769,1.55,4.38,4.53,80.3,0.5,0.1,1.1,20
0.891082991838828,0.59302721998319,0.508215110515617,0.769849267064035,11.2163543700869,8.52775542385643,5.02922324605752,5.2944633727409,0.362840305620292,0.384420237653889,0.373287358841766,0.369078378737997,0.409010448032804,0.355190814092429,1.55,4.38,4.53,80.3,0.5,0.1,1.1,20
0.815428628421202,0.799208155063912,0.608653223957867,0.679736324479245,7.54335262127919,11.9012244954775,7.97859925354831,2.90389989586268,0.382808666636562,0.444110791206639,0.433161588649359,0.373649235218158,0.402280875171162,0.379396646093763,1.55,4.38,4.53,80.3,0.5,0.1,1.1,20
0.856939851197042,0.536578343209438,0.664719162021019,0.790870350834727,18.5125058735441,7.95042333123041,14.660788672918,2.03944531089626,0.406515384076396,0.351395192634035,0.400744946715189,0.36785339533342,0.373003225890128,0.447537241996592,1.55,4.38,4.53,80.3,0.5,0.1,1.1,20
0.551157414193265,0.657663204617985,0.814391932156123,0.610237739868648,7.09302776700817,19.9311865911167,12.4849924262171,2.02739544693474,0.356065528068831,0.372713162075356,0.39837460419191,0.351935467893211,0.443228359848773,0.397712599221384,1.55,4.38,4.53,80.3,0.5,0.1,1.1,20
0.591770316545852,0.560939507701807,0.686905221378245,0.800845571250841,11.5208222034061,12.8998367559514,7.83688893108629,2.63918187897839,0.422391713519162,0.402292342036963,0.398531916999817,0.376757394966576,0.432029477810068,0.432264075803617,1.55,4.38,4.53,80.3,0.5,0.1,1.1,20
0.732175752949901,0.56301977465786,0.50211948879119,0.661041618609987,9.06831842174986,16.0213320688484,7.23391476363409,3.77763230819907,0.449021633908432,0.365265417610062,0.440581438091165,0.375743311360525,0.402449999619555,0.365669942348311,1.55,4.38,4.53,80.3,0.5,0.1,1.1,20
0.625615935936384,0.758757886526547,0.852162223425135,0.734824251198955,11.3299023338268,13.3980855273409,17.4021058869315,3.33907263751887,0.35978972870633,0.356347534878459,0.418604808922298,0.441499226727663,0.447487038047286,0.367607680490613,1.55,4.38,4.53,80.3,0.5,0.1,1.1,20
0.559399423616193,0.884932419474795,0.74879886205364,0.674191292347759,13.4682587022567,8.97587202287745,6.70317833488574,7.95314315190259,0.44350786980493,0.386233728944277,0.444532287961151,0.406487604997167,0.384831789807882,0.431890647116769,1.55,4.38,4.53,80.3,0.5,0.1,1.1,20
0.897297847291268,0.750649167977274,0.893518814667873,0.718219372215495,19.2395745496009,18.3356123924558,17.9553050195565,7.12082160257921,0.441573855938856,0.435025439748354,0.430681986275455,0.405747174777649,0.406332058619289,0.375200395482173,1.55,4.38,4.53,80.3,0.5,0.1,1.1,20
0.741926551283337,0.864995112640969,0.866330824314617,0.685598389233276,7.02035901889903,11.0720861356542,14.4740394455241,3.54039498307928,0.377639087894,0.435686410098756,0.358899377380451,0.442021280145971,0.427045275353873,0.350330630455678,1.55,4.38,4.53,80.3,0.5,0.1,1.1,20
0.51488558512982,0.889953528815508,0.633024744795263,0.511743329896964,11.1228541267454,5.17426891261945,7.17948408898665,6.98163130382914,0.373695778491627,0.364633450423786,0.406769263753202,0.448761286525894,0.438137692774786,0.401759704299457,1.55,4.38,4.53,80.3,0.5,0.1,1.1,20
0.886111440207251,0.577631965418719,0.534895672615431,0.644520311308652,12.8323628219101,18.5567375944951,18.886953679428,7.90608941430785,0.437544966408424,0.424269591816561,0.387224186108215,0.386225592304766,0.422823704125313,0.405287738573272,1.55,4.38,4.53,80.3,0.5,0.1,1.1,20
0.7256172649391,0.790935875535384,0.792204152998887,0.654332112039812,16.2161386486725,19.2867967813043,13.112155387965,4.76241702756193,0.380884806730086,0.443700149023812,0.412423880033009,0.381690829206584,0.352847735750396,0.371260622997116,1.55,4.38,4.53,80.3,0.5,0.1,1.1,20
0.706418311462738,0.759244485354982,0.722727076583356,0.82631478187386,7.29429220252903,5.53474199893419,17.4745951553038,5.07393835344724,0.367104206398642,0.398565925364429,0.371998925744276,0.368552802450582,0.442751460267277,0.389749127552612,1.55,4.38,4.53,80.3,0.5,0.1,1.1,20
0.631624327016808,0.768862530425191,0.628779718180373,0.611365356182307,10.4058400043589,19.7790241057449,19.3423562692385,7.85098221053835,0.418195243058586,0.446776471946063,0.394674587531621,0.434726323490776,0.377200050304737,0.436852483760379,1.55,4.38,4.53,80.3,0.5,0.1,1.1,20
0.717024386190623,0.811428621043824,0.892744150105678,0.891579551527649,7.90692774732132,12.055481129298,14.4835531020467,3.61319605988264,0.412838804051606,0.423488408734417,0.409572105641337,0.42487051183423,0.38623751872112,0.353910216210922,1.55,4.38,4.53,80.3,0.5,0.1,1.1,20
0.793126430035383,0.832409051973932,0.75407560657002,0.888176304833032,12.3547602379043,10.4031810142705,16.7032714088075,5.82904920796771,0.351561029674718,0.405705655550444,0.386589466261864,0.394392843018565,0.425439997723,0.389069652957469,1.55,4.38,4.53,80.3,0.5,0.1,1.1,20
0.578950606446527,0.807031516253762,0.613101514672116,0.89971660727784,13.0828795308946,12.1662212837674,14.80981268581,7.60232670133002,0.447734898877423,0.436853039773507,0.376341838452499,0.387330027278839,0.359872347568255,0.406583534332504,1.55,4.38,4.53,80.3,0.5,0.1,1.1,20
0.769782346218825,0.512160745831765,0.775683422637358,0.585630842763931,6.1837172568962,19.3682538992609,6.77801632155432,3.50920951782912,0.429160314801149,0.430461652113637,0.432782108098501,0.354422373443097,0.414063214094983,0.411227897308022,1.55,4.38,4.53,80.3,0.5,0.1,1.1,20
0.573019484353066,0.579213951213099,0.72633775054086,0.538263107762299,17.0514537182986,7.74568804389564,6.52966636825586,7.57307172957342,0.385089220893756,0.380994260427356,0.428179849166749,0.381325778508186,0.419035247423081,0.425825041383132,1.55,4.38,4.53,80.3,0.5,0.1,1.1,20
0.724918443376385,0.521823098419607,0.681450879509561,0.790030822961964,18.4103362788539,18.7033031168999,18.8955337825557,3.11457970181573,0.428201043096138,0.412111165275285,0.365539267707802,0.434137811558414,0.38403985354295,0.389909229134535,1.55,4.38,4.53,80.3,0.5,0.1,1.1,20
0.562746233691461,0.780449292407558,0.769732844854891,0.635857539599203,8.5059257522854,7.5960365949315,7.50641459841747,5.32859264852852,0.384790885839006,0.412765788422246,0.428314513530582,0.443742997571779,0.361397004206013,0.386544441278139,1.55,4.38,4.53,80.3,0.5,0.1,1.1,20
0.801490651336312,0.813574511197396,0.646376656053029,0.802309198833443,9.77074473464629,10.0702291979454,16.8204870402697,7.99931114686374,0.355484471632028,0.387559500121791,0.444793137382623,0.40352574161347,0.399100476548029,0.357043198288046,1.55,4.38,4.53,80.3,0.5,0.1,1.1,20
0.662397188873589,0.550807194878906,0.53961785588935,0.528586570364609,15.0062995998166,7.29117459935369,19.7806462015351,6.66465406688116,0.42399198587928,0.359919507935504,0.404090544684464,0.353667353917006,0.428794815520197,0.427672606522962,1.55,4.38,4.53,80.3,0.5,0.1,1.1,20
0.701557206682861,0.735233392453008,0.859546173406206,0.540621155716293,16.3747827743064,14.4142168288631,5.42762144811917,6.29211788792349,0.428706263914984,0.403958775185607,0.405429306478566,0.401415625884244,0.390380994058261,0.372777845077449,1.55,4.38,4.53,80.3,0.5,0.1,1.1,20
0.564557673966512,0.82188246677313,0.530085260629654,0.689127920186706,10.7734680127981,14.291367222995,13.7996980817569,2.29981407787092,0.407836515642982,0.392898578063911,0.404639125286834,0.419550110539235,0.386977824014751,0.429572749271523,1.55,4.38,4.53,80.3,0.5,0.1,1.1,20
0.728444810223021,0.801485559591092,0.52560294973664,0.61485741210673,8.76465964743635,11.69710589814,5.7661934745987,7.77479221282434,0.434773391670734,0.4406737907161,0.392207299884828,0.445195383210154,0.350886860319274,0.359883211890515,1.55,4.38,4.53,80.3,0.5,0.1,1.1,20
0.67316294863224,0.717110186902806,0.689040033259802,0.655477311125584,7.70870270421961,9.66163255189778,8.74184807876824,4.56720331987087,0.362184097618796,0.443270465013664,0.441663042580523,0.404441853920743,0.367360576512851,0.433886066601798,1.55,4.38,4.53,80.3,0.5,0.1,1.1,20
0.524847589848004,0.571159329933487,0.51595437535923,0.648351136522554,7.85861916437512,5.63292449019617,10.7837556363572,4.41062285286468,0.41670859590848,0.361466896013962,0.391746677545831,0.365571049607219,0.35608811854599,0.400764361891151,1.55,4.38,4.53,80.3,0.5,0.1,1.1,20
0.593617025081255,0.684068499091081,0.551193602975085,0.501726929664426,10.0193449484324,9.47721420119284,8.21388347635278,7.04696587834414,0.425765688540274,0.410012732629525,0.393366218679398,0.388894669551123,0.363485361216962,0.373838698971924,1.55,4.38,4.53,80.3,0.5,0.1,1.1,20
0.81727901508566,0.545230501648225,0.528205934718065,0.893491460367106,18.3611230389075,7.65142434812617,9.9689230914833,2.57612666801363,0.410304342171131,0.354119920530356,0.40100942595033,0.351768155802414,0.356236474563368,0.39610321665979,1.55,4.38,4.53,80.3,0.5,0.1,1.1,20
0.657158988110721,0.836466127479635,0.818395995786786,0.804441182170063,9.58780550544616,7.81250100091798,10.5475037692813,6.60401109292451,0.385209394767694,0.44714648427167,0.372780684842868,0.412573817832116,0.352567131527886,0.369792081155907,1.55,4.38,4.53,80.3,0.5,0.1,1.1,20
0.60588803980574,0.741330149956979,0.554542920073308,0.633987730739266,8.68061769939726,14.311913972795,13.6935302745923,4.74144999908563,0.423392539791856,0.385368922561314,0.401867832811736,0.413019806371676,0.410303629001649,0.410845535657648,1.55,4.38,4.53,80.3,0.5,0.1,1.1,20
0.713595532750152,0.562064226318151,0.721430840714462,0.574598484998755,14.2525807432807,19.2753627146198,11.3942669556872,2.56136504136585,0.374346112269722,0.403175831202138,0.446640580771118,0.419240434028674,0.446899877706869,0.439314449443389,1.55,4.38,4.53,80.3,0.5,0.1,1.1,20
0.518689998482913,0.747147438202053,0.663868122330494,0.809517001353204,6.71032191750361,11.3436877444526,14.298925220184,2.91680163469072,0.427135213011177,0.413267326070508,0.40360160464067,0.415560017015552,0.390189406206412,0.447999261850212,1.55,4.38,4.53,80.3,0.5,0.1,1.1,20
0.522508748338372,0.603039031424001,0.801373509277776,0.549287094637752,11.2689194168616,7.43659374530427,17.8586536990851,3.9905150700165,0.420485843451833,0.436541588627361,0.35155728654447,0.407040942550125,0.371130491710873,0.366277226405684,1.55,4.38,4.53,80.3,0.5,0.1,1.1,20
0.81265008376874,0.689963120288029,0.567246749542095,0.554917197204381,15.9862777771009,9.00335827616043,9.06590508940164,4.8578347836677,0.426211640136596,0.352828923548246,0.448439196709543,0.351047338581458,0.385529450380476,0.388128885785444,1.55,4.38,4.53,80.3,0.5,0.1,1.1,20
0.523561484384909,0.725434459585883,0.626577919783816,0.844520359173604,10.0048993500834,11.4722367420723,18.1880745195155,5.38060057183448,0.421456109826826,0.363259026893228,0.35284460284668,0.435619823796675,0.355437635970162,0.447666083022999,1.55,4.38,4.53,80.3,0.5,0.1,1.1,20
0.835486652396992,0.582449611687474,0.822622613679804,0.871982477531955,17.7678485086281,14.4636054228549,8.43881292405771,2.43499868430663,0.368315914669586,0.352599036321742,0.389066779199522,0.358223303582473,0.368389390952885,0.430687564882217,1.55,4.38,4.53,80.3,0.5,0.1,1.1,20
0.569376290849783,0.856891763635352,0.858796063737012,0.75876185342148,10.4637855236232,9.61420678928494,19.413895561602,3.33061314106081,0.442263972901832,0.370192344878102,0.447983177957311,0.38428476337092,0.423648240330676,0.396669432357792,1.55,4.38,4.53,80.3,0.5,0.1,1.1,20
0.505290621605329,0.610320961461216,0.811190782425739,0.719107756485418,13.3438031557458,6.02111380201764,14.5785203278647,4.38682970433217,0.433433878256986,0.426029849613085,0.446036679701973,0.386812393656094,0.437698845571978,0.426857491562935,1.55,4.38,4.53,80.3,0.5,0.1,1.1,20
0.770725563259609,0.564448655672744,0.719006506160647,0.632560673934035,19.9178429282666,14.940720202371,5.28394165291218,5.04592901634052,0.393979431136511,0.358481395175168,0.421047666294081,0.399656216214364,0.371769061698113,0.449090887090424,1.55,4.38,4.53,80.3,0.5,0.1,1.1,20
0.641278439399041,0.722535702209733,0.64354008822497,0.878110370521434,7.12603065752424,8.8679788479954,16.0850474958657,6.40419646767806,0.447978654073831,0.440350808564387,0.367344167050347,0.395896000386076,0.447708021059074,0.39567930579083,1.55,4.38,4.53,80.3,0.5,0.1,1.1,20
0.707948551550694,0.878361266329885,0.562267586275376,0.745805957182497,6.86226659775945,12.9893512952933,18.7263390713441,3.17495300935302,0.378934452028619,0.438711426962679,0.431050835262938,0.369666902022855,0.431784910776932,0.38409038103153,1.55,4.38,4.53,80.3,0.5,0.1,1.1,20
0.690481292316876,0.60740895358678,0.835307920366898,0.63919217152819,7.48964029364986,9.640042515432,9.64382100942545,2.19272653323319,0.406766564139538,0.449840718450537,0.439600932032149,0.437110699188244,0.399873190596327,0.432099991966179,1.55,4.38,4.53,80.3,0.5,0.1,1.1,20
0.840697373235971,0.685460887610354,0.596247049163096,0.729184308971278,14.9468959535076,5.28035998790991,13.2533592780307,6.03229124160856,0.405281732870918,0.438312161069969,0.437329501718003,0.428471016618097,0.388661045465618,0.404484428042267,1.55,4.38,4.53,80.3,0.5,0.1,1.1,20
0.75397030334305,0.548921706104651,0.845832196144573,0.696177293553576,17.8486655263999,15.2072856484237,9.36653577552875,2.83941100148205,0.402055594324553,0.42945725664217,0.378545495951688,0.421911668081069,0.420403618912073,0.358908298133034,1.55,4.38,4.53,80.3,0.5,0.1,1.1,20
0.514163684904389,0.803323260193318,0.520926198501699,0.763349446061067,18.2429560274608,6.73591559266439,15.7288101224066,3.07390070235916,0.353174310305249,0.372174505036557,0.385644030233519,0.405856969779124,0.426810083020199,0.366802966859331,1.55,4.38,4.53,80.3,0.5,0.1,1.1,20
0.530474153592251,0.523408410648257,0.876666923342273,0.566464126935042,9.21176822559442,16.85345398871,14.6459695017641,5.18450440254994,0.422481907655811,0.364529881792096,0.42557213678835,0.364799438751349,0.353314753404679,0.418389221670013,1.55,4.38,4.53,80.3,0.5,0.1,1.1,20
0.622509253901802,0.70828752516713,0.808609200385585,0.721181098586507,17.521307599796,14.2510613353387,16.335573462327,2.93109381193854,0.380663265665295,0.360271682841657,0.393755297439126,0.377435585258622,0.383942001136951,0.386862012104178,1.55,4.38,4.53,80.3,0.5,0.1,1.1,20
0.731387415057793,0.634906630043313,0.547266026517563,0.586783957486972,18.5516737526935,7.84466818693094,9.86828491350869,2.98594074302167,0.445994733124319,0.430001576812146,0.384963800146198,0.368330265730899,0.40844758813628,0.371570094530704,1.55,4.38,4.53,80.3,0.5,0.1,1.1,20
0.750691473010928,0.778893342246674,0.875338784698211,0.65240026776176,13.5155534083373,8.19420645216713,11.8686631656741,3.3576848648442,0.411886676424602,0.350133570706937,0.41886866853321,0.435110078572528,0.374634224427352,0.388313875625003,1.55,4.38,4.53,80.3,0.5,0.1,1.1,20
0.545257770019211,0.810667857127637,0.773826030634157,0.557287777844071,5.39392721399665,19.3714537374838,10.2677179975552,5.5897023847932,0.430457206740091,0.38693540407992,0.430881158320932,0.375501368671982,0.395023431936977,0.421532654876122,1.55,4.38,4.53,80.3,0.5,0.1,1.1,20
0.520077877525426,0.644387507477589,0.649669659655728,0.764701601123996,7.59284968587104,16.3320138037461,17.7164392832946,4.4222361237295,0.36957072624974,0.41990294584427,0.368390147429099,0.420036327666976,0.358200398758799,0.436200647207489,1.55,4.38,4.53,80.3,0.5,0.1,1.1,20
0.879452921200358,0.665056302319281,0.568114741172642,0.723457294453681,5.48799104241887,14.61869483836,12.7703988225479,5.20204106170777,0.372855386512633,0.429607055034349,0.409666935686814,0.435237298081489,0.403727571247937,0.371989786428399,1.55,4.38,4.53,80.3,0.5,0.1,1.1,20
0.516355048003979,0.872146479324065,0.596982546476461,0.847931340319663,12.2355390196876,11.5380348117626,12.8755876196362,6.2326600095667,0.373288456889149,0.373086972219823,0.370901851312444,0.435400249226857,0.400203657909948,0.367948699362483,1.55,4.38,4.53,80.3,0.5,0.1,1.1,20
0.743420558514819,0.599546789935045,0.5138799326526,0.848853456104547,9.49299593990203,17.8910996744549,15.0007859300496,2.13940526241343,0.374127364946529,0.368800841779774,0.419055213529477,0.374257704322133,0.38359445296186,0.391600123278843,1.55,4.38,4.53,80.3,0.5,0.1,1.1,20
0.628407941054925,0.771331462709419,0.753341823977232,0.732149708740227,9.11318011954427,17.9632007096056,9.59435643630335,2.51036613125633,0.431160160898883,0.369968564852187,0.380303234256757,0.445722555201454,0.391685673229117,0.406163210829161,1.55,4.38,4.53,80.3,0.5,0.1,1.1,20
0.792402689658292,0.786706887097284,0.838725735278241,0.666886473299749,6.9999406197574,5.55203192654066,19.1698604056868,5.57771739077196,0.363922884919355,0.392627607369516,0.447143649227126,0.395376953276945,0.362361174938967,0.357393202312337,1.55,4.38,4.53,80.3,0.5,0.1,1.1,20
0.874328569472581,0.618793584438413,0.711242513108999,0.894559908222407,7.16481590543408,12.2829007167742,8.24894825518131,2.05735856362153,0.405045420134719,0.445818434481276,0.418250879009534,0.38358254738641,0.389949509927118,0.421654698245693,1.55,4.38,4.53,80.3,0.5,0.1,1.1,20
0.784688953464665,0.617335301468708,0.800585889199376,0.777337559976056,7.68669016899075,18.4104173246422,13.936693983369,5.7629894349426,0.353519070777297,0.414189950895635,0.421927621394722,0.396613052242622,0.38619932532683,0.415772819824656,1.55,4.38,4.53,80.3,0.5,0.1,1.1,20
0.501506621398963,0.575440194026567,0.50464934237767,0.862094385112636,7.84473233039491,9.39728663715068,5.04182528777514,4.50787235989235,0.4016823879031,0.405584371308237,0.388954383889353,0.385465220982255,0.440799189052824,0.367336756946333,1.55,4.38,4.53,80.3,0.5,0.1,1.1,20
0.863662552233227,0.672731743515283,0.640847115214728,0.811722678850591,11.9862318277964,6.93389485980617,19.302319336012,7.80018830581848,0.388401028571418,0.412462433866086,0.383412200206518,0.384616515530227,0.360425168226706,0.448890046848776,1.55,4.38,4.53,80.3,0.5,0.1,1.1,20
0.59098170272056,0.7179392072808,0.66917246690765,0.693888101349771,18.6795727896434,16.6415671647992,18.6336010424653,7.00976352210622,0.387893125259457,0.376937712365482,0.389272731112549,0.421269469185267,0.357968568644114,0.374497595876642,1.55,4.38,4.53,80.3,0.5,0.1,1.1,20
0.76869570111204,0.600496714964137,0.574185380034894,0.735934143584594,12.9130187480664,16.1955934324465,19.9048371770233,6.87231089768559,0.406031621525716,0.431563205438666,0.43224378366936,0.371425529387314,0.430865655323956,0.4125818233361,1.55,4.38,4.53,80.3,0.5,0.1,1.1,20
0.669916373315826,0.854224331526831,0.6034660210656,0.741052634766512,6.56309969732072,11.1112864771951,10.404621108328,6.34260905939527,0.361901148392307,0.449656339630252,0.383911648546485,0.443170561223477,0.425961860318389,0.381791448331391,1.55,4.38,4.53,80.3,0.5,0.1,1.1,20
0.64676201763507,0.531255712196231,0.644791988175735,0.660660803438537,19.8696959585068,19.4403323242068,14.7286469154037,7.34905927304178,0.422745311552472,0.357873247392289,0.352399193958985,0.365308961836807,0.361758765504276,0.401167877593031,1.55,4.38,4.53,80.3,0.5,0.1,1.1,20
0.640125192371197,0.651321204679273,0.564449442892522,0.737836347549967,9.70267200403614,12.828904052428,10.9249716417864,2.53024103205651,0.395884464329621,0.442342458256474,0.389617921570409,0.395062847864488,0.389752870676294,0.408813105270965,1.55,4.38,4.53,80.3,0.5,0.1,1.1,20
0.874874086804315,0.553574257572554,0.565794825357944,0.54298000653591,6.32836358573753,6.00880436732899,13.7589140066993,7.58134217995871,0.386287442905689,0.434647151507996,0.423662655776972,0.440538390522636,0.387104229263728,0.354450527646253,1.55,4.38,4.53,80.3,0.5,0.1,1.1,20
0.891241205828823,0.572393792218529,0.731654773117602,0.525965257134847,7.95797416910762,18.7762393992371,5.3324029998784,2.15775461436249,0.380337846413767,0.375765701838071,0.357878197202878,0.426583063849434,0.448572776102461,0.399347073038528,1.55,4.38,4.53,80.3,0.5,0.1,1.1,20
0.508641022008471,0.546358019129932,0.54985107458178,0.550851372781955,18.1423752863728,7.14802586662583,10.4892435184307,6.93908037778456,0.447588483227696,0.40972449037442,0.371406730306614,0.436713492171932,0.369862781480607,0.406320664725592,1.55,4.38,4.53,80.3,0.5,0.1,1.1,20
0.555656642497517,0.888217415474169,0.695893618393317,0.819962128978595,19.6397409464559,7.50464139394928,10.8116434911941,7.88668498411402,0.417849117930885,0.406631685670605,0.352598518635985,0.352376023262227,0.36190220935517,0.379839905349165,1.55,4.38,4.53,80.3,0.5,0.1,1.1,20
0.714564412850887,0.851220598536916,0.825868374464847,0.632845892122388,14.0191500145663,18.5877408166765,8.0446098469873,6.01999885107298,0.386079645049991,0.353874481093604,0.366846555619547,0.422320918758074,0.389034462485043,0.4021123067874,1.55,4.38,4.53,80.3,0.5,0.1,1.1,20
0.552017612076737,0.896067657852359,0.50248051010035,0.873710414616577,12.5789642636781,19.1326205982198,14.9677432447788,4.1381928718118,0.357065831199847,0.439109002131689,0.414059186917171,0.411483781194547,0.366830511099845,0.37171059185802,1.55,4.38,4.53,80.3,0.5,0.1,1.1,20
0.694499137429334,0.655565804856643,0.599627925363183,0.891018596313335,5.25914854820818,10.819104082475,19.487929484488,7.18473823403195,0.365075362017006,0.437121428541141,0.408298136389023,0.418646028353693,0.394309988668608,0.370414590321574,1.55,4.38,4.53,80.3,0.5,0.1,1.1,20
0.777771650823951,0.784405843404681,0.575418276854605,0.86497426230181,8.64719852098962,7.48664150112309,6.06329032569891,5.71816180470493,0.36593512681406,0.355366249056021,0.408442521063471,0.37304746411168,0.412772731360467,0.38856116552013,1.55,4.38,4.53,80.3,0.5,0.1,1.1,20
0.68362396006193,0.892008969331346,0.854958731517568,0.641274386638775,10.0726508777053,12.2321370082209,10.7195348493382,6.05889416573197,0.368869655065006,0.357543194066035,0.407202485759882,0.367692999639967,0.418661921218131,0.374679868888808,1.55,4.38,4.53,80.3,0.5,0.1,1.1,20
0.881472732930444,0.52403873264268,0.885951779313758,0.842124441036582,7.34160785298096,16.7723311095079,19.6525707471487,4.23847388013545,0.437881804801896,0.391135900077364,0.386854890719056,0.422706813648623,0.449860394546995,0.360069809249509,1.55,4.38,4.53,80.3,0.5,0.1,1.1,20
0.769522828488797,0.611938970038667,0.843086238244921,0.857953104226291,7.76580397933023,13.954388393187,19.0417727561272,2.46714955241792,0.423010123499064,0.432890792195732,0.418134726185165,0.424768935074424,0.415407903678808,0.403596661402332,1.55,4.38,4.53,80.3,0.5,0.1,1.1,20
0.604386168507859,0.629874543539435,0.675259006959386,0.584685673487187,17.1006264787167,10.5392565700132,13.0369309693319,5.27567658601794,0.367831190545065,0.394648961860267,0.370238313797908,0.365060703787394,0.385774633008428,0.449491989612393,1.55,4.38,4.53,80.3,0.5,0.1,1.1,20
0.562119537380524,0.715944560548104,0.787035162831843,0.613857811784558,7.97188577875728,8.37477405794198,10.3218963678298,7.61821604325343,0.443103850313975,0.396498875785619,0.394898359413259,0.403866873142356,0.411953031855589,0.424589691857481,1.55,4.38,4.53,80.3,0.5,0.1,1.1,20
0.613093869312294,0.829941360402294,0.63006930719018,0.529304276080616,14.0543950059405,14.902934361801,6.53382845490007,7.41191670908686,0.419001241020765,0.429832156995777,0.4105950437258,0.398353059168579,0.439116647452768,0.362458637844073,1.55,4.38,4.53,80.3,0.5,0.1,1.1,20
0.581642700322345,0.610477525820583,0.725003592316248,0.814547825261764,13.1856111932336,9.9206582265324,10.203312390158,3.97838082695566,0.392357770134648,0.428998591687577,0.381728263051389,0.379492348970659,0.400074508388946,0.3955930317258,1.55,4.38,4.53,80.3,0.5,0.1,1.1,20
0.833248481223174,0.528010488127172,0.605451275434159,0.835088085702621,13.8724840924959,19.9449409377179,16.401080451298,2.47062664863095,0.414570940509439,0.394984463529196,0.420381623587338,0.418524262763187,0.429434465628956,0.35089378915038,1.55,4.38,4.53,80.3,0.5,0.1,1.1,20
0.556943558495492,0.533084983497858,0.654420466887578,0.687762236286886,15.1418163257139,10.445720918118,18.7006041432964,6.45408948081546,0.431822490519192,0.359207937065465,0.365094154869439,0.356745538139902,0.449089412573399,0.35619789185971,1.55,4.38,4.53,80.3,0.5,0.1,1.1,20
0.883123460864276,0.650303652926721,0.853072749159299,0.506603937413544,7.20745746816741,13.2038195153885,7.40114051627461,7.6918462656606,0.439243792125583,0.407820690087276,0.394352133990452,0.420894419265492,0.379041385204112,0.416528873765003,1.55,4.38,4.53,80.3,0.5,0.1,1.1,20
0.65386976328548,0.62209881532453,0.638373770888709,0.844893508561514,19.8937112874794,13.5739568989072,13.0454306113091,3.70629871503171,0.413787960301526,0.432059749736032,0.399447192081064,0.38072764415564,0.422653608833626,0.414519625937287,1.55,4.38,4.53,80.3,0.5,0.1,1.1,20
0.846834287088551,0.624452196806297,0.801804030920379,0.546245924286172,6.11281619030051,17.1322247073799,9.15687323966762,6.73902933115233,0.35273296451238,0.432655904774182,0.359173477200652,0.447479828733672,0.408238612248842,0.448191412830539,1.55,4.38,4.53,80.3,0.5,0.1,1.1,20
0.892200461133383,0.60328660880588,0.527300505639985,0.589340788614936,11.7732932181796,18.2610410026112,8.92996494692983,2.89280073516443,0.443909420335107,0.425324072696641,0.449633313505864,0.37993876596042,0.371307989093848,0.378708493565582,1.55,4.38,4.53,80.3,0.5,0.1,1.1,20
0.722712680194899,0.72412685745433,0.837953815802187,0.817534739558958,18.5850994123728,19.1953031754517,14.1139841529797,4.95904405398853,0.36268819879787,0.424658473810647,0.432948900456121,0.378718215866946,0.403043261806248,0.423664860378113,1.55,4.38,4.53,80.3,0.5,0.1,1.1,20
0.62163152633328,0.810262638874911,0.578239831064828,0.809959584134445,5.90060140911723,5.66749221362406,12.1986591449031,4.01592140171211,0.392679734019609,0.359157966287574,0.442639406748163,0.389024433232937,0.430505215705559,0.412682451250125,1.55,4.38,4.53,80.3,0.5,0.1,1.1,20
0.51025924415309,0.544140205681324,0.840397604492121,0.684343313105963,6.60889874512097,18.031074498496,5.60131564064883,3.66918000511639,0.408577931684814,0.398164082111372,0.366722936677281,0.397742252975516,0.366275285652047,0.385172357531777,1.55,4.38,4.53,80.3,0.5,0.1,1.1,20
0.636899255278707,0.606653231165372,0.774851271308027,0.886054627399892,7.14785074691754,9.89865199950291,9.4366350385081,4.55534756513499,0.401226453590021,0.430913045938173,0.369257160574384,0.410163721837755,0.426685669337073,0.395066786676412,1.55,4.38,4.53,80.3,0.5,0.1,1.1,20
0.594443137638644,0.777610815973394,0.762267487476207,0.524020500826836,15.7641766901361,7.16302973588696,18.1221677681198,6.83700926051009,0.435164143187786,0.369789391731191,0.369182957634656,0.416827348567965,0.363039269047044,0.388808655244298,1.55,4.38,4.53,80.3,0.5,0.1,1.1,20
0.69564062428698,0.739808843023144,0.761283849659748,0.553899561373517,16.108093399154,16.227242563304,19.9445720384596,7.15675291523244,0.410456221590657,0.410402458889736,0.428591049739206,0.355444668850396,0.394083451573271,0.432498674491141,1.55,4.38,4.53,80.3,0.5,0.1,1.1,20
0.782516364604421,0.557457195063494,0.86798902207166,0.820356878914125,14.2764608943183,11.4006700821524,16.0072244834085,6.69884078707267,0.371722210592404,0.38079078620798,0.426716306208819,0.449777572936751,0.401283020678442,0.385798650739714,1.55,4.38,4.53,80.3,0.5,0.1,1.1,20
0.882225652286224,0.897395734366775,0.635156916526333,0.523344809720665,7.63869243558031,11.3010723873414,16.3929524975596,5.32124721091799,0.440689882669505,0.390839042455424,0.387078973066527,0.378895440111076,0.391326675817929,0.397154800587427,1.55,4.38,4.53,80.3,0.5,0.1,1.1,20
0.667446326342598,0.521331710979715,0.750553021528013,0.67252469758708,12.4308512890758,18.8424222272215,18.5640203536348,4.60105523323827,0.41546787032173,0.363899322350742,0.445097411911655,0.449992062362004,0.37649271823517,0.376924487528671,1.55,4.38,4.53,80.3,0.5,0.1,1.1,20
0.546825538592599,0.591489549884573,0.516167573351413,0.509571927767992,11.4503151709307,12.1940884631313,8.62036964902189,3.19076279157307,0.351190173397167,0.440965609129611,0.417458191013057,0.36201722720284,0.355249649877474,0.43175434848899,1.55,4.38,4.53,80.3,0.5,0.1,1.1,20
0.757060023453645,0.628814274814539,0.634164724383876,0.89827458652202,14.1941905518784,16.146392734244,10.5636072807736,4.52376018478908,0.440507033711765,0.428168782262039,0.438491175279114,0.434995221407758,0.381095632386394,0.413539581585676,1.55,4.38,4.53,80.3,0.5,0.1,1.1,20
0.582975118432567,0.569482863463648,0.882499969882891,0.728007186028361,5.10006494457601,9.02592103309697,9.33739197018091,6.42575640461501,0.382616615151754,0.437978744118428,0.415485549052386,0.436060046480922,0.396088529452123,0.417162340110214,1.55,4.38,4.53,80.3,0.5,0.1,1.1,20
0.644684184087068,0.602301692157239,0.500042358207144,0.768562318465114,19.0675821582857,10.694545957807,13.5064795937412,2.25099499423336,0.445540000275057,0.448486379867932,0.436538301698677,0.429401804221189,0.448687978284108,0.408683446446061,1.55,4.38,4.53,80.3,0.5,0.1,1.1,20
0.599637727068923,0.738437153550796,0.763043212457933,0.618943742224388,8.25347779236967,15.0535731764603,14.3835740167904,2.71211436639633,0.44678985229726,0.421181980897067,0.365250930154789,0.386409701325744,0.437037020784337,0.402622916872008,1.55,4.38,4.53,80.3,0.5,0.1,1.1,20
0.799888233166002,0.820203651127592,0.860336337862909,0.625127382133529,15.4563447556086,7.67654295183718,7.52875839916524,4.62609542950057,0.417344046280673,0.411083746907953,0.375173353925999,0.406804396771779,0.434237727638893,0.410531733992603,1.55,4.38,4.53,80.3,0.5,0.1,1.1,20
0.583727780884132,0.796437853935734,0.658401384332031,0.85273287113402,16.6678153513884,19.0673070357321,7.81102908699075,6.68246108114068,0.376245782278618,0.364297708486021,0.359697725095414,0.382333460949315,0.397352239727741,0.43435498793372,1.55,4.38,4.53,80.3,0.5,0.1,1.1,20
0.796361903116293,0.767968798831664,0.588887240619026,0.892683825132996,18.9901191949495,5.24958685519407,6.86744661296951,3.44337098685652,0.367560765746143,0.441961301831016,0.428648686330905,0.384183067397447,0.426328688925691,0.408161788574047,1.55,4.38,4.53,80.3,0.5,0.1,1.1,20
0.664446240452118,0.625648659860902,0.758141420435533,0.547999240881763,17.9390455049975,10.654611213007,10.1162108467845,6.63387147734035,0.372540404874226,0.35506968178614,0.447220241783932,0.353988189416751,0.379344239364099,0.430265066873329,1.55,4.38,4.53,80.3,0.5,0.1,1.1,20
0.709975252033211,0.664080458847992,0.600288408734463,0.799579877790623,16.9153901325492,8.11167350240983,8.55285216789926,3.26459052537009,0.374745744296908,0.425180636364035,0.367009508014005,0.396173678611312,0.378143060746789,0.416813441288564,1.55,4.38,4.53,80.3,0.5,0.1,1.1,20
0.744624537388049,0.823255303147622,0.673556198655628,0.805800445550308,11.1924394043465,19.1755290863616,13.710829025046,3.43534216000419,0.415016557465913,0.416633392727794,0.402378968541184,0.412391723678866,0.411073017320083,0.383937307454087,1.55,4.38,4.53,80.3,0.5,0.1,1.1,20
0.642409967918322,0.589082950279303,0.691258235045709,0.882302259308286,6.95978704475565,8.13825762710068,11.0253153807693,3.49547245124634,0.443346026578499,0.43748427972747,0.426598109322041,0.419166120442189,0.353444072457962,0.386174616829446,1.55,4.38,4.53,80.3,0.5,0.1,1.1,20
0.610470063129626,0.558165301647224,0.819725498103909,0.677119292465039,18.8240754488995,5.36999525488354,18.383821665796,5.87576471421961,0.357337193861231,0.433965937123029,0.361829611596651,0.432442504491564,0.38741876881551,0.401340618704911,1.55,4.38,4.53,80.3,0.5,0.1,1.1,20
0.823576030424796,0.727573452340253,0.795620167590305,0.765239683103375,13.2154302531388,12.4741611807002,10.1773457324528,3.13770645790454,0.365373377398495,0.366969164241431,0.444842819869239,0.404822980518918,0.353609432208864,0.352866794041498,1.55,4.38,4.53,80.3,0.5,0.1,1.1,20
0.518351432704367,0.780828262896277,0.766400166838057,0.683782932345755,11.579770158804,13.5267411951837,18.411682648391,2.78359960433003,0.433709717196086,0.446147043711832,0.354429186868202,0.400864151469991,0.382775404572068,0.421070112963207,1.55,4.38,4.53,80.3,0.5,0.1,1.1,20
0.611466091809422,0.833706154433079,0.621723665204272,0.595691912225075,10.970355288689,15.9200248331693,15.2722129982663,2.12894323312491,0.373884351111762,0.407572114859289,0.404473738956125,0.425070494540781,0.3988280585445,0.363802937505255,1.55,4.38,4.53,80.3,0.5,0.1,1.1,20
0.529078160385974,0.678143956637941,0.777301799774915,0.637344026165828,18.4580328048859,12.2294820196531,16.9860701940977,5.14529948867671,0.352981190148881,0.438463019354129,0.415344419569662,0.360930744111864,0.369722171009379,0.445014913763944,1.55,4.38,4.53,80.3,0.5,0.1,1.1,20
0.563727775598317,0.788970220664889,0.898193548899703,0.615855120474473,7.51624939700589,18.8283359920816,6.22871983855031,7.8578693929622,0.386625518035935,0.418454263361124,0.393051140317321,0.392979025057284,0.425125289783813,0.382370039912499,1.55,4.38,4.53,80.3,0.5,0.1,1.1,20
0.854134236565046,0.702665876087546,0.743269113359042,0.815202999737673,15.5699087072979,14.0959617175907,19.7509130866895,5.44179706238024,0.361787514221761,0.38907755633588,0.395904305237299,0.384564561514463,0.444788444821211,0.398494418361271,1.55,4.38,4.53,80.3,0.5,0.1,1.1,20
0.787049446767941,0.571384713001549,0.812625206578895,0.759826655242033,14.6918039086577,19.8176081555407,7.03185537294485,6.2553175307205,0.436107118802844,0.375189976718044,0.374473888742132,0.366776787827304,0.44702188861426,0.368755869351933,1.55,4.38,4.53,80.3,0.5,0.1,1.1,20
0.734530323711597,0.654975634088181,0.719654964299128,0.788586820601672,10.5615262199822,19.7408998454432,12.2627874975651,5.09018162330519,0.436948950998951,0.408778901074454,0.392587076894101,0.356321731438255,0.445078391346987,0.398242636491917,1.55,4.38,4.53,80.3,0.5,0.1,1.1,20
0.807449539001659,0.51129380358085,0.789344019519724,0.832576471610181,5.44776734234765,9.15844089906895,13.2424646649696,5.46456723233685,0.44495316487411,0.423762955319882,0.443082811741112,0.398101615873445,0.359662385194842,0.40376231319448,1.55,4.38,4.53,80.3,0.5,0.1,1.1,20
0.550376553874835,0.518916096572764,0.54812481328547,0.601487293630838,12.024732690095,10.0295492576621,13.3765650242521,3.03906043518055,0.363184992204187,0.384322658399912,0.445261259664642,0.407599765184755,0.438842729246616,0.413355324027408,1.55,4.38,4.53,80.3,0.5,0.1,1.1,20
0.860480633360706,0.587073884352297,0.83122398594413,0.570245742365904,15.7816014402779,13.2693681767723,17.1464130273182,3.38104100346752,0.396385436029499,0.449266369660897,0.397218137917621,0.367080265614064,0.435085189133324,0.35044350919635,1.55,4.38,4.53,80.3,0.5,0.1,1.1,20
0.74911208083313,0.838043707716093,0.893633593136259,0.893720749737509,18.8754340913473,8.65144700207515,5.888660960251,4.36962037211657,0.355009564621886,0.402145926285675,0.417886572958063,0.424567167183338,0.402705034967139,0.422313367271563,1.55,4.38,4.53,80.3,0.5,0.1,1.1,20
0.671395499945059,0.795868355746754,0.765340553208254,0.535641897366196,10.3719584940583,17.4047442822717,10.0131051804824,3.31066804172099,0.364758932778286,0.398913514589286,0.43437608686653,0.402871961152973,0.419560249053035,0.396395166708482,1.55,4.38,4.53,80.3,0.5,0.1,1.1,20
0.868361110198498,0.845457265551761,0.532563591453619,0.856890870025568,11.2979013020499,6.96354210280813,14.188813580838,3.55080478512868,0.438665852189809,0.361102554875519,0.435439519915637,0.393304912586557,0.396890408876073,0.366166684293468,1.55,4.38,4.53,80.3,0.5,0.1,1.1,20
0.741325790639594,0.840838027823716,0.538727200468443,0.878430163467862,6.23948531521251,6.51600526556373,11.7632605236676,3.6418572830772,0.352244247494172,0.362788438006584,0.376886154300999,0.431243827081006,0.428878263579262,0.382043399430858,1.55,4.38,4.53,80.3,0.5,0.1,1.1,20
0.610368408986554,0.551564643101208,0.507860068699904,0.513886464323104,10.9205810529855,14.5402299747453,17.0660651175655,2.32074129713234,0.350377079457883,0.378219610744016,0.431207391174091,0.390090131449886,0.418163577706134,0.427559981080098,1.55,4.38,4.53,80.3,0.5,0.1,1.1,20
0.720858391282335,0.525134348829091,0.557577782065608,0.537357165244408,16.0240959962574,16.8906194704608,12.0464226632239,3.5164169595046,0.421717319884198,0.421730199359637,0.391125949262874,0.416392092656856,0.395319426333485,0.431402888538642,1.55,4.38,4.53,80.3,0.5,0.1,1.1,20
0.806347476919927,0.703396408053115,0.704391737422347,0.889516947832331,17.2455824195268,16.4140754117351,7.65021009149961,4.05521966276783,0.413927283370541,0.442196405671071,0.42404066027645,0.43107079280098,0.418967532342579,0.447376417648606,1.55,4.38,4.53,80.3,0.5,0.1,1.1,20
0.751325742231682,0.547828753174841,0.868945147730969,0.510597937958129,11.8730061114649,19.2357306106226,17.6246602288517,6.16438011689205,0.416101307229372,0.410280932612065,0.352041830940405,0.360556697522057,0.416436534055602,0.386648533429718,1.55,4.38,4.53,80.3,0.5,0.1,1.1,20
0.598928693602234,0.61667635860648,0.888582414973527,0.598191883684881,12.7274233918893,16.2953317860072,12.4229549951525,7.41585088288225,0.409975831545843,0.420309457176132,0.416939614459779,0.40370355376103,0.35072943990333,0.356473343165359,1.55,4.38,4.53,80.3,0.5,0.1,1.1,20
0.74617014817074,0.863618828963675,0.847454137232527,0.726022259675898,6.46726328179939,18.1264820432407,18.2113184113894,4.15296370986942,0.418410593668837,0.385500705793779,0.42895600069873,0.44581262248829,0.4394450250261,0.352467749574594,1.55,4.38,4.53,80.3,0.5,0.1,1.1,20
0.60686655706726,0.74777668365743,0.671803836798109,0.767717300112918,17.4974937434378,7.1080203099642,6.04745279968251,5.44605275325477,0.392468317429628,0.372388022165559,0.438735012168763,0.35584648614102,0.40533193138144,0.440841764814034,1.55,4.38,4.53,80.3,0.5,0.1,1.1,20
0.681950786732137,0.656623759733327,0.878153090637922,0.531307107201405,17.8771883662744,12.3608024444873,18.0120467898948,5.55802652115747,0.390364586740593,0.362910976082971,0.414394145100471,0.41503643649444,0.367119922356494,0.351281750755152,1.55,4.38,4.53,80.3,0.5,0.1,1.1,20
0.556227485602349,0.81540403154809,0.835183301424794,0.691712541648187,13.2780928952224,5.30728885688353,5.82598866614746,2.85140226056799,0.379853485423978,0.374311838465184,0.397416902775085,0.445560004724516,0.444842459632969,0.448620526817301,1.55,4.38,4.53,80.3,0.5,0.1,1.1,20
0.560693330881,0.694898128198832,0.540166614636965,0.866730254803971,6.03610165139427,8.42263724200427,13.9541707420396,6.97917106486298,0.381006593838986,0.358926350631425,0.412286676233541,0.425410159542877,0.3851569539255,0.438535785428248,1.55,4.38,4.53,80.3,0.5,0.1,1.1,20
0.686333310250379,0.891082410670444,0.88507991789449,0.517589284861088,7.81920124122873,10.384338794651,19.1167244561785,4.66998433191795,0.404410112845805,0.370608924663346,0.362530717850663,0.430437631740281,0.382285540476628,0.429692388104554,1.55,4.38,4.53,80.3,0.5,0.1,1.1,20
0.548652122184075,0.721005398657173,0.698646973068267,0.516638197473437,15.1875710634701,7.55127889564959,15.4497970435419,3.09766908834409,0.375667828300735,0.395588031421462,0.380584585891152,0.409796987751359,0.396763934630062,0.428206419770094,1.55,4.38,4.53,80.3,0.5,0.1,1.1,20
0.82876297394596,0.5653910411736,0.651112381798029,0.795614478620887,19.5041693433374,19.4957453368884,18.3790589082148,4.68439412029833,0.390995446609193,0.447458868432511,0.35623992967899,0.430121736816131,0.367454261677014,0.442060397693189,1.55,4.38,4.53,80.3,0.5,0.1,1.1,20
0.834625518479943,0.874653705932014,0.648315084096231,0.713189855236746,18.593328235345,19.7159755868861,11.9151564653637,7.23422648679745,0.360970514362352,0.379613853058079,0.416473321978143,0.428209956781752,0.370268936611246,0.35461140944548,1.55,4.38,4.53,80.3,0.5,0.1,1.1,20
0.802478842889145,0.690687724177353,0.529155710395798,0.769223008841649,12.3333550532139,19.3330930194678,19.9741628048266,6.39960333890282,0.384455903096916,0.364983616960002,0.388449128080718,0.417572676188871,0.404662028484838,0.441146286774706,1.55,4.38,4.53,80.3,0.5,0.1,1.1,20
0.734388764655963,0.679762354050018,0.868711472788081,0.785986493887007,6.30420474729501,7.37391167672817,13.8598048283043,4.81061794317793,0.364303921441874,0.43112207527901,0.359200717832381,0.421500917847874,0.407393191516446,0.362163165547186,1.55,4.38,4.53,80.3,0.5,0.1,1.1,20
0.787747663011588,0.700615137134306,0.524424549601227,0.88778109560255,12.2070396512514,9.18164885637583,19.2320812966209,6.22207644492295,0.367754295017384,0.442745673000394,0.390500688498654,0.41441034448985,0.373798097340204,0.41914775076923,1.55,4.38,4.53,80.3,0.5,0.1,1.1,20
0.601798938689008,0.730728676529229,0.821803366597742,0.514881907375343,9.18389979349216,6.42534649086883,14.8303077605972,2.21347039901372,0.429729535369994,0.374090644537145,0.432181916542072,0.364469362887694,0.444044847528357,0.364700801080978,1.55,4.38,4.53,80.3,0.5,0.1,1.1,20
0.607380711349473,0.624923485678062,0.533032227880694,0.593397839412838,8.21969056925271,6.06696032478474,18.1043671772466,3.72173231879249,0.365492788903788,0.400681605361123,0.416073534464231,0.444418874220969,0.35147937655854,0.405590826994646,1.55,4.38,4.53,80.3,0.5,0.1,1.1,20
0.620317374256812,0.88930950496383,0.841868547511846,0.846226623008028,7.25965080702677,15.6680200159107,8.4958177403314,4.49205444154888,0.447322022622731,0.404238051529229,0.407724571679765,0.439257941871881,0.397619516332261,0.431256690248521,1.55,4.38,4.53,80.3,0.5,0.1,1.1,20
0.830622408558615,0.831661546355859,0.886580437745154,0.57230707247518,6.01527865937213,5.1396052247053,7.30736396714114,5.81282418776769,0.395768000760349,0.418699256227445,0.438107169618085,0.353502661840571,0.360335052032163,0.420299659518991,1.55,4.38,4.53,80.3,0.5,0.1,1.1,20
0.519779806041904,0.867340583003871,0.617731250532903,0.573085709028877,8.27913893096149,10.3528259980469,11.2447711877292,4.82194097571168,0.417432954680454,0.356131046311045,0.442460616630781,0.423354464727733,0.413924148770701,0.372090876555908,1.55,4.38,4.53,80.3,0.5,0.1,1.1,20
0.632372582896426,0.860765688186884,0.611933605738729,0.787706496512145,10.9549720127066,14.9920037986222,8.30008394717705,6.24376241155248,0.351291526289377,0.356580110774934,0.390284923351975,0.400657555909641,0.375672116161929,0.385526707190135,1.55,4.38,4.53,80.3,0.5,0.1,1.1,20
0.534129849242792,0.696250227977149,0.692467614233494,0.729942806168646,5.06439582884545,19.025053863374,9.7631991755031,3.45269631702825,0.376615921273781,0.413806973618455,0.360658285127115,0.433416910023987,0.373449670382356,0.364149546668772,1.55,4.38,4.53,80.3,0.5,0.1,1.1,20
0.70226097750999,0.632927561013028,0.560716270680726,0.748223665554821,10.7203310668771,18.3656656015245,8.38732608137885,5.89431646635383,0.418739287840202,0.367627205125988,0.396504416353069,0.357725622929307,0.355699380312488,0.418186320346873,1.55,4.38,4.53,80.3,0.5,0.1,1.1,20
0.686433632350341,0.507121171039343,0.843638195863552,0.552311213455536,11.8066385396221,12.8703227847558,6.1942790027475,2.96452785272058,0.449270162480511,0.444252550102677,0.41353387038568,0.377602919887053,0.405088741571316,0.383086370015284,1.55,4.38,4.53,80.3,0.5,0.1,1.1,20
0.899315092785098,0.856247684803233,0.585066414920613,0.753448465872929,5.05089560873108,12.405023407503,13.0727454192028,7.55582823372912,0.394080185633851,0.3971669878616,0.368540328880865,0.423694131988613,0.372283539466327,0.379037498027598,1.55,4.38,4.53,80.3,0.5,0.1,1.1,20
0.878318363121152,0.542036399749294,0.562616296388954,0.714253608571738,19.5667010940961,14.5332465002313,15.5859795443155,3.92306162623316,0.382463587898947,0.367448063442251,0.442093279929971,0.414056246849382,0.398228655038448,0.42426766291433,1.55,4.38,4.53,80.3,0.5,0.1,1.1,20
0.738895657324605,0.59425561256893,0.741389756297506,0.600117311538942,18.0666336631309,13.5888969219057,19.6319211871247,2.10237085018121,0.355653822950274,0.435479879327491,0.39806045086896,0.407345851212973,0.368807836804772,0.444560604787944,1.55,4.38,4.53,80.3,0.5,0.1,1.1,20
0.837648279619776,0.88246674060747,0.579611847216077,0.821720238399133,8.51591884478461,19.5723700852576,15.0830899226945,6.07537524815928,0.371820089666871,0.387934532472352,0.377199921511207,0.432994064432615,0.424313674848387,0.375576785190869,1.55,4.38,4.53,80.3,0.5,0.1,1.1,20
0.6454272272598,0.502408530472219,0.780019892438315,0.747320722759515,9.62823877493851,7.89966548498022,12.3746519612567,3.08546297119837,0.361309204242472,0.417966271306574,0.359993260664213,0.373590019599255,0.357643553740066,0.37420955307018,1.55,4.38,4.53,80.3,0.5,0.1,1.1,20
0.863059856887534,0.667203250235319,0.631705124669708,0.793962551740185,14.9622252758779,10.6331223228876,10.3957283783378,7.82968161393795,0.430217442588834,0.407090874978667,0.40426508109062,0.434496556040552,0.395690124204429,0.418552206174051,1.55,4.38,4.53,80.3,0.5,0.1,1.1,20
0.772265819976106,0.887879364932701,0.546705079521798,0.83332937209364,14.3980886846548,12.1091376743559,16.4628245049878,7.25498516667541,0.408868471485376,0.427491030855337,0.439022741551278,0.353374860944692,0.394741927954601,0.36316010820982,1.55,4.38,4.53,80.3,0.5,0.1,1.1,20
0.539970399046876,0.82902298258692,0.60240253949035,0.773845970253274,16.716272912717,11.6559613281349,17.9723054258339,3.27929045874905,0.36606056094598,0.426448406123742,0.441951949276542,0.397517163783358,0.404352276113443,0.369975585406926,1.55,4.38,4.53,80.3,0.5,0.1,1.1,20
0.859582322308235,0.618307104172558,0.565118812271394,0.55851769248303,6.89561187443556,9.20656434538774,6.61002422173275,4.19169155438524,0.413099637278728,0.376547215675144,0.422592950247182,0.417314429866616,0.401836859095609,0.433170991078578,1.55,4.38,4.53,80.3,0.5,0.1,1.1,20
0.682900300481916,0.669687097001821,0.570025372944027,0.59387804137934,18.6986983447964,14.36437998635,14.2177242584969,6.9604221620094,0.44847837446793,0.420684432377852,0.436121589569049,0.358908989225747,0.417920260986127,0.423039443914918,1.55,4.38,4.53,80.3,0.5,0.1,1.1,20
0.515947144791484,0.604176567070745,0.659507782683522,0.563273695200123,17.3057506227749,5.10919960114407,10.8819599127234,3.59857762758713,0.369087112361472,0.352020489247236,0.361244229543116,0.447833130120579,0.356686203985289,0.369426905282168,1.55,4.38,4.53,80.3,0.5,0.1,1.1,20
0.711047547681071,0.892826541589014,0.865373970115557,0.870919821110927,10.2637215713901,17.5393664063374,11.4772749608778,4.65527724213153,0.405505168381985,0.381518808233645,0.436336630468629,0.356569226853596,0.393278974072728,0.37859869307871,1.55,4.38,4.53,80.3,0.5,0.1,1.1,20
0.537132990820147,0.540587917657383,0.51743539148476,0.870106999480352,9.901170524708,18.3188606920186,19.1327196938428,6.70660875434615,0.373484277038183,0.367250369431544,0.439333470951254,0.387994625233812,0.366062698580977,0.404040298973955,1.55,4.38,4.53,80.3,0.5,0.1,1.1,20
0.84340828788653,0.866027737573907,0.764482131512649,0.864603577311896,19.1637370778364,18.0895304044941,9.47190050710226,6.16023851819243,0.391583857510146,0.403441876731021,0.445405595125584,0.438412807841273,0.389275631682295,0.380992286593281,1.55,4.38,4.53,80.3,0.5,0.1,1.1,20
0.810410145120323,0.818470779724233,0.783110759472847,0.674658450067043,13.9301727528148,9.34914645753568,18.3470256134099,5.39769959412515,0.40269794319612,0.437750054247212,0.43418111268417,0.391262814681372,0.443456176084606,0.36436349172201,1.55,4.38,4.53,80.3,0.5,0.1,1.1,20
0.827337978287041,0.531116353411414,0.590785396942683,0.79239420053456,7.75382684280397,8.55223755622981,16.3411439041561,3.58069455082249,0.396055629769387,0.432371813144255,0.385094906960754,0.430226168970484,0.360623511870392,0.402429248210043,1.55,4.38,4.53,80.3,0.5,0.1,1.1,20
0.820332981400378,0.675187127358094,0.873728232943081,0.824280906695314,13.5738690205407,13.860741190007,10.0996791649843,6.87015763241984,0.35403174666008,0.425825432043383,0.43247757227621,0.367246688403096,0.389410959313018,0.350668955708761,1.55,4.38,4.53,80.3,0.5,0.1,1.1,20
0.567920738444105,0.653129303184152,0.657927885391377,0.680476205696166,8.13213358030655,15.6367976863659,5.3080798161542,5.96548128901515,0.399295754520502,0.43351073172316,0.360220089519676,0.394900305412337,0.407423824545369,0.437063725108095,1.55,4.38,4.53,80.3,0.5,0.1,1.1,20
0.669376751124114,0.744584146169201,0.799904080205224,0.599831639005244,14.5265453259181,5.90044719034107,10.1428780628531,3.96756833066233,0.350985191799654,0.435939468440646,0.40304674338866,0.398507223573094,0.369153419669066,0.444323766706372,1.55,4.38,4.53,80.3,0.5,0.1,1.1,20
0.844383656764962,0.635550277993642,0.540859738356248,0.879636441501975,12.1218658557744,7.85392680968158,8.35797235642793,7.9408789788764,0.404223851326574,0.408278190270159,0.390123342136154,0.401284867253853,0.397550098099886,0.410680315858033,1.55,4.38,4.53,80.3,0.5,0.1,1.1,20
0.740237029531971,0.69740485805627,0.76925743197836,0.503014857182652,8.85638719388982,14.1838319803705,15.6222399561456,2.99947967684455,0.411704342279164,0.414456922072778,0.372260038807849,0.398997792328103,0.369422166166455,0.37336278007878,1.55,4.38,4.53,80.3,0.5,0.1,1.1,20
0.544698189331777,0.764963740278594,0.81673009721525,0.522795596870221,8.93134505306836,10.2362053742399,16.6936440188484,4.96619197910558,0.379410786580574,0.391209897383908,0.408607232317282,0.403268662270019,0.414427123843134,0.402318581868941,1.55,4.38,4.53,80.3,0.5,0.1,1.1,20
0.821100403656252,0.58449022774268,0.744526936670765,0.625657983564772,16.4651797071472,10.2919637715886,7.21726085020928,2.80931970234495,0.448631652455311,0.376355766003439,0.392874840966426,0.442823645454273,0.390921738543035,0.376738499070983,1.55,4.38,4.53,80.3,0.5,0.1,1.1,20
0.896742972582579,0.67666999383159,0.609463677063212,0.673365008419752,9.94933786516776,13.1767459690385,16.1986532880389,7.20898878136091,0.35214542776132,0.408547172435606,0.424875612204662,0.3836049887795,0.380337866701372,0.441722791845119,1.55,4.38,4.53,80.3,0.5,0.1,1.1,20
0.849852095101774,0.826486571469903,0.624468386822939,0.590689482238516,13.4061398924119,11.3896762482915,7.33540795571869,3.37290189737361,0.426774716390623,0.358332118010009,0.449975489695044,0.350123864710238,0.393601906056097,0.446383755226247,1.55,4.38,4.53,80.3,0.5,0.1,1.1,20
0.549553659765236,0.819329087784141,0.57894385824129,0.608618901027925,6.40822988953674,18.7423036653013,16.5413547763578,4.56869377042726,0.3714771506113,0.394528280263999,0.429029974043137,0.431435809636582,0.433765509886714,0.436472783657676,1.55,4.38,4.53,80.3,0.5,0.1,1.1,20
0.871894743064046,0.76841973356586,0.84649908465147,0.55974930746071,18.930112381482,18.6716897352366,16.0597888108902,4.51527587481309,0.389721405982738,0.360153998165065,0.410776654308336,0.375173052608827,0.401131606032793,0.444957374311145,1.55,4.38,4.53,80.3,0.5,0.1,1.1,20
0.691866950748116,0.536943919788115,0.848901879340224,0.745293688812479,13.7318004452135,8.83489059279673,5.47978460464627,6.31521969020926,0.417051617731759,0.419663458643481,0.402481744692894,0.43812534535178,0.365192320350651,0.391987732413784,1.55,4.38,4.53,80.3,0.5,0.1,1.1,20
0.786380861886963,0.532057989406772,0.827516490000486,0.756305717059411,16.8479420397547,18.2448641042528,8.45410018088995,6.15098429218028,0.401000045370124,0.376006051735766,0.43711689478592,0.372104019013466,0.43551534155542,0.433420965266787,1.55,4.38,4.53,80.3,0.5,0.1,1.1,20
0.58562987896502,0.834475833625719,0.706907581569441,0.671346218392625,18.757229570332,19.9790040656994,17.4381611508783,3.91686475052405,0.415709417116689,0.404878521590494,0.410905877342867,0.433994238055451,0.372628038351517,0.427915584089793,1.55,4.38,4.53,80.3,0.5,0.1,1.1,20
0.509429174868017,0.686944244200178,0.649208382378891,0.800177571418882,10.6857950365148,9.68481447848491,12.8435018829932,7.37148269143701,0.42038425927693,0.444689029978542,0.351929137948621,0.401851341917366,0.364220542569086,0.355512697091838,1.55,4.38,4.53,80.3,0.5,0.1,1.1,20
0.625030821654573,0.869085778539814,0.503340455404855,0.897568541742675,5.65300328493584,19.4880879351823,13.8232027755841,5.3110465579303,0.438430590885924,0.415917282454157,0.374364881511871,0.39402754812357,0.392602815675316,0.387003155759582,1.55,4.38,4.53,80.3,0.5,0.1,1.1,20
0.856634012716823,0.514753107503429,0.717807121874206,0.827400360495783,7.5685660471837,14.7782307966193,8.27660154604819,5.72638190459833,0.378652732070256,0.373328939704411,0.383010155735491,0.427236281536287,0.359305853170389,0.406692648244835,1.55,4.38,4.53,80.3,0.5,0.1,1.1,20
0.540222573252954,0.729792094285041,0.770759345549718,0.536577676609717,10.8885245484393,19.4123623968754,11.8150005746586,2.30555939738918,0.421054861170612,0.364164937358117,0.353249257636815,0.355360039807437,0.413256149021909,0.406943017875031,1.55,4.38,4.53,80.3,0.5,0.1,1.1,20
0.528604033870995,0.846545957058109,0.788441816181503,0.724729919790104,5.88406829450745,13.2447265382763,8.75586131568998,2.19116465070099,0.403607386358734,0.351595305201365,0.42445336600435,0.419657533011073,0.351964281477034,0.42566301315981,1.55,4.38,4.53,80.3,0.5,0.1,1.1,20
0.700730581651442,0.581735337624326,0.85430994195547,0.850285936237313,16.5500382933952,15.117763691314,15.2454851729702,4.94397620104346,0.406967201808887,0.449026794192661,0.379061751664663,0.440650816764077,0.397978778938716,0.422736880503362,1.55,4.38,4.53,80.3,0.5,0.1,1.1,20
0.771651122801006,0.738290334563702,0.734833443553001,0.546665214345604,5.15835907617584,13.6924905728316,14.93692728088,6.30549308521301,0.439843728236202,0.427630269106664,0.443537928261282,0.443440538028674,0.422070755731314,0.361406220260635,1.55,4.38,4.53,80.3,0.5,0.1,1.1,20
0.813684767490253,0.816426659488305,0.572548574231379,0.53241886126101,15.6801235592202,17.5884271769016,5.95285404866328,4.99126409871783,0.369773105631769,0.399858132427651,0.434628001245391,0.361989370607119,0.398589955489431,0.414615422327071,1.55,4.38,4.53,80.3,0.5,0.1,1.1,20
0.777309134230018,0.590067213568464,0.522420921395719,0.522104574082606,5.62410628947662,5.75378118569497,11.2974117697915,2.40787729402538,0.444279449748388,0.417401587371808,0.441322779948171,0.392243688676786,0.405601368084503,0.391218764074519,1.55,4.38,4.53,80.3,0.5,0.1,1.1,20
0.851935661662184,0.608429606130719,0.794871485588141,0.781720437114872,17.8289053303842,15.7633307410125,9.7115627635736,2.41088978064992,0.379738992663892,0.443102774121426,0.406547361350665,0.394685090684565,0.406425367693929,0.435132447837433,1.55,4.38,4.53,80.3,0.5,0.1,1.1,20
0.674674079910293,0.733681598767638,0.784637406627089,0.750582548443042,12.3908244682662,11.552965902104,15.1129585585324,3.90049709748663,0.359589883167343,0.396634697579825,0.441074836606439,0.426319923544116,0.376263471426489,0.379661801435007,1.55,4.38,4.53,80.3,0.5,0.1,1.1,20
0.64633190150559,0.673104324292392,0.656921818834729,0.677902482770942,7.39295063387137,17.8488267229917,18.8337842731131,6.18119088678714,0.366811560862325,0.371537921435665,0.419475800178014,0.350330445387773,0.392257704387,0.391509034134029,1.55,4.38,4.53,80.3,0.5,0.1,1.1,20
0.711447404602543,0.520129920974001,0.642976850316301,0.88103102033604,10.6697408337402,18.489727941209,9.21775132270297,5.13772883637995,0.427285824816907,0.439703507094737,0.395133070716308,0.447200940161478,0.377115749309817,0.404362823176989,1.55,4.38,4.53,80.3,0.5,0.1,1.1,20
0.620937747523375,0.854927172036283,0.638992166673206,0.661895425892063,8.36757347038481,14.6967504388513,8.15289076940157,3.39857078413945,0.375372014294751,0.448001907193381,0.440172923401697,0.414278788704611,0.430161374150589,0.378222298943391,1.55,4.38,4.53,80.3,0.5,0.1,1.1,20
0.587478694256395,0.723420523379929,0.549459783096798,0.529990530446358,14.5442452322738,14.9745346801123,17.0371043188847,7.75659032670129,0.378234497387288,0.378962049526954,0.35955685673221,0.40780385560249,0.444421811460285,0.36853782586921,1.55,4.38,4.53,80.3,0.5,0.1,1.1,20
0.747695334661938,0.713620268875733,0.524855441999063,0.722285282085277,13.3810483861226,18.959545774844,5.6449918880919,4.69779427628871,0.429510829890613,0.416511608329741,0.357512051396072,0.447106086016446,0.362148285819078,0.424110558644449,1.55,4.38,4.53,80.3,0.5,0.1,1.1,20
0.570477643667348,0.858876699840464,0.520194292695075,0.686234217302129,10.0506574493111,12.7046466089855,15.1925613582623,7.20281972086895,0.449744277424784,0.361696529034479,0.426900455619767,0.439436798146181,0.445342514685681,0.441830468331045,1.55,4.38,4.53,80.3,0.5,0.1,1.1,20
0.811454634571076,0.760903929419816,0.647401404163241,0.76055230755955,12.0099846177362,7.78020288338885,6.14107731442666,2.33767874165159,0.389570519878902,0.398786806802452,0.440957117401855,0.422915059460746,0.40548398054908,0.44960562737938,1.55,4.38,4.53,80.3,0.5,0.1,1.1,20
0.558287746197544,0.505345627808571,0.733050451759063,0.70897325613834,17.3430439950945,13.8371552434075,15.375913879571,5.63419648520928,0.432793197469041,0.438914362218604,0.42213804570497,0.402551093801018,0.375174549117871,0.435823097316362,1.55,4.38,4.53,80.3,0.5,0.1,1.1,20
0.552870584730245,0.632736958774552,0.74575314077884,0.579171204849705,14.8376919993828,16.6753078343719,16.7631099981838,6.35176758241281,0.44519303860981,0.368466995685222,0.392158842899604,0.380246336054662,0.434896544173174,0.411952554718917,1.55,4.38,4.53,80.3,0.5,0.1,1.1,20
0.680643424773775,0.626439902852289,0.687616157009639,0.589746362501197,16.993536564128,7.98852262788452,8.9788619136624,2.60050358863175,0.421236396068195,0.411298959254334,0.415788500401285,0.433379524428537,0.417196107812598,0.428471804514807,1.55,4.38,4.53,80.3,0.5,0.1,1.1,20
0.867627304939926,0.790068511178531,0.530938879242726,0.594765847198665,9.5311257813219,16.7560916516976,6.10015362005215,4.09661533682514,0.358626254546735,0.44885877668201,0.44903899512114,0.391875912802387,0.416896671065176,0.363664782440849,1.55,4.38,4.53,80.3,0.5,0.1,1.1,20
0.635687955450453,0.735096331930347,0.848034722913988,0.784119154421054,19.1121541866427,11.7503902734327,17.3292884257273,5.94826129013207,0.409556852743262,0.377153342829784,0.397042000466958,0.385267147688614,0.384304723186092,0.404612151913019,1.55,4.38,4.53,80.3,0.5,0.1,1.1,20
0.629630281862244,0.637128549069539,0.55216594769489,0.613414071563631,18.2701203718875,9.72158804338425,12.2542603703635,2.01326941817719,0.430014831150789,0.439299240459222,0.372446036779741,0.370730153962271,0.373236655260948,0.379472608440649,1.55,4.38,4.53,80.3,0.5,0.1,1.1,20
0.866555806163698,0.770244930777326,0.747555021048337,0.714965768572874,5.96181554106297,12.7787538804882,12.700828891499,2.61433106601797,0.377139676881302,0.40937535739704,0.419867128674639,0.356110149216652,0.379420248369407,0.430447783118393,1.55,4.38,4.53,80.3,0.5,0.1,1.1,20
0.866221332147718,0.639611269913428,0.717173954796791,0.838540107999556,8.06567928254604,17.6449877327983,6.85189384272322,7.03838077415247,0.439083056005277,0.396090212835092,0.357370845343033,0.390795483274711,0.380871689979918,0.427377016168693,1.55,4.38,4.53,80.3,0.5,0.1,1.1,20
0.870421144165285,0.682711816596426,0.884134203417227,0.782659030842409,10.4401264607394,8.04235218720744,13.5276937679132,4.46101961662527,0.399924335718481,0.355832163980464,0.424669578023488,0.409590391855221,0.392842166050989,0.41872712730146,1.55,4.38,4.53,80.3,0.5,0.1,1.1,20
0.848180777085945,0.839437126657739,0.620166657489724,0.504182541481592,6.15629537822213,14.685835806746,18.5414898970258,7.08177772915829,0.434924765073042,0.420901282024616,0.363042438215902,0.413640449448954,0.396220726256212,0.40570759919337,1.55,4.38,4.53,80.3,0.5,0.1,1.1,20
0.705623843095824,0.693777640323714,0.594222356561944,0.510056767024472,10.6320788196684,6.79066175170476,13.6459032117599,3.72833680260833,0.41652421183046,0.380421422648476,0.401323524937872,0.382546740673622,0.432618954850407,0.393834631698625,1.55,4.38,4.53,80.3,0.5,0.1,1.1,20
0.730071091747843,0.7433716959171,0.742409708180837,0.765799240825698,7.33354854199337,6.84406488328241,10.8777327783965,3.65498688757233,0.434421853299625,0.422949122159369,0.448757149799261,0.354095646207128,0.376967195614148,0.396574658281729,1.55,4.38,4.53,80.3,0.5,0.1,1.1,20
0.502581577237323,0.756862445675768,0.536997723065503,0.719443274705671,9.03622198184952,12.4336115363892,8.58152943085879,2.11704589384235,0.407646554949693,0.41618193118549,0.370592325257929,0.351328964609001,0.411743796881661,0.403845006753877,1.55,4.38,4.53,80.3,0.5,0.1,1.1,20
0.597122730279341,0.719877531757951,0.807376154480875,0.664445913495869,12.8729042159417,16.0558500647708,5.25280535729602,2.88140242776461,0.375447349991091,0.427368753646454,0.386691224858118,0.38995475473674,0.357529933823412,0.435559913145797,1.55,4.38,4.53,80.3,0.5,0.1,1.1,20
0.592673371717334,0.898695312785171,0.535720840160921,0.646681898861565,19.8491966609587,11.805078915169,16.9165560162836,2.49227018557489,0.370495392227266,0.351869140133494,0.378800561984768,0.356805226082401,0.351211269248789,0.360463879161328,1.55,4.38,4.53,80.3,0.5,0.1,1.1,20
0.579968942818605,0.775137421944179,0.656628047857992,0.506216271192394,14.4512790583773,7.35233264718903,7.3706958700926,7.61515232419316,0.402264958609035,0.410958205906674,0.4176479397777,0.441015048464574,0.353130489150016,0.409539566620067,1.55,4.38,4.53,80.3,0.5,0.1,1.1,20
0.780813182414323,0.81753586915601,0.625154804216325,0.808177468730137,14.8468270024238,11.8498301348626,7.67523814571323,6.52848291693255,0.407158405759931,0.397720133449044,0.437551266198838,0.399110813072091,0.378465516741015,0.354826904610731,1.55,4.38,4.53,80.3,0.5,0.1,1.1,20
0.678442072330788,0.559163044315204,0.541818006268703,0.73123536598403,19.0261689821747,6.2456011919491,11.3870600473857,3.94717012138106,0.368583610883309,0.350810446578171,0.443644259765837,0.36953931218721,0.408797741477191,0.426673823251436,1.55,4.38,4.53,80.3,0.5,0.1,1.1,20
0.876157811153494,0.866408069126308,0.706155276572146,0.752684246101976,17.2162826711335,12.8590883306926,18.9695344383805,6.48661423130054,0.363535481482232,0.399116564350808,0.442890389254643,0.366289350857353,0.402012906373898,0.369178416883806,1.55,4.38,4.53,80.3,0.5,0.1,1.1,20
0.846059840447083,0.805131268632971,0.684565375698544,0.854124218178913,15.8523160452559,8.22172150227474,13.8831703191856,2.75892303359322,0.358898598258197,0.358696919352701,0.423305750154611,0.38949937163149,0.409477300930955,0.365065419602208,1.55,4.38,4.53,80.3,0.5,0.1,1.1,20
0.506749391246587,0.899822030889616,0.720207355436869,0.500822010416351,13.2438245687378,15.4907625472266,10.6026925204066,2.94604262153246,0.375128598535853,0.41341133189695,0.377631422723969,0.39373208074607,0.379914770233352,0.370957364500174,1.55,4.38,4.53,80.3,0.5,0.1,1.1,20
0.634268296134286,0.770628464003466,0.705237401700206,0.508750625632144,5.77928486901335,7.70418583682273,15.8593841008004,5.68763575883396,0.393160111433919,0.360681718869507,0.365816949043004,0.359425822716486,0.412335376915988,0.439528950224724,1.55,4.38,4.53,80.3,0.5,0.1,1.1,20
0.650939818620868,0.748627430709265,0.506723566384241,0.561812808389403,6.69943699349649,5.98815345564624,7.57563472786453,5.74897373248823,0.412690160706919,0.445635419128789,0.40748887382024,0.36817723249495,0.388518799370993,0.41939697696236,1.55,4.38,4.53,80.3,0.5,0.1,1.1,20
0.52111116408091,0.788534066150896,0.707215147807077,0.813570318619535,11.0745507108863,16.3949848422618,14.9002939398703,7.44937902876083,0.427651415088261,0.371873387005134,0.360446948674228,0.430630599886784,0.359443108487409,0.380436316877417,1.55,4.38,4.53,80.3,0.5,0.1,1.1,20
0.877049794142321,0.606374736815319,0.872330198889971,0.807322998611257,17.9095409391425,7.22046870744089,12.3323668224574,5.93311777093634,0.350766399690975,0.357187958860956,0.448122356482269,0.362272370105004,0.410527605266497,0.352784650092945,1.55,4.38,4.53,80.3,0.5,0.1,1.1,20
0.535051704753563,0.773729408591799,0.50898996931687,0.665766019315831,10.1599689617427,11.4300192887825,5.9884760026657,2.80062381872442,0.358290577770071,0.375448946093069,0.37217325793528,0.381182281288505,0.386629175672866,0.414936511624698,1.55,4.38,4.53,80.3,0.5,0.1,1.1,20
0.564874755054712,0.601365595209226,0.760046678329446,0.653343015675619,8.09491435681004,13.1046167899226,6.23135078837164,4.53891499941237,0.359953458201606,0.399371469936986,0.426241346370569,0.412123295648023,0.438697509175353,0.361398965671379,1.55,4.38,4.53,80.3,0.5,0.1,1.1,20
0.758925188484043,0.657324264954403,0.6934832821697,0.604880357196741,14.1521335754683,10.1109469513968,16.8914458497893,3.15139875424746,0.355926653445093,0.350280408071307,0.396103738827119,0.37400842031301,0.399217357543344,0.438792836731998,1.55,4.38,4.53,80.3,0.5,0.1,1.1,20
0.676852559312619,0.681425268623233,0.889894211845659,0.592254987440445,8.02640608312795,8.74125972883776,5.84848626092542,4.72281073297001,0.405815787925292,0.436270236064726,0.37794145104927,0.364341914291633,0.409372052280698,0.409628666966874,1.55,4.38,4.53,80.3,0.5,0.1,1.1,20
0.892811286623031,0.648324468028732,0.896164726837166,0.700924377954938,7.24636287836358,9.0613523652358,17.5211980227218,4.31434971225541,0.356519225907372,0.421967080182815,0.383790044252481,0.355076334854309,0.375851091781911,0.433396341460804,1.55,4.38,4.53,80.3,0.5,0.1,1.1,20
0.733319711199589,0.687445299950615,0.610486057773791,0.779767646506801,14.7674062505201,16.4941803337401,5.90957944469759,4.18281885416806,0.378491040887916,0.441048930920893,0.420410198014881,0.416597923905216,0.430330710757244,0.442998817151878,1.55,4.38,4.53,80.3,0.5,0.1,1.1,20
0.574948541399278,0.631652313081175,0.713925996657834,0.825373461842537,14.7459191684402,18.052614884451,18.5993136647739,4.20755292065628,0.398027432469651,0.356872073847195,0.384215665569343,0.44134199915193,0.431164105814509,0.407930050786445,1.55,4.38,4.53,80.3,0.5,0.1,1.1,20
0.616582179604098,0.563399160537124,0.577028767029569,0.766955694963783,17.4167563949432,8.9555989471334,19.9258245156123,2.52538224720582,0.394215417994838,0.360908428957686,0.362646826284891,0.366175212805532,0.408814949288452,0.420034647048218,1.55,4.38,4.53,80.3,0.5,0.1,1.1,20
0.813449566840008,0.877275926248357,0.748838769687898,0.617671470463649,8.19229511767859,13.4673859754251,5.70994716132293,3.83372896008194,0.381741869142558,0.353447101339279,0.381462061905535,0.388226913355012,0.421611594986124,0.430168987163855,1.55,4.38,4.53,80.3,0.5,0.1,1.1,20
0.71580427751746,0.883969977284595,0.866961145219393,0.79167606876418,13.5315504335123,10.5658407812053,10.2298926787102,3.30232242309302,0.423430249892129,0.377717315497622,0.405931714707194,0.436254653507052,0.382569435612019,0.440069942950411,1.55,4.38,4.53,80.3,0.5,0.1,1.1,20
0.67429437589813,0.862296052853949,0.796092452897877,0.703370585064218,19.3660972786439,6.13351022398332,13.4473171812599,7.01683726140112,0.441985611283826,0.419008871362172,0.36341681947438,0.403031762640504,0.423547493763315,0.383705907613039,1.55,4.38,4.53,80.3,0.5,0.1,1.1,20
0.884306828485057,0.680533287899382,0.708264403051697,0.708748193329014,11.3834581375169,5.23288047844544,7.90944860056508,6.674783304126,0.389062368881423,0.448743656787789,0.441526485666307,0.375261543251853,0.381472289418569,0.380635700592864,1.55,4.38,4.53,80.3,0.5,0.1,1.1,20
0.800390691484325,0.791572133924812,0.587663667764515,0.588518793536536,16.5166252478375,19.005316191453,8.10314899645979,3.65862463175505,0.356330317702377,0.412919179125549,0.415129140739096,0.358786889085686,0.436993234167434,0.350148685359955,1.55,4.38,4.53,80.3,0.5,0.1,1.1,20
0.819880568738282,0.533686765391938,0.729431400009431,0.876183536086977,10.3330230036844,19.6703664718173,17.5067876463663,6.36677426421177,0.353726059925044,0.381990073519154,0.365640260134265,0.365752842506906,0.354751586491428,0.416767449632194,1.55,4.38,4.53,80.3,0.5,0.1,1.1,20
0.805313745186292,0.666547551534698,0.826571249091998,0.640697005176544,5.55003724049311,10.0053053244972,11.3032071485836,4.20935165875684,0.353249296525633,0.36618522465881,0.376527158734761,0.379045689639542,0.446690960103506,0.383287859880785,1.55,4.38,4.53,80.3,0.5,0.1,1.1,20
0.790530974575132,0.542571830277704,0.678421073027328,0.671008814248256,14.3878949708701,14.5034312244691,18.2462730367272,2.17020073812455,0.399580416719522,0.350412510249251,0.4314268076804,0.369999176944979,0.415871295784228,0.389521215696679,1.55,4.38,4.53,80.3,0.5,0.1,1.1,20
0.814895446338505,0.859711043979786,0.66089328768868,0.663189975037985,10.2228022870561,7.92701006102841,5.38219190089498,5.00414442792442,0.424720083945151,0.362094587172568,0.380902577814925,0.431694980305294,0.376601002682047,0.373186936749192,1.55,4.38,4.53,80.3,0.5,0.1,1.1,20
0.766395995747112,0.763608630281128,0.863930726278387,0.541043300500326,6.55978354415391,6.44008621815592,9.77974235181231,2.15036140465923,0.422077492579352,0.35446788649084,0.408842005795287,0.373326637088694,0.442498639186053,0.374131001551403,1.55,4.38,4.53,80.3,0.5,0.1,1.1,20
0.654627225608938,0.572816323886067,0.820214868295007,0.620871798523143,9.75971142560476,19.5895886859065,6.65105210375041,2.72194079015031,0.416938588570664,0.394052127598971,0.386244554153224,0.387758698643791,0.385345533829322,0.423499406471429,1.55,4.38,4.53,80.3,0.5,0.1,1.1,20
0.65968939499557,0.642191618976369,0.879942815180868,0.773171140809916,11.0906253072363,17.7511182574811,19.7089926745673,6.94613176478166,0.400492594629712,0.44940829546852,0.366204810092598,0.423919865260739,0.394911196796689,0.410014726896677,1.55,4.38,4.53,80.3,0.5,0.1,1.1,20
0.689737381929718,0.595233908413537,0.834035700260475,0.581064512461424,5.72415547110839,15.8006807012646,18.2873751534196,3.15255640461296,0.449481732125348,0.424077379586687,0.396793841465097,0.392749155750684,0.435222442431888,0.407778888378618,1.55,4.38,4.53,80.3,0.5,0.1,1.1,20
0.830135613593645,0.873025082954951,0.713133398463577,0.872480561518297,9.0818446703488,17.4639163573762,10.6694029144011,2.44525095311552,0.364144869608991,0.357613996164408,0.35420942494818,0.372901061294787,0.381930156446528,0.428686858252017,1.55,4.38,4.53,80.3,0.5,0.1,1.1,20
0.808493499359675,0.525657036103494,0.756616554362141,0.60938923298195,19.2600473640231,12.608195253734,12.7101984496671,6.43449037195183,0.448857347958582,0.439808512268821,0.356975640527066,0.384901868630666,0.446216674648225,0.375989494898682,1.55,4.38,4.53,80.3,0.5,0.1,1.1,20
0.524653293716535,0.581596715710126,0.781761621395126,0.657647575052641,10.8558221523999,15.2749943828047,5.67182545810938,4.25020651020389,0.408343996023992,0.369251775650913,0.409854056349536,0.382658113744576,0.43969903537659,0.360229814769514,1.55,4.38,4.53,80.3,0.5,0.1,1.1,20
0.747193678989448,0.833076947696693,0.758800121663883,0.681640548085421,10.1225918179238,14.0615538898762,12.9895156773576,7.32085385624692,0.359051990211336,0.407652409419557,0.379388760803314,0.440167417143239,0.364632935248548,0.366697501696134,1.55,4.38,4.53,80.3,0.5,0.1,1.1,20
0.703867327785306,0.712603210707381,0.737057361328416,0.750131851634942,11.6170215226943,15.0396031561494,16.5719700203789,7.96786045899428,0.412103119997634,0.418263923099032,0.387650028850185,0.407760709711583,0.361491024323367,0.449398535917886,1.55,4.38,4.53,80.3,0.5,0.1,1.1,20
0.852934178024717,0.862494179782271,0.894878854322806,0.500385770049505,17.6900496941386,8.29895015384536,17.9240164335608,4.04863087457977,0.39368523205556,0.404424361950671,0.381841301920312,0.380030477217818,0.415152192402212,0.359241745842993,1.55,4.38,4.53,80.3,0.5,0.1,1.1,20
0.639277489922568,0.645410915050097,0.710268789802492,0.630213496100344,14.4280323912972,16.715861947753,17.7683320575487,5.79082081110775,0.445763026680984,0.383219738519331,0.376107364620361,0.433181583697489,0.354034665723471,0.353635967097292,1.55,4.38,4.53,80.3,0.5,0.1,1.1,20
0.624204003566317,0.797145784168877,0.841299946081638,0.890324675738625,9.24161738305585,9.35001306954539,14.8875038489187,4.11248538000323,0.385820821575122,0.425681939390907,0.419626341025857,0.429264355389588,0.400813266456313,0.357793121490255,1.55,4.38,4.53,80.3,0.5,0.1,1.1,20
0.50769143797569,0.659991860891134,0.681890062152408,0.582112479341216,12.922220213837,6.55575254224707,14.2638177313539,4.92187092225906,0.39899384628688,0.392120844632247,0.386046330999769,0.361043892285554,0.394491715868982,0.415357266805507,1.55,4.38,4.53,80.3,0.5,0.1,1.1,20
0.603035004977882,0.638383756322227,0.803302516700327,0.781535374565609,9.66941476191627,5.41874651103048,11.6326598521741,6.77059126174916,0.428158104176261,0.438013824340748,0.36331620399463,0.371868007797375,0.39548568824199,0.408569630433898,1.55,4.38,4.53,80.3,0.5,0.1,1.1,20
0.503667634626664,0.539701476288587,0.858239325794392,0.548257657361589,12.0607796591218,6.88993414250668,8.18828208009014,3.05792251990363,0.426188328030705,0.356717843176238,0.414556177286292,0.425261709771864,0.42451999370954,0.384717127627367,1.55,4.38,4.53,80.3,0.5,0.1,1.1,20
0.603929878050648,0.612472286621295,0.855886516726576,0.526503462410905,8.04710624490399,15.3928752556979,11.3478765493562,3.80545351153333,0.407312599611375,0.359726972321561,0.418430254466599,0.358401512135565,0.354321268177731,0.39499161730432,1.55,4.38,4.53,80.3,0.5,0.1,1.1,20
0.824831254001521,0.879463548360951,0.59511812105272,0.675524969314598,14.6529279191373,13.7792813180923,12.9064126617718,4.47975145012699,0.387500760619249,0.351151529092342,0.374010156769352,0.427492564029666,0.35056060887943,0.407445035183663,1.55,4.38,4.53,80.3,0.5,0.1,1.1,20
0.762236609563418,0.620727736983448,0.765763235629164,0.758163196382672,12.1483302011271,13.9382806746359,5.17791856673081,2.97801263777819,0.403130593349785,0.428451804409456,0.39458362191543,0.37613220525817,0.398129572679149,0.383504782252852,1.55,4.38,4.53,80.3,0.5,0.1,1.1,20
0.547631425165013,0.508963295320794,0.870713238659874,0.571457654477656,12.2754340344761,8.25696217942052,12.5774262058828,4.17108854544535,0.449890381853329,0.44829196589035,0.395673376270384,0.3649561077361,0.360056513382774,0.370667693912704,1.55,4.38,4.53,80.3,0.5,0.1,1.1,20
0.657704799484089,0.559550788386352,0.54341766264867,0.783750404642336,13.9011910850182,6.47383628541371,12.0881021461939,6.60880578605831,0.384306664311653,0.383752598922746,0.381159797144448,0.43837540611662,0.419682798668928,0.392668376575317,1.55,4.38,4.53,80.3,0.5,0.1,1.1,20
0.668363746326789,0.697667958012968,0.518834468984604,0.869170584225096,18.7313269702112,9.43596366449259,9.13786355828401,7.72943527668901,0.416386398041854,0.370430063376064,0.394026514307456,0.43962212452786,0.44037297998704,0.434697119800467,1.55,4.38,4.53,80.3,0.5,0.1,1.1,20
0.852799602021091,0.686340645565838,0.616340533865802,0.606413905872405,8.43994191914098,5.03471887611784,14.3963861932186,5.85822983184364,0.383501740938798,0.417042690268625,0.399278759695822,0.392532458099723,0.442201938389195,0.448461199610401,1.55,4.38,4.53,80.3,0.5,0.1,1.1,20
0.684241411472112,0.775481119380519,0.83297546679657,0.701630036206357,5.14517689217813,15.5477474148502,18.8045074398513,6.58502290416136,0.377434472443676,0.415692202850245,0.382893790614186,0.421184686822444,0.365648858082248,0.400293480077572,1.55,4.38,4.53,80.3,0.5,0.1,1.1,20
0.804437802944332,0.612900314959511,0.805642463809624,0.828150155618228,8.7480992637435,18.1527818612359,12.672023493282,5.53041361028235,0.434311701542279,0.40882746574129,0.409119546392094,0.437707868357422,0.40292697254899,0.417990106766904,1.55,4.38,4.53,80.3,0.5,0.1,1.1,20
0.829572308397107,0.808769553309307,0.674295011972822,0.564781885885075,18.40103972357,18.4096974008763,14.3142087961175,3.86282361026295,0.397662365353666,0.442428390823351,0.361425336107891,0.444175636189571,0.437829122588038,0.4110132656842,1.55,4.38,4.53,80.3,0.5,0.1,1.1,20
0.614745443768054,0.580709913163819,0.583440944917128,0.786651998938434,15.4789557314548,10.3157478737482,15.2057994946907,4.86989818638377,0.363230401202524,0.388514053436322,0.397740053545823,0.433716759351082,0.383286537551554,0.413139668708714,1.55,4.38,4.53,80.3,0.5,0.1,1.1,20
0.889355827041902,0.732564074609242,0.696053838110529,0.77836901933942,14.3069502553414,7.09326466989238,7.58399827406043,5.16062041367218,0.391152805588488,0.445414622946829,0.353940574750071,0.377119195959298,0.400554898829991,0.398184454998048,1.55,4.38,4.53,80.3,0.5,0.1,1.1,20
0.61873955968339,0.568405015840381,0.787588949509338,0.867370027691871,11.9308993859915,6.14879376013065,14.8629773230944,3.76995515214931,0.396601697119465,0.377878649187274,0.403387806821801,0.390555746197375,0.355088837120356,0.440482543854276,1.55,4.38,4.53,80.3,0.5,0.1,1.1,20
0.617952243740112,0.793873783370852,0.80675913638752,0.841022022696585,11.4375079471595,17.2737585087842,9.65126800667727,3.35312468148023,0.440879477947857,0.380120028703567,0.401714548780303,0.370517869391479,0.351135157798836,0.421295135868667,1.55,4.38,4.53,80.3,0.5,0.1,1.1,20
0.774743710194342,0.736333367661201,0.723904382500797,0.560316555470415,8.83221999706235,14.814478745244,6.42086279157782,6.65435976695176,0.388130589786358,0.436749003018346,0.413083488461887,0.437853156928578,0.446502348407731,0.419827749874489,1.55,4.38,4.53,80.3,0.5,0.1,1.1,20
0.577667669544555,0.839050642905198,0.710666591329314,0.706651691437326,9.36018842870137,10.2628801360051,15.4886621432938,3.58427337456774,0.412496732815588,0.418033807981759,0.429526647570124,0.382912541898992,0.406830514442548,0.356304062507954,1.55,4.38,4.53,80.3,0.5,0.1,1.1,20
0.791330736213736,0.825912001424469,0.606986427280866,0.642017410504632,5.36593633764889,7.54936512303306,6.13363820241531,5.99656015522126,0.412280482079554,0.360595699454378,0.360064877825324,0.351573945579026,0.44127840014901,0.446939460201794,1.55,4.38,4.53,80.3,0.5,0.1,1.1,20
0.531338497064821,0.527154651319981,0.526595681021176,0.637907507635653,15.2495715342043,7.27547926228028,12.3086292071221,4.32646764378063,0.436721437034709,0.36504290750646,0.434453210169449,0.448068422425026,0.407073289284762,0.399914956651069,1.55,4.38,4.53,80.3,0.5,0.1,1.1,20
0.541614423502796,0.741688070974313,0.784840913370624,0.663471885651909,19.9837582696741,13.8136675372883,7.6130749756447,4.8397597742565,0.435507976189675,0.381181772173755,0.40293762600976,0.399475562399812,0.372504508060729,0.440282486916147,1.55,4.38,4.53,80.3,0.5,0.1,1.1,20
0.628834412305057,0.66827722548414,0.57668405362051,0.711115864961036,9.86277460051933,14.1269186565373,17.2034224041784,7.47739497001376,0.37791400033026,0.381313709579082,0.395406263095746,0.43087662419593,0.357338617731631,0.38260956771546,1.55,4.38,4.53,80.3,0.5,0.1,1.1,20
0.51333416266162,0.58599351721406,0.601046486715972,0.886990300107002,6.20870071698912,5.88565078329062,6.72330503543606,3.69546954578627,0.420037570883194,0.404787630246114,0.388292600645823,0.415751350796735,0.420290294523863,0.392493550057849,1.55,4.38,4.53,80.3,0.5,0.1,1.1,20
0.895712655062415,0.511021728381328,0.522276978812181,0.823389887512848,10.5081709989998,13.403181724085,13.3371940028132,7.12555567090493,0.395251772777643,0.357395891844761,0.366158190577524,0.374692375225341,0.360859819597518,0.359641948805144,1.55,4.38,4.53,80.3,0.5,0.1,1.1,20
0.615438875180297,0.864430066599697,0.699926469274238,0.659222763365693,15.3857865576143,5.86167938945349,11.2210066020698,5.17470661335252,0.383887209300278,0.431930370332999,0.439829450477008,0.390359060110478,0.384532888794085,0.424987752904557,1.55,4.38,4.53,80.3,0.5,0.1,1.1,20
0.767900096262805,0.782910332199559,0.682827577407099,0.521303892530687,17.0105887502828,17.7874640454422,16.2278910931898,5.41537866647821,0.389830688207969,0.386730034462549,0.350433736782521,0.394559800582845,0.412828687962238,0.424666584680881,1.55,4.38,4.53,80.3,0.5,0.1,1.1,20
0.609018638988771,0.876500409027003,0.685047721723653,0.853243791951053,8.56123547367752,15.4572411095654,7.93257184635615,7.30015836520121,0.42283576334836,0.43362756280764,0.355480811572261,0.436599024269637,0.378695935673593,0.394213339164807,1.55,4.38,4.53,80.3,0.5,0.1,1.1,20
0.756638093615323,0.502330830676109,0.791375042437948,0.66877249088455,5.79342958715744,8.49787584170001,17.2810801530955,3.23022943680175,0.429348622725438,0.406515840165317,0.430588474508748,0.380570994127914,0.391451553609129,0.435696284143813,1.55,4.38,4.53,80.3,0.5,0.1,1.1,20
0.847653261016868,0.643198106141202,0.746659417543188,0.694673216895573,19.5943966846284,5.08456364646554,19.5913341465197,2.68781823241338,0.385712524441397,0.403263364702556,0.376779827085789,0.397939273521816,0.354596379260626,0.430867349836603,1.55,4.38,4.53,80.3,0.5,0.1,1.1,20
0.759303939238563,0.639060008185357,0.811755951977521,0.520535221002996,15.9215439339913,15.5929312008736,12.3949985116883,4.8999228779031,0.406327512995852,0.414998520336952,0.375338300869893,0.428109905243199,0.413091087076208,0.443990758393845,1.55,4.38,4.53,80.3,0.5,0.1,1.1,20
0.841450052221306,0.821425250690244,0.655455171456747,0.785523208225146,11.6812839193456,7.63953574335668,5.48800095288083,7.2704350024946,0.393369871999649,0.393299217569316,0.353000388102094,0.372435334392637,0.429101519101532,0.362678467880981,1.55,4.38,4.53,80.3,0.5,0.1,1.1,20
0.836867285197042,0.760433950725198,0.51948267114833,0.610521337408386,13.6476190304779,10.0623777247057,8.86553729713196,5.1084622582132,0.440236393750785,0.426745120591857,0.41723265467491,0.372755127086723,0.373873471432319,0.437776330241608,1.55,4.38,4.53,80.3,0.5,0.1,1.1,20
0.542478658550605,0.800480045025237,0.812826151546091,0.567908593912423,14.1000865555042,11.0114032177324,5.51964639707701,3.85824258626625,0.432989990992472,0.353138656396465,0.379557585570635,0.437317906281538,0.379630869141826,0.380344334909506,1.55,4.38,4.53,80.3,0.5,0.1,1.1,20
0.766783328273706,0.875329393816739,0.554272344506904,0.829436162758432,12.4654796499363,14.4344631924317,13.783751037193,5.3539139759047,0.44465437099291,0.388183706232393,0.369833480611583,0.448239671251085,0.405993085964723,0.395815198623994,1.55,4.38,4.53,80.3,0.5,0.1,1.1,20
0.664958452458121,0.886502690149844,0.898495321310498,0.69044153934978,11.5575385736488,16.9840452610096,6.96311587530654,3.93901807204168,0.411116970847221,0.412282362363488,0.439473171576066,0.363286724055326,0.356846830298007,0.361129764706828,1.55,4.38,4.53,80.3,0.5,0.1,1.1,20
0.568279360363446,0.693215478275344,0.836073071203567,0.69009831645079,15.1339085671422,5.59131198012037,6.2982123685698,3.87237168755569,0.397327247593598,0.422792824208969,0.391440489567723,0.377234902155399,0.37492585066082,0.354338147415733,1.55,4.38,4.53,80.3,0.5,0.1,1.1,20
0.589033970176987,0.683302987811528,0.736566084180214,0.823011200114526,17.6671231836849,12.5539520276035,11.7011533159623,6.44593248570059,0.448313697129814,0.371136433858843,0.391321673327778,0.426852114975173,0.447340378749557,0.358466129036248,1.55,4.38,4.53,80.3,0.5,0.1,1.1,20
0.554731641488522,0.50775753672272,0.790728392933495,0.62478325675223,18.1036006599269,10.5000953816692,5.57114343511174,7.50805278972629,0.397173697166285,0.42325144395493,0.350869103667885,0.404741683236882,0.387765095701441,0.425395884665474,1.55,4.38,4.53,80.3,0.5,0.1,1.1,20
0.716380015583523,0.709632311528176,0.861266569375061,0.715287745175511,13.9746627104934,9.97690043297596,10.9697091585351,7.16972423254326,0.441223682501819,0.426828129205899,0.399060684277536,0.383221029642038,0.433487648218218,0.387448231143225,1.55,4.38,4.53,80.3,0.5,0.1,1.1,20
0.849255838301778,0.849315328422561,0.804471077244729,0.83428782086391,16.7761079996312,11.5979210688546,15.878085318068,5.12530348150432,0.444045280565461,0.369155850527436,0.411219287078828,0.375874988339841,0.382804691792885,0.381177501158975,1.55,4.38,4.53,80.3,0.5,0.1,1.1,20
0.750036724263802,0.755353112703934,0.798518794425763,0.762361133893952,14.9142888031504,5.50881669617724,7.86625231777318,4.22769586798083,0.419835905680433,0.359493489551358,0.42925228859284,0.402178073823312,0.429787684169691,0.386378979681106,1.55,4.38,4.53,80.3,0.5,0.1,1.1,20
0.571797417631,0.503728437716141,0.636032598379999,0.830647240576707,15.7258917552815,17.5066858173837,11.4268908640952,2.2633911565803,0.354369364434294,0.426328448710078,0.382332344781887,0.39110499778809,0.410640840723924,0.378167544978578,1.55,4.38,4.53,80.3,0.5,0.1,1.1,20
0.672425873762555,0.779259123348445,0.501128064784408,0.647632737103663,17.1794106335333,17.1744539384311,11.9606330543431,2.48385468167532,0.436254735197173,0.399655909480341,0.408092704304168,0.35974635551637,0.412033959528199,0.351428430811269,1.55,4.38,4.53,80.3,0.5,0.1,1.1,20
0.651463884562999,0.671410127158277,0.779866540298425,0.762620432682335,12.6767868356057,17.3513296318916,7.06719117197208,4.98501785794925,0.361056118191918,0.401061179193389,0.387403029236244,0.357274461269146,0.44807877244819,0.394070400743093,1.55,4.38,4.53,80.3,0.5,0.1,1.1,20
0.600127897026762,0.881338593067602,0.680274881114438,0.817876062341221,12.554350891998,16.634610096172,11.5105257173604,3.20492002970725,0.355362203684635,0.402812159636198,0.390770505085727,0.359372987509286,0.436309293689672,0.37724841296887,1.55,4.38,4.53,80.3,0.5,0.1,1.1,20
0.783410663338751,0.751333757081814,0.773352473265119,0.518396411585808,17.7849254786945,9.7686155975773,15.7977279715985,6.76065841057897,0.39494977596961,0.379928910079133,0.415857118605496,0.39578591002645,0.416351469433773,0.351707945319405,1.55,4.38,4.53,80.3,0.5,0.1,1.1,20
0.586418288569711,0.728986108599417,0.749946107314713,0.740646993803606,11.0583099937439,12.9663052933919,5.0781148817041,7.9371324827075,0.356816917226603,0.371668621748919,0.40058020300935,0.390916434433591,0.369307110312022,0.355850610657688,1.55,4.38,4.53,80.3,0.5,0.1,1.1,20
0.527043358926289,0.599088800382055,0.669693196698465,0.665387104648538,8.31347155658994,15.7267360036052,13.4140989360004,6.26004084850941,0.435387922757817,0.409850725012133,0.358729364173487,0.402698190023145,0.384704706842452,0.432671676145401,1.55,4.38,4.53,80.3,0.5,0.1,1.1,20
0.689255399918929,0.75289356880784,0.82810728136655,0.835976036565006,8.96593843033072,8.32141518446151,18.9899228291633,5.68373406515084,0.398342962532211,0.4215887643239,0.413661186909536,0.360200121419271,0.420833020936651,0.377028435002174,1.55,4.38,4.53,80.3,0.5,0.1,1.1,20
0.702435831176117,0.529849384149537,0.580584476211667,0.875730449704826,13.8346417044569,10.8642673765472,13.4874783982104,2.6243240520237,0.441175073058717,0.446403945120517,0.396891971158143,0.408384378411155,0.386437991642486,0.415479005282186,1.55,4.38,4.53,80.3,0.5,0.1,1.1,20
0.718045233592764,0.630581497145444,0.82080825880114,0.746632462721504,13.0654834507802,15.3637664339412,8.70492349701468,7.8372867702581,0.431631582503533,0.400561949547334,0.369472548960196,0.378554474770278,0.447937394121941,0.384438847627444,1.55,4.38,4.53,80.3,0.5,0.1,1.1,20
0.865283746077679,0.609176028078422,0.844129214081541,0.555648394548707,10.7424612047826,15.8795475990162,17.6414513835288,6.54141281807236,0.414820087629557,0.368704927269742,0.358375186118903,0.409289803956403,0.413681569724483,0.362870679926779,1.55,4.38,4.53,80.3,0.5,0.1,1.1,20
0.727993221285008,0.835861634384655,0.531308158730902,0.736850213046558,15.5499629765004,18.4592644725484,9.31370637997053,4.45824805782735,0.446071871363185,0.366461627469026,0.3688039735239,0.412632663765643,0.375483089039894,0.368955098532233,1.55,4.38,4.53,80.3,0.5,0.1,1.1,20
0.873298013899475,0.776672602281906,0.544783753601834,0.771874941855855,15.2754434953677,8.3946253874572,17.7911185910367,6.89800274982955,0.411337573015085,0.445302903101035,0.354745661444776,0.427924249338824,0.363913942236779,0.434490882428549,1.55,4.38,4.53,80.3,0.5,0.1,1.1,20
0.793817812776379,0.514385295556299,0.890465337983705,0.700726237044484,7.65484024052043,14.177033261701,9.55523887841264,6.20391883654986,0.407488760057231,0.394267871113308,0.40600514381798,0.442701051393431,0.441459063549526,0.382871320588561,1.55,4.38,4.53,80.3,0.5,0.1,1.1,20
0.679284769351222,0.85818706572745,0.742030027993024,0.814191485013068,13.7843157828599,10.2174214515183,5.78571838957956,7.42561020312831,0.360649054860324,0.428612104290072,0.384714378956147,0.352491543614212,0.442902264385717,0.422551102916524,1.55,4.38,4.53,80.3,0.5,0.1,1.1,20
0.831896619324759,0.59646241699215,0.613953959814087,0.565766803821363,6.27349149660673,6.58347202005796,6.63639721634798,5.77045439608116,0.429864742901409,0.446852095408505,0.384179310190445,0.363848734857747,0.362450834818883,0.393501472932613,1.55,4.38,4.53,80.3,0.5,0.1,1.1,20
0.726929194679856,0.726662880253233,0.721936613841169,0.679124857668579,14.7986474629072,16.1722732724971,13.137627685722,4.03738436118886,0.394413167018443,0.401781255008932,0.446350358127011,0.417844997712458,0.371516891056905,0.413834576757159,1.55,4.38,4.53,80.3,0.5,0.1,1.1,20
0.753177736694925,0.895758116418496,0.621174743423611,0.603140662041679,9.15326786523685,13.0981865571509,15.4243432221399,6.91707767753862,0.404076598867402,0.434027657843195,0.406278429356962,0.441928288297076,0.39598180458853,0.390407489134232,1.55,4.38,4.53,80.3,0.5,0.1,1.1,20
0.708150814435072,0.722150232198276,0.65135830313582,0.518538002054207,11.4959026539628,9.31129414496711,11.6292106488324,5.03237289442495,0.384953711627331,0.389802843894763,0.423401291706972,0.427095790645247,0.388156025788188,0.385269303193688,1.55,4.38,4.53,80.3,0.5,0.1,1.1,20
0.79486190056596,0.576455670267344,0.698129792332649,0.695672574585117,16.1517349821329,13.757245990932,12.6333735768427,6.4958869220335,0.42502008645176,0.370906933967397,0.354029428098071,0.377937651951145,0.404119982764777,0.410341990531003,1.55,4.38,4.53,80.3,0.5,0.1,1.1,20
0.705229803832062,0.761654791166633,0.517878267380595,0.73962326282151,7.41025515476242,18.8751109224395,12.0798180669989,5.54844088132121,0.40974052533037,0.384176743762801,0.414778333607409,0.37000171501264,0.367637334220391,0.387885184672289,1.55,4.38,4.53,80.3,0.5,0.1,1.1,20
0.521867696012929,0.874213990531303,0.542796898494847,0.727546405995451,5.93151963563636,11.2797494001337,7.00930451662745,5.69827904759999,0.381269238446746,0.429360105151823,0.399679366455181,0.408163625582401,0.380139618602442,0.407088767472701,1.55,4.38,4.53,80.3,0.5,0.1,1.1,20
0.889770862272754,0.6885667906221,0.660701699789427,0.838031413076445,13.626599150477,5.19144469299587,19.6961243302655,4.44439946570341,0.414763354081754,0.436104219472874,0.362335311552929,0.412941959987674,0.367922207510518,0.361912732331082,1.55,4.38,4.53,80.3,0.5,0.1,1.1,20
0.63616029955335,0.661587873355299,0.593581398081034,0.636648912143335,15.6461526562297,8.01703236848582,8.95412125798408,5.5243606466651,0.351956975986809,0.419230420689471,0.44076025451906,0.396923824073561,0.390731779264147,0.422928350184346,1.55,4.38,4.53,80.3,0.5,0.1,1.1,20
0.776470067242719,0.711431653106771,0.824499779228494,0.76100002564583,11.0244708405458,9.12083929249318,16.1351558348024,7.8706746958904,0.376868857283611,0.396290692169452,0.446835597785655,0.367486291653896,0.427934978031646,0.428835831682803,1.55,4.38,4.53,80.3,0.5,0.1,1.1,20
0.764269465103746,0.870776229179651,0.504803434203565,0.582461958251335,5.84434902943904,14.3527217418095,13.3607426124974,7.78975637375936,0.44264099751967,0.413198703778302,0.380084614598658,0.388542293583229,0.374107746721944,0.395213268782804,1.55,4.38,4.53,80.3,0.5,0.1,1.1,20
0.670921277632378,0.786274651958235,0.814863288708776,0.705516055051796,5.19722609770251,6.17620456636651,17.5401577785425,5.50270832496695,0.413303935063072,0.366766808722634,0.446462653781939,0.444220990546607,0.400725487867231,0.445351981327822,1.55,4.38,4.53,80.3,0.5,0.1,1.1,20
0.656194029149227,0.560413979386538,0.708925380306877,0.681444052784704,11.3485195876774,14.0430480779125,19.5146087908023,2.42205143145937,0.425528328661341,0.42798620644873,0.385936031448515,0.399244635942625,0.433064887271216,0.368340447957814,1.55,4.38,4.53,80.3,0.5,0.1,1.1,20
0.739328804824129,0.848759268236719,0.664985587828793,0.854967996832915,16.4071044701641,9.85788312807214,12.1688741277624,3.41279484946933,0.430930269659497,0.404021381775802,0.362047346606897,0.376355813571299,0.370044440049352,0.373575155717926,1.55,4.38,4.53,80.3,0.5,0.1,1.1,20
0.712626595233567,0.891441733285226,0.56695245787017,0.796213671393879,9.80266877055401,8.46552256864961,6.45730493748561,7.17738455882668,0.395558044697531,0.354386884345487,0.435968080404215,0.365947279218957,0.421476628238242,0.366529258255428,1.55,4.38,4.53,80.3,0.5,0.1,1.1,20
0.530356561724283,0.818209497788549,0.754420675306581,0.576447066763416,18.3004943425045,8.90550090748817,11.5772672495106,3.12226649006084,0.437787240914675,0.410700473280856,0.382658200354688,0.386002849295642,0.415623149062181,0.365939886125037,1.55,4.38,4.53,80.3,0.5,0.1,1.1,20
0.685257326965593,0.884196010013856,0.556117533733696,0.667702692350745,19.9430569057842,5.69273535475833,8.80223316594027,5.5082802272141,0.391395227118814,0.40504313880126,0.379606491763517,0.36297291539209,0.393108961004671,0.397828836658597,1.55,4.38,4.53,80.3,0.5,0.1,1.1,20
0.763032846626639,0.515903273425624,0.606267324817926,0.816668971726112,11.8369092975929,17.6889850925794,6.28228343594354,7.14691327735502,0.428533411824703,0.361276618614979,0.422668147843005,0.402209167657839,0.445794042829098,0.361745221461542,1.55,4.38,4.53,80.3,0.5,0.1,1.1,20
0.665752365944907,0.627990891658515,0.878725424665399,0.596879730962589,19.3895137402625,7.19809354773723,8.06376311672852,7.48860391906742,0.430694868527446,0.443470981021412,0.41494859949071,0.3599874828598,0.382197526736883,0.369375259707496,1.55,4.38,4.53,80.3,0.5,0.1,1.1,20
0.795645231588371,0.80319784301091,0.829384865020402,0.513568985530362,6.51461177619407,16.9223426000145,15.6017191759683,2.7776101794783,0.426543954242813,0.411916543723783,0.402647360410541,0.396329497790989,0.388281674284628,0.42628878801642,1.55,4.38,4.53,80.3,0.5,0.1,1.1,20
0.887126359811425,0.621085268953443,0.69476060028933,0.670150961773656,5.35062542830827,13.0375349664385,17.8353315795446,4.72532504502963,0.35160357489991,0.37033071964425,0.388076418606332,0.38804647509451,0.448907115033129,0.373621777363587,1.55,4.38,4.53,80.3,0.5,0.1,1.1,20
0.535587118765526,0.596979791790061,0.672642335063592,0.565328342938237,9.72756336057093,15.6810718947649,6.35188087986317,7.65788420522027,0.385591910102917,0.367119997330895,0.367405923170224,0.381419256929634,0.439936565251416,0.351127966377651,1.55,4.38,4.53,80.3,0.5,0.1,1.1,20
0.761434802665003,0.752068710708432,0.845233259214461,0.627594678902254,6.43056515660603,10.9516093771788,19.0368814331852,7.39773513081111,0.387626840996183,0.368090618690383,0.425165812997194,0.422184238129947,0.407721568214847,0.397281846065121,1.55,4.38,4.53,80.3,0.5,0.1,1.1,20
0.77926075044442,0.830830199355818,0.558399747793376,0.86247831453085,19.316628277523,9.10583249578951,10.739062533204,4.79774894471467,0.364423844456393,0.379192490710597,0.393517778075114,0.432040108605893,0.44394380700686,0.36086458764351,1.55,4.38,4.53,80.3,0.5,0.1,1.1,20
0.851053968550265,0.700800650773384,0.572946389249899,0.780451952093467,16.8726292749657,13.333672253429,16.6662697907421,4.34951850078907,0.391973451609584,0.422399888469977,0.413835467685061,0.411167994279135,0.358958262581564,0.356909961848333,1.55,4.38,4.53,80.3,0.5,0.1,1.1,20
0.85519897758849,0.554231075756066,0.887413244443573,0.556377874776721,11.4014918279788,12.1321716748946,7.36849317654967,6.84808446361404,0.425324498226913,0.375200213317107,0.358530256984802,0.354675608892459,0.387249992126506,0.420989274976728,1.55,4.38,4.53,80.3,0.5,0.1,1.1,20
0.687534643687122,0.807990559341572,0.825243055839278,0.751852543633804,13.1160499975039,16.8289565135632,5.74499977033353,2.5483408576427,0.396561871818639,0.409123129537422,0.427109244482406,0.432616989280377,0.432986562641431,0.37795514382557,1.55,4.38,4.53,80.3,0.5,0.1,1.1,20
0.870017301552556,0.677162256376073,0.591644082462415,0.58387204936482,5.28862602528185,12.6608464560797,11.177727702267,3.28661147058569,0.397911846397771,0.355525073683914,0.350172702039965,0.438797088138713,0.434160842480464,0.353516417364217,1.55,4.38,4.53,80.3,0.5,0.1,1.1,20
0.731073528184183,0.623711338272318,0.752648623291962,0.711904986459389,15.3323788998579,8.69925954238512,14.3540422998276,5.05768441353273,0.401927635958837,0.424450260281004,0.363809536280343,0.360048792430479,0.42220540283923,0.36220705669946,1.55,4.38,4.53,80.3,0.5,0.1,1.1,20
0.661259655276127,0.73358925045915,0.509640229893848,0.568435667811148,12.987636700361,13.4502551509603,14.6101347904932,6.08742266021017,0.438241811313014,0.388359173811227,0.363618635143992,0.393921765553905,0.411523696670774,0.364993068743777,1.55,4.38,4.53,80.3,0.5,0.1,1.1,20
0.803966162727028,0.555222324568406,0.786290377839096,0.851476554970443,12.5249210360157,11.8378659532731,11.2050194540457,5.10324079944007,0.409312213115441,0.428271362790745,0.422303652726253,0.423555340213375,0.449785267520929,0.403012046474731,1.55,4.38,4.53,80.3,0.5,0.1,1.1,20
0.634886027447693,0.824383768992685,0.830877143937163,0.629472217869014,19.4173266076529,15.8530126979738,9.02505153048318,6.74610620061029,0.399627894739667,0.368273576845508,0.429941961010592,0.372265996675333,0.418298416459514,0.358336859804764,1.55,4.38,4.53,80.3,0.5,0.1,1.1,20
0.758196954840794,0.886198916228488,0.617265314156748,0.630747158096544,13.7962349555502,8.17504817892564,13.3083558554668,5.2849829033399,0.390588813561574,0.353207210902777,0.377251737828692,0.398681358415959,0.41435701221507,0.408310799699649,1.55,4.38,4.53,80.3,0.5,0.1,1.1,20
0.511454539038614,0.764799256686494,0.665691736599058,0.699665119375102,14.5929347388214,9.575374136467,19.3218378267391,2.0825446919864,0.411532522864314,0.373583376703644,0.411518951069238,0.404129567596875,0.421920214487705,0.376337369323568,1.55,4.38,4.53,80.3,0.5,0.1,1.1,20
0.760086446760595,0.843601547088474,0.715003113907762,0.62171033748854,10.2862161081983,18.5019312991342,8.66654367788462,4.36016289224755,0.414108527184604,0.415469444181677,0.378606995665934,0.420444114076206,0.362783894452825,0.411505370917823,1.55,4.38,4.53,80.3,0.5,0.1,1.1,20
0.585546157896891,0.60509580348134,0.79741019813288,0.856104476116784,6.65364380588289,12.5820271386066,13.6336153249536,3.47733474559896,0.419519877817947,0.423982418462634,0.40001087146746,0.410677306773327,0.352217094326811,0.405075920461724,1.55,4.38,4.53,80.3,0.5,0.1,1.1,20
0.83923669696562,0.513502096433192,0.662733708906546,0.601660932114534,6.64747928045457,6.6512056796765,12.9313453908777,3.00936663307715,0.441784900092986,0.390539995320793,0.405769097190537,0.443365862230817,0.417627764730016,0.443385748853395,1.55,4.38,4.53,80.3,0.5,0.1,1.1,20
0.580618268687092,0.519493338202126,0.595538312703371,0.88270019017458,12.7000390737527,9.53586221872829,14.0536706057633,7.28406644131709,0.437152523908718,0.423097652425664,0.37543925768272,0.35065072931014,0.43677159656533,0.444740143483086,1.55,4.38,4.53,80.3,0.5,0.1,1.1,20
0.570164333897829,0.501364741235599,0.737824091683514,0.794621801112965,11.9163881070283,17.0731718273461,6.80025903041009,4.64081871701591,0.4135473566256,0.401923726030998,0.449407313343603,0.445223177142534,0.364554485163,0.428045874604862,1.55,4.38,4.53,80.3,0.5,0.1,1.1,20
0.838442716305889,0.785034860678576,0.810329104819335,0.605639706336521,9.95079961946001,11.9874318590481,13.5902469404694,7.91746793612745,0.444561525933491,0.379338136443263,0.384557901720935,0.393028934215941,0.393420830785017,0.387650563140726,1.55,4.38,4.53,80.3,0.5,0.1,1.1,20
0.51712523961179,0.552249965444207,0.597735897409543,0.534837814866565,8.70701518005226,9.50533484901534,15.2953019444784,5.84527068572957,0.357437012270186,0.382738361091539,0.437782287648134,0.443965808136715,0.411318335957592,0.394411864970485,1.55,4.38,4.53,80.3,0.5,0.1,1.1,20
0.704177170136943,0.567094856198505,0.829700987898558,0.774702684627846,6.09574659373146,6.6248630586965,8.99454159609275,2.64998275180999,0.379105289865239,0.40375595470746,0.383312386006303,0.448900071239146,0.406133727799682,0.380041505382489,1.55,4.38,4.53,80.3,0.5,0.1,1.1,20
0.650100083632954,0.646498989897966,0.715889836844243,0.722732106599584,6.36624113680329,13.0495866695838,6.90803620668827,4.11012388576847,0.382152722138586,0.433014064340992,0.357171843936294,0.411339077083301,0.441127619999927,0.353015863207774,1.55,4.38,4.53,80.3,0.5,0.1,1.1,20
0.765132118475251,0.731275081394613,0.510625643485412,0.580297850440256,6.49258563891752,19.9035051141307,18.945840394015,7.64441711862665,0.410085718779312,0.415110685527604,0.361126936957845,0.378174454751797,0.374579102423647,0.365447898479458,1.55,4.38,4.53,80.3,0.5,0.1,1.1,20
0.6377429990042,0.649293680270203,0.703094829244167,0.530642304509878,15.0633862990909,16.4518374030944,8.14864427915774,4.77631270357128,0.392969091942068,0.383989767031139,0.444105464059068,0.38199521521125,0.354948369141156,0.439894910654333,1.55,4.38,4.53,80.3,0.5,0.1,1.1,20
0.652924109887518,0.84063899439536,0.571299644400552,0.8367420196414,6.05902161603561,7.4116660005739,12.9603929515462,5.63940530760679,0.388792977999896,0.385794133904809,0.35590524198981,0.424029608404683,0.423965737467632,0.403371791463532,1.55,4.38,4.53,80.3,0.5,0.1,1.1,20
0.782378127503954,0.871559572467767,0.652314314100146,0.741747402286716,17.084770801242,13.712944808472,11.1319698227989,7.76565678364318,0.354966097770492,0.374990064917039,0.398806078712875,0.413808127479348,0.435948314265022,0.368066910568997,1.55,4.38,4.53,80.3,0.5,0.1,1.1,20
0.66014126416184,0.567322842482291,0.610331394498423,0.848401089090481,19.7455656762887,10.8439268694329,7.43423429261893,4.60848151146621,0.369943903481495,0.351668869810225,0.433628472374519,0.425825976977032,0.370440486903163,0.426450613974035,1.55,4.38,4.53,80.3,0.5,0.1,1.1,20
0.526188087828271,0.705519355475158,0.895821885174513,0.62694163715858,13.1345050659915,5.42325949617429,6.5639630825771,4.88112282085046,0.404983085006662,0.402781618111627,0.419284640433872,0.374443363411818,0.427676283803862,0.438263738452504,1.55,4.38,4.53,80.3,0.5,0.1,1.1,20
0.596222398030758,0.705783856750652,0.783402752460167,0.860285354485549,11.8623546961951,15.9943981412845,9.23492882729974,7.98273460545857,0.403551785296528,0.429097455258202,0.385548289727466,0.401784441710217,0.391195412121527,0.448355727220932,1.55,4.38,4.53,80.3,0.5,0.1,1.1,20
0.775428211721219,0.663106709995493,0.85656699136626,0.642643765808642,14.503070008154,13.2855979673704,17.7210850163549,7.10328566152975,0.420814097564528,0.388653671988286,0.448376200480759,0.439163826003764,0.390539631096227,0.435364116676198,1.55,4.38,4.53,80.3,0.5,0.1,1.1,20
0.790289667855389,0.745798809969612,0.728352504148707,0.805575194728375,16.5988239965448,5.94635941694025,15.9322276822082,2.26493873990979,0.365706974181533,0.387289450134616,0.372946545730904,0.393551885164762,0.434492578484304,0.38152114254483,1.55,4.38,4.53,80.3,0.5,0.1,1.1,20
0.527718254665844,0.894162859396078,0.689856269575842,0.604743335813098,11.7469370011659,12.3052929506451,7.08677984600887,4.58072700963542,0.419395757129183,0.393950541683985,0.353495043798815,0.3531093083065,0.398761518788105,0.417618033638922,1.55,4.38,4.53,80.3,0.5,0.1,1.1,20
0.82624364377819,0.850169691859558,0.815615506158583,0.551434213479422,8.47212234273553,6.60906122450717,7.96276829561219,3.02753466632497,0.39467088688924,0.419434970958671,0.412049854087317,0.417060369625129,0.362809307331452,0.358758701489447,1.55,4.38,4.53,80.3,0.5,0.1,1.1,20
0.655705864338763,0.804568859570101,0.666627273969166,0.720179059418664,15.6524508132366,16.2755510771624,9.84808927675011,2.33150375421811,0.401544684574055,0.390616922895378,0.368782092725998,0.385922795087332,0.358433272307599,0.377731055948464,1.55,4.38,4.53,80.3,0.5,0.1,1.1,20
0.861286139186658,0.651049643910676,0.668298354869708,0.798459093852714,8.92497348810779,16.0744951782655,19.8267964073387,3.57088956841547,0.368080924642971,0.420131497391779,0.412692539548501,0.413318091131328,0.430661291268328,0.398722061970551,1.55,4.38,4.53,80.3,0.5,0.1,1.1,20
0.809556095345132,0.682160310955718,0.777791182543338,0.837411783804558,15.0442093893723,12.6439768486749,8.39105739314342,5.8217082027914,0.362404017858394,0.366389002441801,0.41016199203385,0.425644776977878,0.368742900057137,0.397552619748516,1.55,4.38,4.53,80.3,0.5,0.1,1.1,20
0.572494722528383,0.894959677960724,0.694229055820592,0.69806286186222,16.0857223273953,11.6760571182799,19.2733561366564,7.33498627451528,0.370631387736928,0.385015503942501,0.42297340961392,0.35048742322647,0.416058682407066,0.393359308403684,1.55,4.38,4.53,80.3,0.5,0.1,1.1,20
0.532536457957886,0.754674924164824,0.602347800808586,0.619355280374549,9.45483909656527,12.5288679352961,6.33471493377816,2.67494201422855,0.366707774930866,0.39183219762654,0.421259900775412,0.411927242362918,0.350157462001126,0.400438988991128,1.55,4.38,4.53,80.3,0.5,0.1,1.1,20
0.575435638741776,0.718590302642062,0.729674579531886,0.776074759186432,13.035847423966,14.6506697978289,5.12809125854867,6.62918867431581,0.442589901580056,0.435204455775023,0.438311481728032,0.406230585859204,0.377707019493543,0.437493773396965,1.55,4.38,4.53,80.3,0.5,0.1,1.1,20
0.649333759390749,0.670570983921364,0.618983418732695,0.561471343209781,6.80892202683026,14.2230279936083,7.77492479792796,5.61112185597792,0.43738997829468,0.434425572499447,0.354937388607021,0.368631783729326,0.424952591435658,0.421804583876114,1.55,4.38,4.53,80.3,0.5,0.1,1.1,20
0.693538332472183,0.508596962226741,0.63554234935157,0.771107576717623,18.1941580973705,6.38252428686945,7.72240375161171,6.56800488923211,0.398581353477575,0.39000469136131,0.370199289363157,0.449018413938768,0.35160115102767,0.441368092169892,1.55,4.38,4.53,80.3,0.5,0.1,1.1,20
0.67797453985773,0.541094488694519,0.555304174892977,0.866021025942452,18.6349051983072,11.8885472575482,19.7978122385428,2.27630026503466,0.427549133789633,0.384693885843642,0.358054756246554,0.420659712633071,0.35907996312147,0.434921424341994,1.55,4.38,4.53,80.3,0.5,0.1,1.1,20
0.666981025927886,0.802035473101214,0.731079772764817,0.803664150610007,17.618071823197,12.4681616947846,11.0919567147968,7.22510567113757,0.388810755974986,0.387043669896899,0.420018449880229,0.423088500246126,0.396416484786337,0.396930252503697,1.55,4.38,4.53,80.3,0.5,0.1,1.1,20
0.688730053833127,0.765947428910993,0.697340070189722,0.736611069255136,18.4700742890174,6.34694644799689,14.5296604692773,7.66777913585864,0.384085731077939,0.430204670871748,0.382177328090463,0.413525106192567,0.380412597390264,0.438832371910289,1.55,4.38,4.53,80.3,0.5,0.1,1.1,20
0.806489060820267,0.756723736947589,0.850547455276922,0.577509670110978,5.68237769745057,9.45897946550278,19.5430025580362,4.75162284823041,0.405692104923818,0.361864335695235,0.412834439262189,0.37823000056576,0.365866723970091,0.388701792159537,1.55,4.38,4.53,80.3,0.5,0.1,1.1,20
0.778880325740017,0.613881263792142,0.739760214857571,0.553198828553967,12.638580052827,5.47084883699892,18.2902585272305,5.98681569137331,0.375844131239783,0.442846452501277,0.440317751335632,0.416666331623774,0.370892586490838,0.442744393712562,1.55,4.38,4.53,80.3,0.5,0.1,1.1,20
0.560838135788031,0.707650261833333,0.751721817265451,0.698690583405085,17.7202802203712,14.7951796764461,14.1694366813335,6.79814388165344,0.399142386884009,0.43071207770342,0.406803708823351,0.426644913542736,0.415370373500744,0.399426891047042,1.55,4.38,4.53,80.3,0.5,0.1,1.1,20
0.884990954574384,0.692086778787151,0.793340264536254,0.545422679033317,14.3552148509817,5.74062385575846,12.8092413143441,4.26550957312621,0.415299549367139,0.362322655650973,0.407932481171796,0.387560450583277,0.4034964078316,0.422119181035971,1.55,4.38,4.53,80.3,0.5,0.1,1.1,20
0.69644459744487,0.52266744915396,0.881084168674983,0.612620272079483,19.7954770212784,11.1298751777573,9.18552729440853,3.2492114132084,0.431332372037601,0.389397624757653,0.392795314478641,0.41989978334452,0.438306497995788,0.390061521998607,1.55,4.38,4.53,80.3,0.5,0.1,1.1,20
0.567118181373738,0.74276962797679,0.889553225498833,0.676608209203929,16.337898937508,17.4337124411785,17.253698512977,7.07453833093215,0.39354511152897,0.354795836643176,0.355166017648578,0.409194547088072,0.437254889155971,0.420437061949354,1.55,4.38,4.53,80.3,0.5,0.1,1.1,20
0.601583505433984,0.708831484921277,0.585991318622418,0.818797534137405,15.8158684764104,7.02497808987973,13.1890245967475,5.61547080472857,0.41587194064809,0.406324082091078,0.373057714155223,0.415899690396804,0.36642483322667,0.390604690823238,1.55,4.38,4.53,80.3,0.5,0.1,1.1,20
0.537682368570752,0.806089196150191,0.506360348975286,0.515351652530953,8.16314274271485,11.6253538432764,16.2693693480175,4.7024589145584,0.374954072664911,0.35373243376459,0.420906790983072,0.376574320194218,0.420082491221651,0.355377655121265,1.55,4.38,4.53,80.3,0.5,0.1,1.1,20
0.82220617265664,0.592747468237393,0.836897685506381,0.884325557251833,12.9659650670877,16.7948278409499,16.8631238940917,6.37944476158079,0.409100272071501,0.365794927264471,0.443826206180453,0.389369993091887,0.356499278851552,0.358193536037486,1.55,4.38,4.53,80.3,0.5,0.1,1.1,20
0.899136375332065,0.812731892773136,0.727968513922207,0.585419021811709,19.672435046304,17.3135390151036,9.44413890243275,6.80538694332447,0.368628711600369,0.440061872369889,0.425620614290843,0.385019963864051,0.43656817444698,0.35339581165337,1.55,4.38,4.53,80.3,0.5,0.1,1.1,20
0.510558495840058,0.660226105899178,0.551950331749395,0.628317612693086,6.92890809846111,5.60479340384481,10.366157915846,5.06647890833579,0.3793989660942,0.432520814207383,0.371158623696258,0.366584542868333,0.393888434499875,0.376166383948643,1.55,4.38,4.53,80.3,0.5,0.1,1.1,20
0.84200280342754,0.652021633905545,0.857353248962387,0.669178186418489,10.8390385589539,14.5890249362099,5.55075727980351,2.66221955637448,0.376575969933393,0.40587527912599,0.411935192450415,0.391451474618306,0.401475952023454,0.37032587433923,1.55,4.38,4.53,80.3,0.5,0.1,1.1,20
0.553722769332491,0.585090334412269,0.771428996150196,0.727051139612682,15.2134359376016,10.7386057492858,7.27429157979321,3.74786562640313,0.390796886519669,0.379427211142145,0.378324569593277,0.354240256397938,0.391860406388575,0.419414790171944,1.55,4.38,4.53,80.3,0.5,0.1,1.1,20
0.755033166695759,0.636547366570495,0.604705177533254,0.620110028780066,19.7284260104038,5.78564642644255,8.5118882024684,7.09128900629748,0.446224367588991,0.383555325016612,0.403556874553999,0.440312496683188,0.445801787131093,0.419669120321097,1.55,4.38,4.53,80.3,0.5,0.1,1.1,20
0.735405438493751,0.640985677982867,0.598904941751622,0.503921897286736,19.0770951364259,6.29622177918442,14.5586954769352,2.00678502716869,0.400023855809681,0.392455977974879,0.364636129488517,0.408802914577303,0.410015648877621,0.449848649852304,1.55,4.38,4.53,80.3,0.5,0.1,1.1,20
0.822585937546194,0.825392497498542,0.740045985318534,0.744594192809425,14.2267297919793,14.0281639393745,17.6897965023317,2.34961525745504,0.369250416933792,0.389718929369235,0.433305769420462,0.409877277183859,0.352072515366972,0.364538923052792,1.55,4.38,4.53,80.3,0.5,0.1,1.1,20
0.652244865398668,0.842076845139451,0.880260056288913,0.840708014024422,17.1414890267653,7.31928905681241,12.2189807416336,2.21947294842266,0.398762140084198,0.399577843906824,0.396220830258029,0.363121880532661,0.439297275720444,0.426179902537167,1.55,4.38,4.53,80.3,0.5,0.1,1.1,20
0.696956579431146,0.792202923520282,0.78154623136837,0.847018504654057,6.76076020676177,19.1028756242385,12.4642487234506,7.49902996988315,0.43971929490543,0.406182212012541,0.433542273685988,0.355635124917282,0.380673932381067,0.392009269204736,1.55,4.38,4.53,80.3,0.5,0.1,1.1,20
0.643358847804368,0.516419877953455,0.653379359826446,0.533136006557569,8.99753576757153,17.7430410618451,16.4416321246512,5.65510564287752,0.358541639916133,0.437357309378777,0.443245295083476,0.446297327414388,0.437459731089696,0.437904043584364,1.55,4.38,4.53,80.3,0.5,0.1,1.1,20
0.855595382524468,0.749327105665766,0.574403338378482,0.562425509010814,17.2948833363876,19.8678568374179,16.8193047360517,4.84726593006868,0.428908597266208,0.42212205260112,0.416396560167521,0.38089866167903,0.407904856761219,0.376582992032124,1.55,4.38,4.53,80.3,0.5,0.1,1.1,20
0.824674118820392,0.808991857917793,0.871839147035778,0.68240612129122,5.70940529713407,6.26283055253094,9.27506448163884,6.99739487217739,0.373124399838923,0.424955362332519,0.362937022440787,0.400139186281851,0.424017500421917,0.372246674384363,1.55,4.38,4.53,80.3,0.5,0.1,1.1,20
0.818691025371477,0.688834519591183,0.818616501544975,0.85859993941132,16.2617063558754,15.5272939080023,17.3871823327313,7.63777395278029,0.424369278088724,0.417649106108584,0.445603620101884,0.429174958822224,0.370778329848871,0.441560790987778,1.55,4.38,4.53,80.3,0.5,0.1,1.1,20
0.713621594987251,0.74047574759163,0.832447362799011,0.587946356750839,14.0667689024936,11.0509061636706,17.2279380781413,2.38812713411078,0.392005337332608,0.38281594293355,0.421720038655819,0.354831310636271,0.383198891064897,0.415157680640835,1.55,4.38,4.53,80.3,0.5,0.1,1.1,20
0.773333743198402,0.67419826898966,0.546042158176936,0.569007155888528,15.8820339580602,15.9758003777405,11.8876175253233,5.23862168645859,0.400364589605527,0.377429746809602,0.42395879389951,0.418842844863283,0.42570100524053,0.417239340249961,1.55,4.38,4.53,80.3,0.5,0.1,1.1,20
0.617255959158577,0.847337790589407,0.536164537007734,0.775667627712339,5.81142399760429,6.70247293239692,6.94964760068571,6.1370756060211,0.378190704853414,0.388879178248812,0.399944860786945,0.400399162180163,0.440448542861827,0.401844037886616,1.55,4.38,4.53,80.3,0.5,0.1,1.1,20
0.789566952450387,0.750105686035007,0.589638359859586,0.793244205783867,16.3474558417453,17.6104955315962,6.4838126721303,6.19080175479408,0.445232351679355,0.382046848563105,0.421519664085005,0.410910032464843,0.363265127362777,0.402894652073411,1.55,4.38,4.53,80.3,0.5,0.1,1.1,20
0.58084529532399,0.737267926123925,0.679216553605907,0.570446768692322,9.38752626753645,13.1514805192174,15.0700160927954,3.76206324031577,0.350577041705511,0.397327437284635,0.40206171203116,0.352619540248392,0.357045079945913,0.427083802464185,1.55,4.38,4.53,80.3,0.5,0.1,1.1,20
0.543605502462015,0.675292626591399,0.733764529568143,0.525584953248128,12.6028070106893,19.6198378995922,18.656724435701,3.05190522308927,0.361519822896179,0.393781007763371,0.43784855705197,0.410292342528189,0.429205931456899,0.447140489707794,1.55,4.38,4.53,80.3,0.5,0.1,1.1,20
0.864722671529092,0.554573167585768,0.58419838996958,0.655121808667295,13.9423392108222,19.6406589369336,14.4210455879034,5.91835107840039,0.424595062378328,0.444944906344591,0.356527973719686,0.357142680409318,0.409773804509826,0.407289442091761,1.55,4.38,4.53,80.3,0.5,0.1,1.1,20
0.551538806505129,0.556772850085609,0.701977514778823,0.693343673017621,5.58006753833499,15.7866841003811,14.7586885217042,2.70774100223742,0.352553339471621,0.421282795352023,0.367632211327413,0.449251307772333,0.436176841487642,0.445673991491366,1.55,4.38,4.53,80.3,0.5,0.1,1.1,20
0.763904262941703,0.846028411989659,0.588133779262938,0.753739510416426,18.8409270036267,10.9104003036651,11.5436677861307,6.11448402720504,0.423655660876259,0.377295726058725,0.367932672870439,0.387105039352877,0.422415451625781,0.359180607681349,1.55,4.38,4.53,80.3,0.5,0.1,1.1,20
0.780743418172002,0.665635081698932,0.53367409536913,0.573773265957832,7.45852961041266,15.4175255855988,5.09506676098798,3.89002299941704,0.414241198653774,0.395773719333624,0.427631942875497,0.418023660923913,0.449371380465711,0.409242967770668,1.55,4.38,4.53,80.3,0.5,0.1,1.1,20
0.574185532335751,0.777027715358511,0.511908286203817,0.507351955409721,13.6718972609728,10.7850879656267,18.477391162971,7.43644514641259,0.446487489599176,0.409445461746491,0.403819914084766,0.361577621891815,0.428264311150275,0.372491238217708,1.55,4.38,4.53,80.3,0.5,0.1,1.1,20
0.626888757974096,0.518270573683083,0.864469232842885,0.84283123616837,16.8897060105903,15.0998099777033,16.2812875534152,2.37590995746572,0.410932585667679,0.384909853546042,0.366559537561657,0.416117988027912,0.406705713627161,0.442205207838956,1.55,4.38,4.53,80.3,0.5,0.1,1.1,20
0.588486250041239,0.77259819053784,0.630491207166761,0.843366994482093,17.4311803917168,11.7355931137782,12.1324019333464,6.27616438034084,0.37232425118098,0.446298699365044,0.351718472651253,0.406153647678858,0.438500514172344,0.385972412727075,1.55,4.38,4.53,80.3,0.5,0.1,1.1,20
0.80189248376824,0.594963079176843,0.778837973009795,0.885065495003201,13.3375582402456,16.5556038457528,8.89924829353113,3.52438004337996,0.390154909933684,0.431668166800169,0.43680833106651,0.35747217640765,0.355877352469554,0.443022849219386,1.55,4.38,4.53,80.3,0.5,0.1,1.1,20
0.506309523765184,0.546594610713981,0.688081990146451,0.738525804687664,12.3152820645832,11.2314478475647,10.0505399432918,2.74329830666259,0.360488601667108,0.378560474063456,0.351004944941401,0.350885607098509,0.417280013168091,0.375148303128593,1.55,4.38,4.53,80.3,0.5,0.1,1.1,20
0.748126097620651,0.647779364143312,0.523592377360351,0.716669208705984,19.7839845761471,12.7117690989631,12.5493942526146,7.70541609121114,0.403800597492,0.44773664211994,0.427249084542925,0.383178922494641,0.352681268584356,0.414029510855721,1.55,4.38,4.53,80.3,0.5,0.1,1.1,20
0.836573509600014,0.813821356874891,0.570642580850609,0.527945127857477,11.175008851944,9.27997758068843,5.18978511679219,5.94647312993743,0.40473936899961,0.408033571719378,0.43579291256289,0.405472085037502,0.385979896653071,0.381273874601442,1.55,4.38,4.53,80.3,0.5,0.1,1.1,20
0.663649771615304,0.706785142261349,0.662192227707617,0.505451367484965,6.85181781515246,10.1505656207819,18.5101002615504,4.02178755343333,0.400623218221916,0.391622633067099,0.368179482426355,0.408673304395564,0.399652063363139,0.363294692022167,1.55,4.38,4.53,80.3,0.5,0.1,1.1,20
0.608248301090859,0.566257325597294,0.896855067089945,0.544127614991739,11.6992945238878,17.2494945053058,13.9903522640467,5.80106453640759,0.359223295459803,0.420513650680939,0.356077994640078,0.359050317518879,0.388951830372307,0.444012441794947,1.55,4.38,4.53,80.3,0.5,0.1,1.1,20
0.566259103954956,0.69152425687965,0.545104794552922,0.895536383113638,10.5865976265445,15.8921414146642,15.0351795508503,5.34291596050654,0.381477843158832,0.405297139800619,0.431726959484583,0.439840760428552,0.377476170257991,0.436719554355647,1.55,4.38,4.53,80.3,0.5,0.1,1.1,20
0.709499357337505,0.528913059624843,0.676253804509528,0.851023831120878,19.1930363185448,15.3486317466828,9.7028996504005,4.07265525845531,0.357969581760513,0.417269922858337,0.36489288662239,0.420366178139905,0.428188053212035,0.359586928850319,1.55,4.38,4.53,80.3,0.5,0.1,1.1,20
0.647736768030003,0.504117800248042,0.817096740249358,0.651388540284336,15.5023659125133,16.1189883318171,15.958158688941,2.06268340112828,0.424885632839892,0.400278559387289,0.393841841870872,0.426013514373452,0.440094475563988,0.436052761530783,1.55,4.38,4.53,80.3,0.5,0.1,1.1,20
0.818387541094795,0.842877438918688,0.677941615245678,0.692051021571457,10.3625032035774,8.59159255969105,16.9497042738949,6.71621843316779,0.433923953593057,0.414759665116807,0.400366731046513,0.379329922518041,0.431852549567679,0.357905741059966,1.55,4.38,4.53,80.3,0.5,0.1,1.1,20
0.861630191344768,0.79843379150182,0.899756300551072,0.658945820000954,14.8848837085255,8.80267664396437,12.7678151270398,6.46847165662795,0.371310079372022,0.418803690857161,0.356737716847705,0.362544463839056,0.442143001306756,0.425571557427896,1.55,4.38,4.53,80.3,0.5,0.1,1.1,20
0.888092480059713,0.643649126192741,0.61526928659156,0.802943276709132,15.1017965037026,12.3372323606047,18.4595291034249,6.12295126074366,0.367214394647302,0.398369232680043,0.355260785654653,0.438999559755763,0.378383473357558,0.39220225812057,1.55,4.38,4.53,80.3,0.5,0.1,1.1,20
0.593312692818977,0.598044067016058,0.873589601685666,0.616182033991255,7.92018328664126,6.35052547464147,5.39041996411746,5.36263423989154,0.356671203145245,0.386109322702372,0.420761124442378,0.440991102868971,0.426129781045765,0.365292081082705,1.55,4.38,4.53,80.3,0.5,0.1,1.1,20
0.659090975907631,0.640417584620044,0.581591844510846,0.577743218223937,12.1084103838471,10.6068651030515,16.6341858139494,4.90447104845196,0.370378422513045,0.362596005082689,0.430211818000814,0.369308385975659,0.374309196106344,0.415822066133516,1.55,4.38,4.53,80.3,0.5,0.1,1.1,20
0.875340214704722,0.870078109501861,0.563522378378548,0.707802550204098,19.530140493589,19.0955682091438,8.82611862565624,2.23604376758076,0.371198804369057,0.354949105607905,0.404992170161335,0.360607784569496,0.441936096672993,0.351895516003808,1.55,4.38,4.53,80.3,0.5,0.1,1.1,20
0.878425244932249,0.695923284379579,0.891633473563008,0.712118260656484,8.87441983168945,8.61161231494509,17.0904992055334,6.57672497522924,0.383669792502932,0.365502334211441,0.350695554127358,0.422548955096398,0.410840878116013,0.443655822136113,1.55,4.38,4.53,80.3,0.5,0.1,1.1,20
0.897862919295207,0.509686383618415,0.850034721647389,0.543364509818703,8.58660771562951,13.9811357041448,16.0328377709584,2.09309153113421,0.44711472316091,0.381688525492651,0.416706149819586,0.449474570015306,0.426471083897445,0.387213920633914,1.55,4.38,4.53,80.3,0.5,0.1,1.1,20
0.797300529008359,0.793190247226506,0.514511042117514,0.863335935526155,19.2882386109955,11.4815440251096,19.8697538414574,6.32123568060063,0.408698695715843,0.414380523995962,0.413387325924914,0.444689469780307,0.358189327974617,0.37294008027208,1.55,4.38,4.53,80.3,0.5,0.1,1.1,20
0.834282892990857,0.500384234469198,0.851925440274924,0.550241806620359,12.7952767361095,9.87654931328026,14.6954025113559,2.59097199678794,0.440184664516384,0.395270264757937,0.447727136383299,0.41051548228683,0.358605552592734,0.401590732771298,1.55,4.38,4.53,80.3,0.5,0.1,1.1,20
0.595257646058127,0.880170300655253,0.797603168080002,0.873194529118016,6.79199804592179,14.8405744291679,16.754575900333,5.22022003044188,0.438140981468838,0.367830021929415,0.445938071945496,0.437551678701583,0.424703433322301,0.374836304638069,1.55,4.38,4.53,80.3,0.5,0.1,1.1,20
0.738330939007551,0.836820605105534,0.862270415508375,0.645070666606166,17.2027557865228,8.35333286931738,9.81817422014428,7.46377362125646,0.386954212695966,0.37125572179826,0.364348574245116,0.382140190465469,0.431481696493458,0.384871574555663,1.55,4.38,4.53,80.3,0.5,0.1,1.1,20
0.627517896591313,0.506221889359131,0.667747255423665,0.639905976417102,16.9411679310841,13.8994649073225,15.6820118345623,7.30775148028042,0.43205729872915,0.396802874019044,0.373816033574054,0.446808475994179,0.429826798417652,0.39466708236211,1.55,4.38,4.53,80.3,0.5,0.1,1.1,20
0.774213994650357,0.527704908318631,0.623057192112878,0.796993534189463,18.018123197332,8.07643438776955,18.7737008181145,3.17950196300354,0.370863814562606,0.363004004221363,0.389819091991289,0.431969165289821,0.372917015585536,0.378985384810623,1.55,4.38,4.53,80.3,0.5,0.1,1.1,20
0.69278017675709,0.720026837117039,0.625807604483515,0.622447263809107,16.6269078914053,11.9996356474259,15.6510164201516,7.81679675791413,0.383018504054518,0.393165138504701,0.397800949019287,0.406744469327619,0.365390224012267,0.423927740114601,1.55,4.38,4.53,80.3,0.5,0.1,1.1,20
0.584141068760678,0.850616536298022,0.763790894637071,0.757427340511605,19.4823799300543,11.1857175925444,18.0676637575263,3.69085628430545,0.395088762164628,0.402425208866363,0.430046360753803,0.388768948592013,0.445557921038894,0.412345715778181,1.55,4.38,4.53,80.3,0.5,0.1,1.1,20
0.752559244004823,0.699221640638262,0.776790216142498,0.696840435126238,9.29821478259284,5.82606487318175,9.92306213241071,5.47279059692565,0.418931705378648,0.352698625110649,0.364540162566211,0.397046132388292,0.401703490651259,0.442467393522523,1.55,4.38,4.53,80.3,0.5,0.1,1.1,20
0.662417438075878,0.773035776684247,0.809378114112094,0.704556871368177,18.961165649849,13.3688533986034,17.1615296049858,5.25693217043858,0.396899094148818,0.383096454672096,0.423061564658862,0.429787568834936,0.427498930208292,0.399108214503061,1.55,4.38,4.53,80.3,0.5,0.1,1.1,20
0.742544292831048,0.797651491412148,0.674816173500009,0.598589638401754,17.550651120597,15.2946592122503,18.7616140070953,5.97258418819122,0.433360667679552,0.39036786573804,0.435046906762477,0.370228692292422,0.419357275959151,0.392860574113391,1.55,4.38,4.53,80.3,0.5,0.1,1.1,20
0.504403271316551,0.728091474880837,0.757132738004252,0.539577933332883,8.3423804390966,10.8842324725166,14.0664280235884,5.48498477752321,0.366462639489211,0.433301707815239,0.388703648580937,0.370990072888369,0.418434736775653,0.439118080377672,1.55,4.38,4.53,80.3,0.5,0.1,1.1,20
0.539179646944441,0.814485573963821,0.683826041955873,0.798224314073473,16.2816789507284,17.9004678259231,9.98262982807821,3.4220324495798,0.391696929910686,0.355683745029569,0.411765900952742,0.376858717636531,0.423275411983999,0.420649701429904,1.55,4.38,4.53,80.3,0.5,0.1,1.1,20
0.623685669462755,0.534727847855724,0.559764735511504,0.656590903198347,19.1499666818534,16.605539781116,16.1733416507184,6.55595965366252,0.427922018635087,0.434307813402265,0.374645263223164,0.432313398971921,0.435790203116322,0.367580858870689,1.55,4.38,4.53,80.3,0.5,0.1,1.1,20
0.576666584390774,0.66321511505954,0.582189812879078,0.806686022722163,15.369631825129,16.3572218836169,13.2122903505317,5.3907693294147,0.360199131355854,0.365960049718618,0.444237066916283,0.446785354763176,0.42526703382004,0.44596260807165,1.55,4.38,4.53,80.3,0.5,0.1,1.1,20
0.826921852839366,0.658421542961523,0.619806959873997,0.724966468421929,8.39635119245853,9.7920892225951,19.3970620727399,6.81525567627139,0.372703675515577,0.380325654262956,0.424260762017686,0.363541039522784,0.403995514335018,0.377472681862256,1.55,4.38,4.53,80.3,0.5,0.1,1.1,20
0.797673887836188,0.766733952779882,0.789729865892232,0.717318293093331,12.1800089943805,13.5191457699402,15.3396747122752,6.78243932545465,0.446957381295227,0.407385036012949,0.427462249483913,0.408529737412743,0.364907401191862,0.434066504726512,1.55,4.38,4.53,80.3,0.5,0.1,1.1,20
0.723515621384792,0.701845980202034,0.70142326171156,0.512145316138119,16.5304475324391,17.2038110898482,6.76002662974177,2.82652047042362,0.370134763084818,0.444557995367423,0.391998988317698,0.389745067644166,0.448324874293711,0.404970435165847,1.55,4.38,4.53,80.3,0.5,0.1,1.1,20
0.722150892383978,0.537850788911805,0.805397058035806,0.874612922726944,17.47109764945,18.5925418186397,11.9545209784224,7.52423787946999,0.362331064662943,0.374780046180356,0.381238845473994,0.442454517100565,0.443169724012259,0.400185836587474,1.55,4.38,4.53,80.3,0.5,0.1,1.1,20
0.798558784341998,0.844176672967337,0.538266527327336,0.730513560843281,18.3280688921665,8.67833916553529,6.40856505488278,4.28311738454178,0.436562498319801,0.434935754486313,0.371723440633854,0.415333074491378,0.353863093857234,0.400998170030024,1.55,4.38,4.53,80.3,0.5,0.1,1.1,20
0.545851774736121,0.543756473830342,0.586509588207118,0.831769743776694,19.4393941702717,18.6315155563573,11.6781427824474,2.86607827550173,0.442015641671885,0.431333752378775,0.400936372240912,0.442327079606755,0.368050382172782,0.409914183187159,1.55,4.38,4.53,80.3,0.5,0.1,1.1,20
0.894694794232026,0.762726917684451,0.882339976400696,0.686947521352768,10.8013737480505,8.87102776579093,17.3573516117129,3.2430573154306,0.366288333053142,0.387671527672699,0.429607389328163,0.401112608388811,0.376082958796527,0.429351938425005,1.55,4.38,4.53,80.3,0.5,0.1,1.1,20
0.558652078409679,0.574363912353851,0.768738665806502,0.70308384104725,16.2206528532016,12.0219231308438,5.21770490079885,4.13091566095408,0.360384143840382,0.447992255597189,0.378179868027521,0.373900119361375,0.449596503541339,0.398974977410631,1.55,4.38,4.53,80.3,0.5,0.1,1.1,20
0.736014155161195,0.569633862420544,0.863029620352388,0.575246986812539,17.3618283637334,17.2179860472726,15.8921384623204,4.93363511344511,0.38644482487822,0.391527559864055,0.375749610488303,0.399898792347545,0.371822344882041,0.393166095087491,1.55,4.38,4.53,80.3,0.5,0.1,1.1,20
0.728821104116924,0.822642381397449,0.883857067404874,0.557685491722263,16.8093986463174,15.1962068817019,12.5988345480291,2.86161817916948,0.417621090437938,0.400143651954643,0.449218206636282,0.392059450851846,0.423121070700977,0.390368622995075,1.55,4.38,4.53,80.3,0.5,0.1,1.1,20
0.532919289341941,0.588513357073255,0.767553376735933,0.826819088548236,14.6829742502607,9.8131421905919,8.63463886843529,6.05064690313302,0.402447361470154,0.416937024096679,0.361624773429893,0.357896691124281,0.361137000215845,0.416156435955549,1.55,4.38,4.53,80.3,0.5,0.1,1.1,20
0.83229043894466,0.704515209400654,0.512490138471313,0.617286076589488,14.1446972207539,16.4676577779627,11.4870337827527,2.95417794250697,0.400855814951705,0.395082587218564,0.405381031036703,0.39731967877443,0.399431671873946,0.352186222762428,1.55,4.38,4.53,80.3,0.5,0.1,1.1,20
0.857810242485441,0.646267682654411,0.623272084260546,0.519672421547026,12.7645371424896,6.81724490584806,11.0564926749142,5.57490639460273,0.358029170305375,0.445044246968254,0.427897859339183,0.366992416538624,0.43228675247021,0.417557228243258,1.55,4.38,4.53,80.3,0.5,0.1,1.1,20
0.88041661461629,0.6542892132679,0.745099963409454,0.705850936738402,5.21058051476488,18.0005549052125,11.7888145563519,5.21005208863597,0.377382047016965,0.395956804778194,0.351219672505325,0.361262888699258,0.421293560901517,0.418810481800139,1.55,4.38,4.53,80.3,0.5,0.1,1.1,20
0.872346530233137,0.753854228484258,0.615023367500491,0.631859391019121,5.00835213195067,15.2399854318099,10.9856170054153,3.84797951868828,0.350197063451819,0.350657265340816,0.373785036930442,0.379680691905879,0.441775523477839,0.399619544480275,1.55,4.38,4.53,80.3,0.5,0.1,1.1,20
0.512233225230128,0.587780233318172,0.627858857487701,0.634576210531965,10.5297371208272,18.9187892652885,15.4011528525036,7.6834922752576,0.439449923538324,0.382552532217931,0.38529788353066,0.352129491095524,0.403251407469343,0.42513440992916,1.55,4.38,4.53,80.3,0.5,0.1,1.1,20
0.693878825908527,0.783283202899061,0.568809207453951,0.812599776941538,14.6152622313332,13.6497192068212,7.10667289176723,7.73935270360392,0.354690290527558,0.415372034494346,0.433809075595532,0.428842415662482,0.383612219236232,0.445582326123444,1.55,4.38,4.53,80.3,0.5,0.1,1.1,20
0.745092811233737,0.787606529390626,0.794202210981399,0.896339930721372,15.2980189762148,10.7136947272485,14.0092151926807,3.21654976490699,0.388311355918366,0.447251725745807,0.436785496585351,0.414891510964232,0.392013616644265,0.371191020766273,1.55,4.38,4.53,80.3,0.5,0.1,1.1,20
0.619272170362435,0.882235941056535,0.755532348972745,0.820882623227872,16.1661532389233,18.7281517358008,7.75721240994055,7.5665561547894,0.410799520752346,0.427185831588321,0.447553660835885,0.395529837163957,0.404858820929285,0.412161437572772,1.55,4.38,4.53,80.3,0.5,0.1,1.1,20
0.500704230298474,0.669240488832817,0.629440966667421,0.596508672549762,13.2840648109,10.4663213899522,13.5558174260194,4.63953195173014,0.380410572339222,0.363770010084333,0.379839038856793,0.448425830583461,0.432417333088815,0.381994070811616,1.55,4.38,4.53,80.3,0.5,0.1,1.1,20
0.681143452143855,0.678980080934242,0.59254852503743,0.839619788598083,15.8937315437407,16.9506096663652,10.4301409878721,7.25873718770035,0.434178008037852,0.363469827129645,0.435379645639332,0.364046285213949,0.416724776820093,0.414258519638656,1.55,4.38,4.53,80.3,0.5,0.1,1.1,20
0.698519255933166,0.615719020839036,0.654374320307374,0.688120394867472,18.9068844370311,16.5424372557621,12.0186792513914,6.02930913392361,0.382242922203057,0.41151462259707,0.42594042733605,0.405058632263401,0.368563328963378,0.431175003271084,1.55,4.38,4.53,80.3,0.5,0.1,1.1,20
0.630877906671353,0.716595470988564,0.640437217560783,0.880722046049871,17.9676333772298,17.3883559805388,18.147930253176,5.66056523598172,0.448147947576968,0.37247059398978,0.426163431234658,0.396571594590414,0.387877582526812,0.413737611619663,1.55,4.38,4.53,80.3,0.5,0.1,1.1,20
0.612010817665793,0.538633791544475,0.641856372920051,0.868134001565352,10.1811109639774,17.1115304910974,11.7233395757386,4.7841055055745,0.383233786733495,0.400943875765987,0.355635512721632,0.362635982929869,0.397074869254138,0.360764296958549,1.55,4.38,4.53,80.3,0.5,0.1,1.1,20
0.719296708588302,0.548339289143309,0.639387599900179,0.649396710564755,18.0410993511858,12.9318556481181,7.14833617179189,6.88675392261986,0.387211421904061,0.411722256151773,0.434878297362989,0.427708210138278,0.381603716556402,0.437326638816251,1.55,4.38,4.53,80.3,0.5,0.1,1.1,20
0.816536966151185,0.713499379743077,0.636875111283921,0.541937882983685,12.8149861313449,17.7159283618652,16.5168182264967,6.10080666895583,0.42070717850537,0.37443139259168,0.448861803643312,0.352813063924108,0.42735002056784,0.429887691823673,1.55,4.38,4.53,80.3,0.5,0.1,1.1,20
0.720077033511177,0.578783481200971,0.839805339105613,0.623837549551204,5.52393560391618,13.6354161302675,15.8082325980766,5.42670427553635,0.363682830084814,0.397806205276772,0.370633683063462,0.42165543420855,0.366689888242167,0.352289379313448,1.55,4.38,4.53,80.3,0.5,0.1,1.1,20
0.737272137439251,0.781990207820758,0.759723009279557,0.534233988920786,9.60407620122656,6.91918731265003,9.39834369091783,4.42709513981175,0.374402037854726,0.401503393888939,0.377426986879902,0.400439285056153,0.377859091539821,0.384230188703956,1.55,4.38,4.53,80.3,0.5,0.1,1.1,20
0.698327441769466,0.517077726590633,0.716121142543107,0.743444757351466,13.713409643746,19.8436212150916,17.584167305578,3.79945320243109,0.421913313414995,0.373644477285165,0.38944703997029,0.361712071597809,0.404527432489768,0.446012797627645,1.55,4.38,4.53,80.3,0.5,0.1,1.1,20
0.887703446760774,0.71098742436897,0.703495294821635,0.860877228800953,16.0630131899286,19.5291840376984,9.09896655492717,4.29863825224619,0.424058368350845,0.375809140429599,0.382597583752917,0.411698163256748,0.431277861786401,0.438185604421655,1.55,4.38,4.53,80.3,0.5,0.1,1.1,20
0.642101587584987,0.868688321968727,0.582753390500881,0.855286601189524,5.4674943808117,17.819520672895,15.5443150604609,4.33265198379476,0.402959038619883,0.393551919330657,0.401550499093207,0.447717003058456,0.381356057307683,0.390964709583018,1.55,4.38,4.53,80.3,0.5,0.1,1.1,20
0.893821384688094,0.71445403560698,0.552905042153038,0.603945570019633,16.7527762460429,12.7510382812633,19.458187973483,7.05454164154269,0.354504209338594,0.413686305929022,0.390958190357359,0.363608232007921,0.420633032960445,0.43367645829469,1.55,4.38,4.53,80.3,0.5,0.1,1.1,20
0.718843154555187,0.725849883238412,0.612628474384733,0.60790911313463,12.4908202543529,6.20616169226123,19.5577295513824,4.00270464764163,0.435988990514074,0.386418521075835,0.431942845069524,0.40420648803683,0.350268235848146,0.405804381277878,1.55,4.38,4.53,80.3,0.5,0.1,1.1,20
0.809942562981881,0.794436280230619,0.803160568834655,0.772591602017731,13.438860887168,17.0247048778739,11.0771116924495,4.08288043199107,0.425923822324537,0.358164377158927,0.380727871097345,0.436822001205478,0.39240079256352,0.354107446486969,1.55,4.38,4.53,80.3,0.5,0.1,1.1,20
0.869539943751693,0.758056729278527,0.874939848847687,0.789594811330922,15.591053429516,8.77870445794659,18.0237729731901,6.39160735882074,0.418301529531414,0.397528438513959,0.4110225953029,0.371651098810462,0.433889934331644,0.356701769797923,1.55,4.38,4.53,80.3,0.5,0.1,1.1,20
0.699272410223447,0.628756607081555,0.772017911826819,0.829646519633196,9.8400747012021,6.74444921020418,16.5889352540392,7.71208768519852,0.43246079462613,0.440551503737597,0.405170399207016,0.417622730766935,0.417569573678495,0.416365480522299,1.55,4.38,4.53,80.3,0.5,0.1,1.1,20
0.785390794777311,0.633788744672388,0.558419414805248,0.755120099540055,8.62428982826881,11.9418035038654,15.7681158873974,6.83421882721409,0.438912226045737,0.372985513211368,0.35762720577484,0.444932695956528,0.444227806151519,0.355699519141531,1.55,4.38,4.53,80.3,0.5,0.1,1.1,20
0.633046494186483,0.827240217431448,0.607397545986623,0.650763185219839,9.51198862235295,17.0505781286489,10.5005129749794,5.01258065118175,0.381927875713725,0.378630842492217,0.360899778890843,0.446145818239404,0.365569060729956,0.391189271340007,1.55,4.38,4.53,80.3,0.5,0.1,1.1,20
0.614383167102933,0.619721539007314,0.685986832930334,0.709644728965126,11.6476226658048,6.08375168972882,10.6304546311963,7.89675004651025,0.443647247391241,0.385998757289723,0.417053031917708,0.405253148942674,0.409995328290155,0.382565560538974,1.55,4.38,4.53,80.3,0.5,0.1,1.1,20
