V1,V2,V3,V4,V5,V6,V7,V8,V9,V10,V11,V12,V13,V14,V15,V16,V17,V18,V19,V20,V21,V22
0.696652126351744,0.791095899504609,0.78382708711531,0.154707121723192,11.7642898345017,7.59722067673458,8.49391894037835,18.7634068850009,0.3606143440207,0.352459822681733,0.371108058898989,0.39707633883385,0.419340628321189,0.392996711239591,1.55,4.38,4.53,80.3,0.5,0.1,1.1,20
0.567812974954397,0.686395235135593,0.649273975687474,0.154907902633306,18.5802004949236,7.52676358928206,8.95300283004297,7.07941674671136,0.356682708167611,0.379821113045746,0.382775732610933,0.447234231925942,0.440913618920557,0.421196167322621,1.55,4.38,4.53,80.3,0.5,0.1,1.1,20
0.831713032906316,0.833926945174299,0.770048199664243,0.241505654243659,10.1446737999935,9.25892351047136,8.9767692430201,14.7966456501395,0.37113481345796,0.410656987863313,0.437881780744251,0.41155199791682,0.405290683758119,0.362530783931306,1.55,4.38,4.53,80.3,0.5,0.1,1.1,20
0.582834536377713,0.752202318927832,0.899688376905397,0.189294347059215,13.4002123870817,6.49428693647729,9.79237271191552,15.144698689275,0.354338000677107,0.382877360079903,0.41497247789572,0.418565612215688,0.414522164503578,0.414802543627098,1.55,4.38,4.53,80.3,0.5,0.1,1.1,20
0.595553734005615,0.701206143402867,0.893112239091098,0.232085404958064,14.9969707269594,13.3842720222869,14.0059584292793,15.2678223564988,0.385571429823479,0.405894242432062,0.391659126580646,0.372240021134773,0.438744104820676,0.382732343982486,1.55,4.38,4.53,80.3,0.5,0.1,1.1,20
0.525005472295545,0.679045246680453,0.566224743041769,0.234308590287017,7.96919256084599,7.79099456012715,18.8188643296342,7.0233736824058,0.427073718367377,0.429171105609322,0.434797174880281,0.397849039267702,0.402354721153621,0.424779256377602,1.55,4.38,4.53,80.3,0.5,0.1,1.1,20
0.893911952838115,0.892843486150541,0.886052969093621,0.163936838228069,18.239422507782,13.1387061283109,8.25415031367913,11.9177340241522,0.378209010482812,0.442402987128869,0.433288666701457,0.38167731933035,0.437365892765345,0.398939178486122,1.55,4.38,4.53,80.3,0.5,0.1,1.1,20
0.695903013621271,0.567749430427887,0.673375179860741,0.196263958774135,11.2100812771847,18.7075670443941,13.007844246449,12.8684016485326,0.367190556935733,0.371788467872655,0.354157013241062,0.414302739995206,0.389756760621863,0.425813465331122,1.55,4.38,4.53,80.3,0.5,0.1,1.1,20
0.826934693011828,0.868543469420262,0.655375748834573,0.198672346747294,8.27373111942084,9.45189848954091,13.9651467666961,16.4365866219928,0.387260148252174,0.364448566673417,0.404523616036307,0.409669268916873,0.375539376998507,0.353300556076644,1.55,4.38,4.53,80.3,0.5,0.1,1.1,20
0.530588696001843,0.52559731493853,0.811694769129157,0.213857081672363,7.72118065288058,10.7705588920927,5.12947347589303,10.6927646136237,0.370389495114749,0.444438818700472,0.352020906068012,0.353225035003433,0.374530729373172,0.430583597474778,1.55,4.38,4.53,80.3,0.5,0.1,1.1,20
0.615531102370657,0.783063018886186,0.808850026732311,0.192096589700226,8.5399599827826,9.54273943382315,15.9829331328534,5.82501335288864,0.393034779249923,0.397633074631589,0.414092143440992,0.350471225942811,0.370082970104367,0.371971341939876,1.55,4.38,4.53,80.3,0.5,0.1,1.1,20
0.725331972593442,0.664794634613954,0.830760385224596,0.167926262520859,12.8290273546171,5.36525128007866,13.5795131703257,7.16248846035218,0.415414858817309,0.364981716383202,0.408928555235732,0.37046581834387,0.404335769496532,0.428819933583029,1.55,4.38,4.53,80.3,0.5,0.1,1.1,20
0.667844942680933,0.824332427654043,0.761079115569033,0.236043788413471,10.3136367624439,17.8131376538123,5.96651352164103,11.2647086960194,0.389566609681118,0.449992397909705,0.362661060195509,0.438857325726561,0.438963239844423,0.443664687185828,1.55,4.38,4.53,80.3,0.5,0.1,1.1,20
0.808025136153959,0.679953975659795,0.549304940598272,0.156453968111333,10.7108217656822,19.6926930955448,10.1922925892659,9.6572078884393,0.386334537293622,0.426114125576336,0.391586994836992,0.368458077894617,0.381858685255563,0.404881493371818,1.55,4.38,4.53,80.3,0.5,0.1,1.1,20
0.786393757278472,0.775014328493737,0.682013099984266,0.195734530842304,8.33212329115253,7.7095593395154,5.63753008570289,7.43274423941504,0.447567318860814,0.382089097595168,0.438457115033781,0.375281901344517,0.356964480372611,0.414281815086911,1.55,4.38,4.53,80.3,0.5,0.1,1.1,20
0.738092986086011,0.598441703108884,0.730698089744337,0.173967027646163,5.48664580856683,8.92943292629439,12.3971523794718,11.5131828831416,0.361305850635003,0.423783144685812,0.370127346032253,0.439357451410918,0.385422696796432,0.434328102191957,1.55,4.38,4.53,80.3,0.5,0.1,1.1,20
0.876463658427447,0.760563223505393,0.884493476405181,0.168656949263439,7.77535295484588,11.3715419897996,19.1492786763888,16.3301691301353,0.44876126330602,0.389159572041593,0.44756044835723,0.402737613419304,0.41699506510417,0.393199121235544,1.55,4.38,4.53,80.3,0.5,0.1,1.1,20
0.577332141436823,0.690286443867348,0.704562237295695,0.201506037057331,11.9697030945751,7.99498496594373,13.4266912068916,19.3102702041576,0.369459322018875,0.35884481500322,0.402710264037643,0.426931615571259,0.385630283691548,0.358346307120146,1.55,4.38,4.53,80.3,0.5,0.1,1.1,20
0.644049290414527,0.817053131258115,0.667839564587735,0.227848523519142,19.0215605325461,18.3761178679997,6.28946570729604,6.0702284521889,0.371977973187063,0.438440646113129,0.371921903567575,0.38219434721875,0.357772176026879,0.375630254305899,1.55,4.38,4.53,80.3,0.5,0.1,1.1,20
0.829645969415829,0.851869949593768,0.838385368230194,0.157335943294084,10.3513973626378,18.9784021983948,6.38827071609441,8.5296937557077,0.375397394151893,0.363522917744424,0.381046339284256,0.359183650300745,0.417643602319574,0.371750296321977,1.55,4.38,4.53,80.3,0.5,0.1,1.1,20
0.733741826806404,0.816261075064354,0.768801447694749,0.19024102646634,7.16924698363291,10.5917607130064,7.54261654177913,9.95458284894237,0.41237421136857,0.430275802621711,0.421605659308936,0.373529465530394,0.370507522276323,0.37030506884926,1.55,4.38,4.53,80.3,0.5,0.1,1.1,20
0.684969390172325,0.715515713189542,0.523798503596522,0.245981324782642,19.8766195140569,18.1667534463154,18.630227286478,5.669906918013,0.388532324521616,0.39839457262652,0.403866935535707,0.366973618722474,0.42813093871423,0.403868719224026,1.55,4.38,4.53,80.3,0.5,0.1,1.1,20
0.870114921998047,0.867860959584266,0.536518854992278,0.247576492349198,6.6716156821698,7.29844115512911,13.2634194957092,12.8594220092986,0.375681303104619,0.399375734398747,0.420249351730524,0.44473209296749,0.435004628910823,0.389201184660057,1.55,4.38,4.53,80.3,0.5,0.1,1.1,20
0.57600842316933,0.825020215601474,0.639059063054994,0.202041574721271,12.9917872683145,9.85275460614124,14.1436481397692,7.13256562810624,0.385287213065336,0.41945886073201,0.367960446549719,0.427242643704219,0.379711014306871,0.376276750584831,1.55,4.38,4.53,80.3,0.5,0.1,1.1,20
0.768376445136778,0.599971512649954,0.722505108406954,0.156179289951455,17.0855423580203,14.8044889483135,14.4376960812951,13.591679302277,0.401599043711182,0.355443022508454,0.449423293231241,0.425224026237661,0.416349451309629,0.355946987280808,1.55,4.38,4.53,80.3,0.5,0.1,1.1,20
0.708283875307255,0.559836999593862,0.588817144521885,0.202802807856863,7.83222739537247,7.48307443240192,10.4110348698916,7.31554955213564,0.414898261569254,0.396895659285039,0.388771840842487,0.409521375507396,0.43788918483872,0.423301860329369,1.55,4.38,4.53,80.3,0.5,0.1,1.1,20
0.536419922312163,0.586171557160094,0.569081479454599,0.226306393116061,7.34227181130322,10.1608899475634,16.7105741532752,17.1636717879702,0.383159998157015,0.354901524445554,0.381500356009277,0.411967500585597,0.441257773320936,0.379952089087898,1.55,4.38,4.53,80.3,0.5,0.1,1.1,20
0.59220972676184,0.546785848148912,0.734157769203931,0.159193502045935,5.82897505858447,16.1355407450045,16.1293376741372,5.01388120327611,0.364099981960282,0.414687885878375,0.375458143888274,0.397585655814083,0.438288348773355,0.351954860351887,1.55,4.38,4.53,80.3,0.5,0.1,1.1,20
0.861768282715045,0.877966981314868,0.860017935992032,0.154388408235088,17.9162986539886,9.32493457180914,16.786191906014,6.28923461372731,0.431208965540212,0.425146844014386,0.351223412050959,0.429486342972936,0.43197543966258,0.359639072185848,1.55,4.38,4.53,80.3,0.5,0.1,1.1,20
0.863792110006697,0.634195758474804,0.778810748981871,0.213098655130016,14.4504154361156,16.4597221295652,18.6185721947975,5.47878879765514,0.404796223853016,0.402686931726104,0.400082999353856,0.399161503485823,0.448919013941428,0.439027224955149,1.55,4.38,4.53,80.3,0.5,0.1,1.1,20
0.504407556268945,0.764858130298928,0.684757709563337,0.203018527973583,14.4430627420777,7.11907550194068,8.89767897708342,6.3158317355928,0.405820573975611,0.39463012917731,0.415628602369968,0.414859625790268,0.377906321967626,0.417824775128765,1.55,4.38,4.53,80.3,0.5,0.1,1.1,20
0.660561591568403,0.859124061054178,0.790788355990686,0.219971469955239,15.4765338465897,13.4968250584579,10.9089283749228,16.538168653429,0.398691517965449,0.385819759748643,0.401165607498726,0.360388203001302,0.403672870106483,0.447315970433922,1.55,4.38,4.53,80.3,0.5,0.1,1.1,20
0.52945843100138,0.683084919769317,0.611422537313588,0.186788730156794,11.8390710741351,19.0152792991954,11.1556197104114,5.37337253933773,0.420225187921664,0.441080224709911,0.39501508085141,0.352770314494986,0.374877404861199,0.415518628289178,1.55,4.38,4.53,80.3,0.5,0.1,1.1,20
0.777729203616269,0.826494238495268,0.600378212893009,0.243507668767544,5.65205601862865,17.4110270160949,10.9540206362843,6.4953746999451,0.430796003649756,0.412936411242979,0.424023214868922,0.447510022558458,0.350065754580032,0.399463602796989,1.55,4.38,4.53,80.3,0.5,0.1,1.1,20
0.594283036263287,0.622803534103371,0.614268496801518,0.240546166282427,12.1571940283803,10.093395144057,16.4632853466133,14.3097176136798,0.361098821291188,0.433737783114333,0.41317069476936,0.395093905475084,0.422421450227732,0.371422749836184,1.55,4.38,4.53,80.3,0.5,0.1,1.1,20
0.665085087513365,0.706372235829756,0.785677940865234,0.229506484844862,9.49525184368715,5.80497540973593,18.4475521762855,16.6271756268269,0.362961736091087,0.42077870585788,0.447617998586642,0.370705815681629,0.380899335610634,0.38348050339683,1.55,4.38,4.53,80.3,0.5,0.1,1.1,20
0.520737020501308,0.6674317451993,0.798571864355169,0.190623423218541,10.5059093904076,15.7623008505767,8.29545041674282,8.89683610877022,0.355734751657769,0.402864140035165,0.406977742660698,0.423354131300561,0.359420903050853,0.35139329941594,1.55,4.38,4.53,80.3,0.5,0.1,1.1,20
0.786706430557184,0.761072619513795,0.535213916677982,0.16090978631191,15.3673271011445,18.007948981314,12.7296023399336,14.774072962855,0.392991832907638,0.426419356467947,0.357967715965863,0.440390586480359,0.401137866470823,0.390489699645853,1.55,4.38,4.53,80.3,0.5,0.1,1.1,20
0.6380830863012,0.576132894534804,0.850364985840209,0.233933652618388,12.9253284960007,11.1649452148052,14.9551724602259,15.4548471427592,0.373109934737021,0.37643661710443,0.393895454750396,0.374576724647311,0.410492079736199,0.429652743345173,1.55,4.38,4.53,80.3,0.5,0.1,1.1,20
0.6580100800246,0.876447458567843,0.586796899469383,0.239377815144463,14.4197978017433,12.2316169291502,13.3877023305069,11.1720864809724,0.350945377551764,0.404774349194393,0.414671740579652,0.447987262644433,0.402093424992077,0.388584762307024,1.55,4.38,4.53,80.3,0.5,0.1,1.1,20
0.770594856288284,0.548729414788634,0.695516140210815,0.245700952611817,11.0806651803362,7.73834199086065,13.6563477896969,17.1489184630709,0.437122492819792,0.441404201417929,0.383145338739129,0.44657823871416,0.429279375287844,0.356877966848621,1.55,4.38,4.53,80.3,0.5,0.1,1.1,20
0.868344686267898,0.593051374279335,0.897185931617022,0.200288536247239,11.5835599857103,8.3132452079677,17.5134206054267,16.2847733336571,0.362737517415918,0.446828365999134,0.424313423293596,0.3692842540632,0.434185341406101,0.425612139961915,1.55,4.38,4.53,80.3,0.5,0.1,1.1,20
0.771642015187629,0.810056268419325,0.625930619934574,0.193064668732136,16.4054304329213,18.6562237828085,15.2713445191458,8.45042275225278,0.366742586644786,0.445139070838317,0.408015302762669,0.417643458996108,0.384449912995519,0.426609753676131,1.55,4.38,4.53,80.3,0.5,0.1,1.1,20
0.706786001830548,0.686726537472196,0.550957973511145,0.189621736203972,13.5290380342421,7.17894167946419,7.71371317322599,19.2502367171762,0.417145641345019,0.390678653708613,0.44827759320098,0.404639610244427,0.351799028874142,0.414767905416014,1.55,4.38,4.53,80.3,0.5,0.1,1.1,20
0.815007091207057,0.709641166547686,0.669389699748531,0.208301442268258,15.2590033495938,6.66156853501452,5.18283783465158,10.4589393370692,0.350449367669877,0.351030770253483,0.350556608400401,0.379883705276251,0.366090577912703,0.425416359066311,1.55,4.38,4.53,80.3,0.5,0.1,1.1,20
0.78077575843297,0.618124265259132,0.883743352706358,0.206624053644016,16.0717852743459,15.1594892223016,5.56858986915788,9.76634843194392,0.444854213242279,0.436560002952814,0.365582523062592,0.351360532989586,0.390458912123134,0.438755373623129,1.55,4.38,4.53,80.3,0.5,0.1,1.1,20
0.835950856286101,0.7923297700556,0.806302578642778,0.208054894115031,13.4625190191157,11.5541121298145,16.790855946471,19.3535698339646,0.401857634065347,0.426605113766249,0.439753873915738,0.43615070267464,0.445478580183163,0.353489967735577,1.55,4.38,4.53,80.3,0.5,0.1,1.1,20
0.658798631548882,0.64739585076347,0.823251109382697,0.175108194236038,6.48330778592965,10.9682924495963,19.9667078455701,19.2251175921736,0.442181960672513,0.360475290346658,0.365804112510616,0.388750290493108,0.409648013165034,0.362059314246709,1.55,4.38,4.53,80.3,0.5,0.1,1.1,20
0.603297744035907,0.89463032833878,0.6312717099851,0.243035724593792,9.56288145026192,16.1220326849609,16.422127071498,6.76538407510379,0.433281536732428,0.409316299664462,0.39084999612784,0.435847836809978,0.364980173955299,0.388892322853347,1.55,4.38,4.53,80.3,0.5,0.1,1.1,20
0.746297916193306,0.536164990375564,0.881531727464311,0.186962958915811,5.30758682285436,9.59997390761506,18.9422396690468,16.8309318276146,0.365762230580719,0.435640228517214,0.369699906542059,0.358593294361001,0.411077664181264,0.432773624524381,1.55,4.38,4.53,80.3,0.5,0.1,1.1,20
0.758469762651064,0.778454635891505,0.606351952395588,0.159677419624291,13.7010086222016,5.75097913095728,19.7888286698936,5.41447103612358,0.389730988210719,0.422659196554031,0.358291629736032,0.449789719570335,0.43235118996636,0.369243555454165,1.55,4.38,4.53,80.3,0.5,0.1,1.1,20
0.841782388327085,0.532815704634041,0.871637984569185,0.19014312672969,8.43467627537902,13.5276763797179,8.43233755262801,12.9326400871272,0.376436751089664,0.407894871508516,0.394044401896186,0.414118232525652,0.421495884463238,0.358832456299895,1.55,4.38,4.53,80.3,0.5,0.1,1.1,20
0.792504934441485,0.897458065256104,0.751079455188103,0.226893062094366,11.9148444119631,9.30557083194144,17.9322206067178,6.4201070053922,0.419660067216307,0.398540050519025,0.445447095544962,0.439773139381735,0.448790410371264,0.442786305821175,1.55,4.38,4.53,80.3,0.5,0.1,1.1,20
0.773768322099559,0.516852172914706,0.855370639469289,0.187304482346727,9.4492467558058,12.5202450967417,15.5190256385854,13.3848485205974,0.39220429980387,0.411295735431742,0.442505650960933,0.362797051677993,0.354512548305606,0.361703141078353,1.55,4.38,4.53,80.3,0.5,0.1,1.1,20
0.62212683906313,0.713033748858981,0.599518921914138,0.169907651413512,18.0210948667745,11.3240734836855,6.88414786177455,5.0914184994949,0.366135964357294,0.437135136530315,0.39240467664632,0.412253697095672,0.423894284968684,0.419199319653865,1.55,4.38,4.53,80.3,0.5,0.1,1.1,20
0.65948085995242,0.71734782038834,0.690315539276786,0.248397416547872,6.07514000909403,12.6044383125333,14.4753530256078,10.6043188122893,0.44622044530944,0.361680930879386,0.401751223191898,0.389554515755037,0.38522182889306,0.449622351705655,1.55,4.38,4.53,80.3,0.5,0.1,1.1,20
0.881718039901927,0.652338711535372,0.804495689382032,0.24067773359078,5.76775924985297,5.49428476710338,10.4345936428919,12.4869462081371,0.400431468355423,0.447405329158297,0.364238059915416,0.369480865004472,0.370277944038855,0.430690333172819,1.55,4.38,4.53,80.3,0.5,0.1,1.1,20
0.702930044062249,0.707130618094467,0.717387784230523,0.170669282484893,16.3757194438414,7.0675139166438,11.0963444995298,13.9332581978897,0.430303025029507,0.394474147579679,0.35699955775151,0.448998405828746,0.443355373367947,0.436864501933614,1.55,4.38,4.53,80.3,0.5,0.1,1.1,20
0.756623307905532,0.606993844917603,0.55822701876536,0.185441909043165,19.6600863210531,5.33391699132975,10.514322415858,5.25075677633751,0.395549150333414,0.368539456610056,0.431791866050195,0.36181483548414,0.389523385270592,0.408915486704838,1.55,4.38,4.53,80.3,0.5,0.1,1.1,20
0.503815555879846,0.770140178823471,0.579917268273793,0.179786268669507,19.9047182501666,12.2613187635993,12.2578652547603,6.16114607895492,0.439237155006826,0.351289156953897,0.376028560745623,0.446966428210167,0.435893252260564,0.404191055146232,1.55,4.38,4.53,80.3,0.5,0.1,1.1,20
0.735514766074903,0.753340829383768,0.572090232195146,0.186123987069493,13.0375894222525,15.5343362941919,12.0183840625826,18.8537301400956,0.44405940996795,0.419656719727023,0.416797144134808,0.410233363728737,0.364580203201296,0.353735840062052,1.55,4.38,4.53,80.3,0.5,0.1,1.1,20
0.509362426041253,0.835734173589572,0.724148492851295,0.194354966263752,12.320949836995,11.9440800029226,15.6589788440708,16.1944203188806,0.426087889950396,0.419972040759167,0.427020597282425,0.449150207767449,0.423119689466106,0.391914914198406,1.55,4.38,4.53,80.3,0.5,0.1,1.1,20
0.802024013257958,0.6218071935758,0.78434546753224,0.166952303146105,18.6411091691395,12.3483356882306,15.9140867729066,13.5295270750835,0.405230484121107,0.431368033557711,0.442919422929501,0.408795583357802,0.35146856076438,0.363905798466178,1.55,4.38,4.53,80.3,0.5,0.1,1.1,20
0.864377667373046,0.674989380914904,0.824405123959482,0.175333209767891,17.8257252074522,5.4742185091204,15.5731640735548,11.986381940823,0.405797036686633,0.36224811296924,0.443443934229203,0.397756655992055,0.351256994150905,0.403486967891688,1.55,4.38,4.53,80.3,0.5,0.1,1.1,20
0.881320787298307,0.696568182487786,0.813817019065842,0.239666871063598,10.7366838698671,5.98897790903691,17.5700909833517,11.7700286037358,0.358620769176167,0.38681169057847,0.355115523461346,0.417487333137263,0.366632003613748,0.433724403871968,1.55,4.38,4.53,80.3,0.5,0.1,1.1,20
0.754357606682181,0.589625913228095,0.506237727122195,0.238415915017249,6.96513351603411,17.6878492619842,9.70337231199723,19.4595744182891,0.384867178499466,0.387637441476807,0.380413115936471,0.364051709930738,0.431494184183003,0.419514588719606,1.55,4.38,4.53,80.3,0.5,0.1,1.1,20
0.783234013484232,0.644016017421708,0.676549253513105,0.179898968665209,16.5314870180516,7.45060112766922,18.6732401450793,15.3624680144922,0.353812617844669,0.437536087087728,0.409240069651883,0.418858993551182,0.425637247969164,0.385976308437856,1.55,4.38,4.53,80.3,0.5,0.1,1.1,20
0.690553983392567,0.59386637026798,0.756480664432049,0.236236718508741,18.8159809496137,16.8835677555343,18.3867142243148,12.8067800980061,0.363698728905059,0.422526280375523,0.368888521631388,0.419130569975311,0.376734871320799,0.392653503821557,1.55,4.38,4.53,80.3,0.5,0.1,1.1,20
0.721428231006116,0.856857139142789,0.654465062325262,0.238038634710293,5.66705005832016,17.4741030922066,12.0753394330456,15.5713334717415,0.415662433078,0.401295525543392,0.368125844997028,0.380341381349601,0.426601810572157,0.411071310442826,1.55,4.38,4.53,80.3,0.5,0.1,1.1,20
0.784415007587895,0.642374715264328,0.676945968350582,0.197470102657005,18.4775677491631,7.9366457588505,6.58072952465853,13.5042311888956,0.434452106109681,0.367946367453877,0.436371351548797,0.38508843167061,0.382222766085062,0.405607694514003,1.55,4.38,4.53,80.3,0.5,0.1,1.1,20
0.655570859930478,0.808193459180556,0.762868155249022,0.207623800495407,15.3067995799007,19.7713209939864,16.972829785021,18.2232214542036,0.427612181481021,0.429698449502047,0.375011525503499,0.389053781488957,0.369877840471175,0.421336905072909,1.55,4.38,4.53,80.3,0.5,0.1,1.1,20
0.685785517743044,0.529492806580849,0.844183816514537,0.222445596707519,9.3244409837923,11.2860876297765,10.744871035933,9.60073178126477,0.437888812444406,0.445389724932238,0.358576406148495,0.379794632378174,0.412245673809107,0.403190577138634,1.55,4.38,4.53,80.3,0.5,0.1,1.1,20
0.899033635950089,0.882144042246975,0.656178564200737,0.239422278414387,15.4371616568393,7.63815456450218,16.0694224232459,13.1858481084183,0.449271546371328,0.376718365256442,0.357181817655033,0.357932201143401,0.383842318213778,0.380463558892766,1.55,4.38,4.53,80.3,0.5,0.1,1.1,20
0.721962056064047,0.678308986725099,0.641722555114701,0.166614024764905,10.2943795915041,9.65844360593008,19.6657518355339,6.39269834284205,0.395941195076425,0.410805730988272,0.387773452770431,0.426669555162545,0.444750041116588,0.415697683149343,1.55,4.38,4.53,80.3,0.5,0.1,1.1,20
0.7362504365528,0.543481117841043,0.868241961725988,0.169635286562191,5.46531543433201,11.3501578296674,15.931677620071,7.91842715272913,0.352710337752244,0.365625633300655,0.423720427731564,0.366471046601562,0.35977163874167,0.440153323971061,1.55,4.38,4.53,80.3,0.5,0.1,1.1,20
0.586973490466736,0.857963223528303,0.574229038374871,0.245268187856628,8.05564099199604,12.0572158852569,16.3280751280976,8.17616711085662,0.400329277545726,0.398875655309623,0.438263554993831,0.436761881554406,0.414298891419405,0.423402199721756,1.55,4.38,4.53,80.3,0.5,0.1,1.1,20
0.521510717751831,0.568870215670764,0.620901641323417,0.19932012129263,6.18929113860941,5.01377475066809,10.2376201584702,5.58511258054059,0.449680845867517,0.40899083525273,0.390510896243854,0.421735431542341,0.376872940432793,0.420624335614033,1.55,4.38,4.53,80.3,0.5,0.1,1.1,20
0.852198595260084,0.635740989705734,0.670081723672897,0.220762157426402,7.27624850095948,5.22597952445271,16.6953204367543,19.392714174327,0.37847927350793,0.377031753593823,0.378651015790459,0.377002227361128,0.42347375847823,0.417642710320372,1.55,4.38,4.53,80.3,0.5,0.1,1.1,20
0.654666489997506,0.507675231240876,0.701569034609012,0.223240923215309,15.9118706949451,15.3631550172786,9.58084442714695,18.5867781101773,0.436173228564067,0.355717846496124,0.419065282158367,0.386525707032764,0.404942413479555,0.390248351862235,1.55,4.38,4.53,80.3,0.5,0.1,1.1,20
0.743550484698452,0.671487514955364,0.853989390714281,0.23991368704834,10.5700710118003,17.3720073066838,7.17673013317864,5.80945400094846,0.404980680265138,0.388259592098184,0.392234108607285,0.37085245688064,0.399658222168172,0.395648058812181,1.55,4.38,4.53,80.3,0.5,0.1,1.1,20
0.834938261955418,0.820922230877541,0.576669177158736,0.215478109268751,11.0906536713871,17.6204102271004,12.5440442583244,17.6455626144493,0.379433024948277,0.360889096182538,0.371764364308119,0.383124439695152,0.381714174681017,0.375577184647182,1.55,4.38,4.53,80.3,0.5,0.1,1.1,20
0.657166968595982,0.838557685238123,0.88648867172692,0.181333676801249,10.0725734882359,5.19359468016774,17.5046942648618,14.2565882166685,0.446505203388678,0.352828168715118,0.375904465406947,0.370271820648061,0.377141249558842,0.359179826194514,1.55,4.38,4.53,80.3,0.5,0.1,1.1,20
0.874515253324807,0.7355473463865,0.660124726971984,0.202295077964896,11.1505396571849,16.6181226025498,11.0223577155941,9.86426246249117,0.369329514853191,0.373413939755363,0.366622263218416,0.364667899058945,0.420160833865963,0.370468639210798,1.55,4.38,4.53,80.3,0.5,0.1,1.1,20
0.591610625438579,0.677385937604308,0.515475311570242,0.160310013228608,6.4536448704591,17.2375619506626,6.97800213973271,8.98321804647101,0.372741367023438,0.373395454742899,0.405185286537465,0.390579160631122,0.376494084281707,0.362621687977063,1.55,4.38,4.53,80.3,0.5,0.1,1.1,20
0.728073392798007,0.733971404750459,0.747071974109858,0.241055184304342,6.01473521169508,10.7139746493567,12.4977015370177,15.7120181017672,0.384071833452163,0.433316827230249,0.363721891645994,0.427496617182484,0.436584507593047,0.370600960023142,1.55,4.38,4.53,80.3,0.5,0.1,1.1,20
0.587566911162064,0.852854268698767,0.678102249935642,0.177813193485606,17.5999592805817,16.3410911118775,18.1714481514134,8.76071925534867,0.36887728614863,0.357254086253978,0.379378610209608,0.422430149533087,0.389131914371019,0.448792311133863,1.55,4.38,4.53,80.3,0.5,0.1,1.1,20
0.677662511308864,0.508242131299339,0.580905411683768,0.228895346298208,13.1481849990203,12.1701452522911,19.7013456366933,11.0741792451311,0.438107306901412,0.44070540152234,0.355785726858024,0.443928077764856,0.401377407849301,0.419613138466002,1.55,4.38,4.53,80.3,0.5,0.1,1.1,20
0.645216541377269,0.808852188359201,0.746365965883248,0.22454952289667,6.50174353158101,15.4160072636162,9.00066087809624,17.2476168518537,0.362198948158044,0.394857538923807,0.422705956164748,0.44459788133353,0.44622829997805,0.446277301516756,1.55,4.38,4.53,80.3,0.5,0.1,1.1,20
0.89823993104659,0.540221960604936,0.77766413681414,0.218568794951215,8.8320183870825,18.4050292976829,19.176558172463,8.0202043559216,0.406921243500896,0.399185993061587,0.353122514291992,0.399914218062162,0.354606348254392,0.434656145050284,1.55,4.38,4.53,80.3,0.5,0.1,1.1,20
0.782852882053517,0.880943211309053,0.848027388309687,0.203282914317539,16.8411861677608,10.1907277664891,12.2935732626612,5.90212755472632,0.358101531443559,0.447610528466525,0.44709653587197,0.442429865075694,0.423230806696368,0.379747109409235,1.55,4.38,4.53,80.3,0.5,0.1,1.1,20
0.623354729782231,0.518799705173075,0.86109760858044,0.21838203175785,18.9467604103428,16.9810739321448,10.914666259056,10.7521179497452,0.409066606489243,0.402238643402513,0.378506201555952,0.428671030066256,0.430401820276212,0.439913827889506,1.55,4.38,4.53,80.3,0.5,0.1,1.1,20
0.60058137181364,0.807590912609548,0.834934805420227,0.167417307249783,6.58487581150606,9.7241201188718,18.3755439980095,18.1391826940817,0.425008805342205,0.359532990906574,0.410710740584042,0.422387549262214,0.441079754305771,0.358127515786653,1.55,4.38,4.53,80.3,0.5,0.1,1.1,20
0.722710256568901,0.643844907106087,0.666305950084142,0.182317938555125,10.6836934855464,17.4859055835661,14.1864095737273,13.2063998706872,0.432862405479606,0.431551308326051,0.430394296232471,0.441445042874757,0.411744618678512,0.416440347138559,1.55,4.38,4.53,80.3,0.5,0.1,1.1,20
0.714556131947972,0.748429201318882,0.828440285955183,0.155456058470253,17.7083358950145,8.2429839086975,7.678168893978,11.6289582454064,0.375498428208148,0.445641161876591,0.429844707730133,0.356658108756645,0.38644282674049,0.400466039432958,1.55,4.38,4.53,80.3,0.5,0.1,1.1,20
0.604647140218318,0.670258865108155,0.70335456741415,0.205900721681537,7.68145394878229,15.8343561867811,14.7898893119441,18.2446940866928,0.398322386908624,0.354032722684136,0.397975271504931,0.386620196253667,0.423769354311982,0.35541432394688,1.55,4.38,4.53,80.3,0.5,0.1,1.1,20
0.82737395991236,0.725373331934214,0.785565019260719,0.181833989242278,17.3559607580048,6.96546019064495,17.7519658655999,11.1153661085223,0.400154976910679,0.398603433281137,0.402099774532393,0.432872536092438,0.426090324933035,0.401978051615041,1.55,4.38,4.53,80.3,0.5,0.1,1.1,20
0.677139395394549,0.532203061220981,0.776799727526307,0.185108905247133,18.399172804018,8.89423666174524,6.07420968567254,6.81927187797381,0.421404059453961,0.377804752816679,0.413275234869076,0.393413978949329,0.418148183798138,0.375052420056099,1.55,4.38,4.53,80.3,0.5,0.1,1.1,20
0.713569457602874,0.551419697952271,0.774963657321595,0.165588731841929,12.4791859038593,11.1003973034373,7.84416621689219,9.54102779715089,0.372113437952893,0.361177754264697,0.406458516046358,0.376714944790723,0.360307734021172,0.35770201441152,1.55,4.38,4.53,80.3,0.5,0.1,1.1,20
0.814235822672956,0.798569286434166,0.698384745137952,0.243325397303654,19.1966881666193,7.22444490807364,8.79283782808343,12.9838685007347,0.404060092649376,0.4434284253377,0.418128078214452,0.37813237244538,0.38406162459054,0.406480382751394,1.55,4.38,4.53,80.3,0.5,0.1,1.1,20
0.824293812443502,0.83346967299711,0.814886557969824,0.227044273773208,9.94182766763261,10.6770650908444,11.1955324491882,10.9516448641592,0.364540723617282,0.35476717868424,0.389870439179102,0.419544292750722,0.427327019868419,0.395386093960656,1.55,4.38,4.53,80.3,0.5,0.1,1.1,20
0.752597283100709,0.773716432970204,0.794664225445874,0.201166264917515,19.5955907059996,5.42717883928446,16.8787452755938,17.2062822956964,0.403987346099643,0.446503273888724,0.384666523011681,0.356868877666863,0.408661014601402,0.431483287967043,1.55,4.38,4.53,80.3,0.5,0.1,1.1,20
0.563864863471687,0.535176325500198,0.518320780980773,0.16567372508808,15.3826884697936,16.3960575099778,19.0716677298606,17.7951765241101,0.378125982286828,0.403066322023142,0.35937562592756,0.406005864495039,0.387580315106921,0.406935108503373,1.55,4.38,4.53,80.3,0.5,0.1,1.1,20
0.651182375601307,0.89541187666934,0.59573457863424,0.215879980265675,15.9639746605465,15.6978675518022,19.2758708271408,14.0306333049131,0.426548932831781,0.391125523375627,0.382411405299418,0.406224829517957,0.429001686434215,0.374425864103623,1.55,4.38,4.53,80.3,0.5,0.1,1.1,20
0.583223854096048,0.56973642178867,0.530485093803518,0.180189661750477,18.5538954343135,14.1655185998324,13.6917396449507,7.46491910356563,0.369833238458913,0.392540260024881,0.38583562547355,0.372745384361641,0.415637945862906,0.394663848147122,1.55,4.38,4.53,80.3,0.5,0.1,1.1,20
0.847787464803271,0.89775950275436,0.503687245099619,0.195451328745857,12.7466171965911,11.7318587978417,6.48136313290102,15.3902859681961,0.422813754868275,0.432769306233153,0.443245776635921,0.414500783789298,0.384860583667271,0.413354226157023,1.55,4.38,4.53,80.3,0.5,0.1,1.1,20
0.671330548948236,0.719670861785673,0.880637091115304,0.164669904542109,17.5034797199676,6.46694186635083,7.81276297880337,19.6029947318952,0.377233093329845,0.39965504857013,0.431984130884567,0.396986012213398,0.380739327651495,0.418308743629372,1.55,4.38,4.53,80.3,0.5,0.1,1.1,20
0.699879949525371,0.843824003476091,0.622103997682594,0.215724373383261,14.3715677690203,14.0459628272825,7.37770667399745,6.17281869748142,0.408010745508038,0.417351292528165,0.39773703499455,0.406835262082284,0.37144684808054,0.383097126796981,1.55,4.38,4.53,80.3,0.5,0.1,1.1,20
0.791668307879195,0.549377994687296,0.80641090424303,0.213498039903119,12.6179687704472,9.52589182303986,17.3672443019901,11.7978990410897,0.430810720636183,0.400318510728329,0.354349484140379,0.437622899159789,0.41241097135446,0.39714354376127,1.55,4.38,4.53,80.3,0.5,0.1,1.1,20
0.512954481311515,0.644825660515949,0.781870759866014,0.206546811981453,15.7280459591863,19.2570309703727,7.9368742107437,14.3300831158319,0.427598921081237,0.383610359472968,0.355351536180917,0.384395539370086,0.427068338352721,0.353977486553881,1.55,4.38,4.53,80.3,0.5,0.1,1.1,20
0.769099156072922,0.849909679403156,0.633008482213132,0.248023147093737,15.0546775575541,18.3037448768597,8.90876531934831,10.7843730803346,0.364834759911336,0.355374818624509,0.44816364371744,0.404898755377112,0.400875624806667,0.438415438810131,1.55,4.38,4.53,80.3,0.5,0.1,1.1,20
0.86694221071098,0.721683722783625,0.85312205714006,0.172885597523348,6.90728535080794,14.9112255012896,19.755547986133,10.8066307288571,0.416973795529269,0.353621643768018,0.409536125734914,0.381947458932782,0.403239649184467,0.363266588862287,1.55,4.38,4.53,80.3,0.5,0.1,1.1,20
0.785116223132797,0.531007131311484,0.82013603216745,0.19972858130415,11.3134540930204,9.68149192076176,7.05480292374967,13.6847513206676,0.357592635203432,0.383207469439739,0.361426095044985,0.386849112779927,0.386879272587504,0.44142948837406,1.55,4.38,4.53,80.3,0.5,0.1,1.1,20
0.860078157491237,0.63128014665246,0.646169224039465,0.240808231997583,17.453281619621,5.81561170268338,8.69679213896627,6.01609590667998,0.42594532455788,0.444949157186039,0.379101706636418,0.37564354129089,0.445894887673808,0.42799967128709,1.55,4.38,4.53,80.3,0.5,0.1,1.1,20
0.591153314593248,0.626111854786426,0.873827017285116,0.212202283718903,8.9141535927006,17.8756982095679,8.34240651015425,14.7064299527719,0.444214990347903,0.369352544464497,0.424978016444296,0.365799284075666,0.406776618573256,0.427682725996012,1.55,4.38,4.53,80.3,0.5,0.1,1.1,20
0.755727286153473,0.648066138030589,0.875251514837146,0.179548898649542,5.20185636400711,10.240979924635,13.123516149011,5.96949976691976,0.41337203019429,0.394158200530661,0.364891819638945,0.350905558332661,0.429919750030385,0.406344295983994,1.55,4.38,4.53,80.3,0.5,0.1,1.1,20
0.865936596196704,0.651523566274717,0.58019009947069,0.225855183292879,8.54257219357416,12.5666688226396,13.5980267847446,17.4534409264708,0.376781567446887,0.370068600590387,0.39957888629511,0.421160993404174,0.418569267701032,0.420107362797111,1.55,4.38,4.53,80.3,0.5,0.1,1.1,20
0.756860565740056,0.557771770234592,0.56403494186867,0.208405493570119,9.02755029434571,6.90884762386559,6.24093240575632,19.8396327808895,0.380240249352576,0.418056079410994,0.411267480780743,0.355759735248238,0.383714267331781,0.352512349206628,1.55,4.38,4.53,80.3,0.5,0.1,1.1,20
0.859537975976244,0.83075585070774,0.54837444136627,0.249938330433471,7.01780991713284,12.0918089432456,18.508257241759,17.1014421025477,0.426878207633225,0.388081354644382,0.380886771640088,0.417963548944332,0.35418582508727,0.374674375538202,1.55,4.38,4.53,80.3,0.5,0.1,1.1,20
0.819619325645827,0.504137050840259,0.766182226259634,0.217548143267445,9.064649373102,9.76085310815135,9.60742836093297,19.7697922501829,0.391416229835665,0.429942038147152,0.440881666623196,0.411731914795144,0.388433289329568,0.368294248258276,1.55,4.38,4.53,80.3,0.5,0.1,1.1,20
0.642260282677598,0.793862962487899,0.795516656472348,0.242983666128898,9.23637962964363,14.4794276742986,16.0313437411771,12.2475209046598,0.447353976754984,0.381651273683365,0.372152552135428,0.443506850511488,0.39366284476975,0.364026216029422,1.55,4.38,4.53,80.3,0.5,0.1,1.1,20
0.73038753854055,0.648869568639249,0.719530686425418,0.171041160504334,15.1332698144042,7.37927685669391,12.3366097464389,12.5780071787816,0.407258946785983,0.429286522227479,0.434283595460746,0.35184771739752,0.408413515215088,0.429349625798175,1.55,4.38,4.53,80.3,0.5,0.1,1.1,20
0.754545813936368,0.581578158558346,0.894329292270541,0.179341248826263,10.0189380245656,8.99099207690451,9.28947177254595,11.6523049515765,0.378625308011333,0.360065701761609,0.394889504570141,0.448471681612264,0.350366140984092,0.435615012947423,1.55,4.38,4.53,80.3,0.5,0.1,1.1,20
0.750661019898392,0.596088281893358,0.816225201682746,0.200589493676508,19.0948531273939,17.1619874267932,19.5781293624453,6.37965796569828,0.38083518536929,0.395088972327719,0.428436453605583,0.441685736398166,0.371677121972991,0.381125900439546,1.55,4.38,4.53,80.3,0.5,0.1,1.1,20
0.572739244547486,0.58023167233225,0.571687989921868,0.188642239044467,8.17267425791593,16.2394137545861,15.0384379159147,5.16431278466946,0.445290875660861,0.413052686094865,0.420547394737043,0.431800403749943,0.434741286507528,0.397323679157812,1.55,4.38,4.53,80.3,0.5,0.1,1.1,20
0.839835451722518,0.641179341556318,0.52489894973319,0.173351341320341,17.0586723803123,8.49833064697916,8.16737042326247,16.5648769186949,0.352094333738461,0.36660507518258,0.383760445501795,0.437436015521176,0.368072905297717,0.396509001036175,1.55,4.38,4.53,80.3,0.5,0.1,1.1,20
0.772708457446285,0.804608919434808,0.583031312027387,0.165120029105432,10.2635304828361,16.0755183197185,17.6045484655583,12.5515652188379,0.350333527085697,0.434064449854102,0.442655732514476,0.376589249750413,0.424343592872564,0.446427765779756,1.55,4.38,4.53,80.3,0.5,0.1,1.1,20
0.719364896310866,0.691392414945178,0.643690970999748,0.246386830055108,19.5227509902208,16.5581324830814,12.1887237928342,19.4961675805203,0.410849455689313,0.369096113578836,0.353415301692113,0.426136092430027,0.359962982773362,0.368106273283763,1.55,4.38,4.53,80.3,0.5,0.1,1.1,20
0.673891142672859,0.756413176745363,0.705373692103848,0.173182043567486,8.76655753207859,18.123691286156,10.5460213273414,13.4366475163586,0.42787173514571,0.372401055057254,0.362492359810928,0.434557225142838,0.392408627958456,0.420347840697598,1.55,4.38,4.53,80.3,0.5,0.1,1.1,20
0.553680562219024,0.543048374226689,0.678433250807971,0.15526425798526,12.6554136807448,13.5790224267077,12.9308484129887,15.1183518988849,0.419994917778205,0.41539983099713,0.443973672089586,0.379334324883996,0.399409742860682,0.386858851774316,1.55,4.38,4.53,80.3,0.5,0.1,1.1,20
0.727814553828724,0.88330216937121,0.707869555505179,0.152078827241389,12.0303563986253,19.3451963487593,10.6957550740847,10.9116036709002,0.3625436346028,0.423316415052256,0.432699022798473,0.404358303266531,0.415280596523406,0.359511397558823,1.55,4.38,4.53,80.3,0.5,0.1,1.1,20
0.823077364481799,0.775578131172433,0.763437507818453,0.160670414792327,19.6251231768867,6.20153833284741,18.1382084897906,7.76112868183758,0.441370782681741,0.354561689306609,0.368220822193055,0.408899166930933,0.389886025355104,0.448107582759252,1.55,4.38,4.53,80.3,0.5,0.1,1.1,20
0.533157455056533,0.837951480766758,0.664152885874361,0.158603456195584,5.87764653593767,15.2886654596473,6.31586449281778,11.845884381982,0.357210057612369,0.388635409026174,0.416906943996577,0.435632818492595,0.434483704078244,0.387935496508004,1.55,4.38,4.53,80.3,0.5,0.1,1.1,20
0.666479516213946,0.828663742400892,0.634705610956252,0.210204918787116,15.0379092552979,6.3283031039848,10.8107583377371,7.88936390596442,0.394325129343523,0.436391237780033,0.397033415379608,0.36046368332007,0.428713451319328,0.365791659175279,1.55,4.38,4.53,80.3,0.5,0.1,1.1,20
0.651828895079158,0.692195984251425,0.752887366660684,0.192264747655066,9.15916070076637,14.1213702748087,14.9041474472103,17.8670026062313,0.413707406537095,0.443620380062796,0.373964968275884,0.384681906794757,0.368592500706203,0.385457928118482,1.55,4.38,4.53,80.3,0.5,0.1,1.1,20
0.741828440441564,0.784735169637948,0.748289943248592,0.189916613143124,13.1815976853785,7.77964427776635,16.8353441101988,12.3687830277439,0.418766670474457,0.425963494713977,0.416148508055042,0.395857673176145,0.360655961283762,0.37334688101178,1.55,4.38,4.53,80.3,0.5,0.1,1.1,20
0.899528751770407,0.786037070802786,0.505461355578713,0.151026887625782,12.0177577526472,17.2983263166342,17.4018543672445,19.1237814900302,0.422043549845275,0.383494092878047,0.361162466550013,0.35394355108263,0.356678443710832,0.388338662689552,1.55,4.38,4.53,80.3,0.5,0.1,1.1,20
0.599363414613716,0.611300116136111,0.742131239221431,0.20728260324751,19.7383475744166,16.1971309215506,19.3061607104703,19.5714748319425,0.416645591925457,0.419356756459828,0.417715895520058,0.374917269336805,0.406596876320429,0.434469706767844,1.55,4.38,4.53,80.3,0.5,0.1,1.1,20
0.70097698467318,0.630275816965289,0.720063793290593,0.241674196300516,17.009312305327,9.89445592575706,12.1571833612141,5.29766362575349,0.410509970967146,0.407391901875241,0.426002176263602,0.368622953659343,0.386641990226368,0.443107406637818,1.55,4.38,4.53,80.3,0.5,0.1,1.1,20
0.567053383884951,0.537205517490953,0.627178341155127,0.191803988742642,19.4330488093686,18.2726721200999,16.2952121973503,16.7546734050848,0.384252940617641,0.392275672970805,0.369323868297366,0.377311885227729,0.354896245155856,0.400918923540227,1.55,4.38,4.53,80.3,0.5,0.1,1.1,20
0.696997009269893,0.740836304179952,0.637133362175338,0.19607038787459,13.7750633105193,6.78816581833409,11.857739073704,10.1524017293309,0.375843293738971,0.358070128287142,0.432836511105765,0.392251157491328,0.362237038254878,0.427256198854838,1.55,4.38,4.53,80.3,0.5,0.1,1.1,20
0.507237805103138,0.632709717067145,0.52446078116931,0.224170494193118,14.5043951002369,12.9523351951572,14.5117599874921,14.2256428976939,0.448421020941995,0.375881332666706,0.40673738706708,0.369716058113473,0.439271203555353,0.404414196149074,1.55,4.38,4.53,80.3,0.5,0.1,1.1,20
0.579093307596259,0.708016508485936,0.675087938659079,0.234729756285017,13.3123230283847,19.2007147330884,18.8557857647026,12.1566718744184,0.429887780170748,0.359958597604092,0.37838339007264,0.401376475193864,0.358557257082593,0.43319400776797,1.55,4.38,4.53,80.3,0.5,0.1,1.1,20
0.887442681629024,0.538612720481679,0.542577578485757,0.184247021906544,7.99692297372967,11.0177262781421,19.2055380700156,15.6853282302106,0.377862673851801,0.391956400853768,0.436773754451703,0.350135542021459,0.395270034124563,0.410754266977869,1.55,4.38,4.53,80.3,0.5,0.1,1.1,20
0.589237135798857,0.570827302697674,0.565390595844388,0.198529554934567,16.7601516891387,12.9086304344423,6.3446966553526,6.95727124360623,0.407978802961111,0.38104124831357,0.393422891033115,0.390390893780487,0.397112859456474,0.389515148642566,1.55,4.38,4.53,80.3,0.5,0.1,1.1,20
0.579260610643029,0.727659265386872,0.609957703902945,0.192597175919823,13.8142088464834,13.9698053048458,12.8392757502617,17.6752382860729,0.443232202478917,0.410125136580784,0.386321986306319,0.439539000718808,0.449474073394854,0.411915306858625,1.55,4.38,4.53,80.3,0.5,0.1,1.1,20
0.872666158782505,0.615736605473794,0.717707845380157,0.243618175212853,16.3212962759985,18.8241314776056,14.5090187716181,19.9507795250742,0.359196836292511,0.352128997021075,0.396654305368289,0.432676699517295,0.440600755253062,0.42842049534088,1.55,4.38,4.53,80.3,0.5,0.1,1.1,20
0.6439383614555,0.684791164726391,0.7931520856902,0.237448826316092,16.5077944122581,18.5752567314357,12.2201119505172,14.9304609929258,0.380751980026392,0.418513664496644,0.426414201313257,0.381039424205851,0.444212408170383,0.448313465959765,1.55,4.38,4.53,80.3,0.5,0.1,1.1,20
0.634627436089516,0.856735424765945,0.500462731142342,0.171383780173073,5.04367548990762,6.4311668426753,12.9675707261125,5.65050497127231,0.384432947326777,0.352638009614916,0.352846322563291,0.409126375139365,0.401889279935695,0.380717470427835,1.55,4.38,4.53,80.3,0.5,0.1,1.1,20
0.63218396257665,0.732180675914511,0.529007018272579,0.227767263255967,6.332101566731,10.9273543650098,16.5679560035327,11.3073952295352,0.428585434136353,0.406727675456181,0.421290693009505,0.387469971117936,0.365254992496036,0.430088208637433,1.55,4.38,4.53,80.3,0.5,0.1,1.1,20
0.502587355031259,0.72294771053344,0.733274776016362,0.160528443826735,18.1720054425998,5.04137779579731,11.0340778620122,7.10313648184063,0.411452801827621,0.356331212037941,0.35236560134152,0.361347360084299,0.369488947133347,0.431331741916621,1.55,4.38,4.53,80.3,0.5,0.1,1.1,20
0.673082021649182,0.731974863708578,0.566990261924639,0.216554255127627,9.1135065203323,12.7957012036839,10.3802627915423,7.39469969742466,0.35944333243398,0.415694512759475,0.386821997917118,0.391208735939907,0.383397407572111,0.357807307298202,1.55,4.38,4.53,80.3,0.5,0.1,1.1,20
0.888474758185819,0.630864021845907,0.606770370136947,0.15340135182254,11.3426546672452,14.4154285989492,9.02622367102886,12.6244863294205,0.354681759673962,0.405695701944781,0.352786867847946,0.38358615373238,0.4027467228672,0.426266616809368,1.55,4.38,4.53,80.3,0.5,0.1,1.1,20
0.803892168303579,0.655555942962877,0.58477873785831,0.151322186199855,14.9389033163688,10.123753132131,12.7907254095911,13.2587445307686,0.353006346741179,0.368672725130944,0.412724263919797,0.407390472684102,0.357328833323531,0.378435504589044,1.55,4.38,4.53,80.3,0.5,0.1,1.1,20
0.775933949613199,0.788194796532206,0.843164255780913,0.161914682772756,6.26607082836563,13.7001269380073,13.2959003891377,12.0494236125331,0.368736971819354,0.442870087139541,0.398453553443169,0.42566757655316,0.362668338055676,0.445005612395983,1.55,4.38,4.53,80.3,0.5,0.1,1.1,20
0.787912978135794,0.577451073583774,0.818992906980217,0.174530120453564,8.2698670989112,17.8469292340521,5.31454684187658,5.19183752752608,0.392436253795726,0.441908359954413,0.440049721611291,0.429046869404335,0.425533432686748,0.366636634969199,1.55,4.38,4.53,80.3,0.5,0.1,1.1,20
0.854910144306533,0.669285683370568,0.708581425961852,0.1585939822488,18.4626222576504,6.98478554266738,16.9314490943169,5.14264506980311,0.37991344079352,0.440843044464989,0.422039279217552,0.392583868521685,0.377748483825708,0.44848023110223,1.55,4.38,4.53,80.3,0.5,0.1,1.1,20
0.789279105107673,0.530110289298929,0.620573193200678,0.23684192582774,14.0767308931169,6.80833978231996,11.2121499343659,18.5092031250661,0.373260401464719,0.444655683783116,0.400726329589589,0.35318267422975,0.421949657774344,0.409819445226016,1.55,4.38,4.53,80.3,0.5,0.1,1.1,20
0.543357381446101,0.758273810615204,0.857491182105616,0.172050754706329,5.95891369493445,6.05446513915202,8.68649245624431,11.9988395640394,0.436515229313681,0.447976402843464,0.383521180727473,0.436468649016973,0.384289779097587,0.41269710086626,1.55,4.38,4.53,80.3,0.5,0.1,1.1,20
0.856579244083725,0.657100812214427,0.856637188678421,0.226453022093838,10.6238727432117,15.7744322616537,15.7112961449917,15.8487958238018,0.437619266206026,0.433192564480845,0.446606978617422,0.387967903523566,0.411497437234083,0.444365840206202,1.55,4.38,4.53,80.3,0.5,0.1,1.1,20
0.668534812951833,0.866803167128563,0.664935553736612,0.174823727948684,19.4871000746544,18.644836822818,9.75542207831982,5.74146280920599,0.401733876509499,0.436780343410186,0.40085180181847,0.40510805702894,0.352378925203905,0.391163532997807,1.55,4.38,4.53,80.3,0.5,0.1,1.1,20
0.72023572787866,0.885167260549963,0.501521047551558,0.166538407959975,15.9822152032051,17.0796471675322,13.4369004885945,6.84760760962265,0.394486248348933,0.384916313461913,0.441591550747259,0.418743041555164,0.420556867289543,0.422875701005105,1.55,4.38,4.53,80.3,0.5,0.1,1.1,20
0.540935997925885,0.823469607927092,0.646728562801331,0.194188318857783,15.5772530412953,12.5326664305502,6.99112290403573,18.9798027344095,0.384758560467279,0.428201887076302,0.390642927571107,0.435510647430271,0.425154506446002,0.441009762593172,1.55,4.38,4.53,80.3,0.5,0.1,1.1,20
0.806115279795788,0.653003847633116,0.563345726284571,0.167616678080428,13.5643631886225,11.8171482259268,15.4899228279316,5.44376150194323,0.438925673460681,0.448656169353705,0.406069919467066,0.418003495518025,0.440377719771769,0.412554395728931,1.55,4.38,4.53,80.3,0.5,0.1,1.1,20
0.689870549793914,0.672539755300246,0.726280702264607,0.150176548066316,14.8541200985736,11.2236710689915,10.6444117650576,6.56865387058118,0.432410118741123,0.431689457756886,0.381692393072508,0.42180495798951,0.376369511289289,0.414478806957509,1.55,4.38,4.53,80.3,0.5,0.1,1.1,20
0.89333255645968,0.689063810649887,0.837324739157967,0.235684989218041,14.0089531528251,13.4522817582916,18.328065352391,18.9038304055412,0.360356688378332,0.362701358090155,0.400418461145973,0.430279835852701,0.372664421453187,0.373458412093855,1.55,4.38,4.53,80.3,0.5,0.1,1.1,20
0.74991677060239,0.745043668089621,0.555026338786818,0.204003710853681,6.93243276043795,8.68714864833513,15.3872596884752,15.753413798851,0.402531628403068,0.37531511209053,0.354627575800195,0.397268932825373,0.435604286153754,0.416233684282377,1.55,4.38,4.53,80.3,0.5,0.1,1.1,20
0.594889127714373,0.814427061888762,0.574429595298693,0.176704745863425,8.66820923131425,15.6074809129094,5.66968875470338,6.33149598669494,0.447836780536361,0.385521178279351,0.415570544436295,0.400974303418864,0.385898897780525,0.404617077464564,1.55,4.38,4.53,80.3,0.5,0.1,1.1,20
0.656602076663449,0.650798866848648,0.85472940780092,0.229077085293783,13.0736129626795,14.3731772321439,19.5126602323167,10.8863454300957,0.430188134584157,0.435542113253055,0.384014935005968,0.412985019901767,0.387885099523421,0.373936112969741,1.55,4.38,4.53,80.3,0.5,0.1,1.1,20
0.830740595999174,0.79295900688488,0.817915653540753,0.233226249546884,9.70216642078944,10.562883933608,18.8914759161253,17.2833554415335,0.388856494350918,0.437603946766304,0.383847625954263,0.43371714968523,0.39276131209936,0.364383256211597,1.55,4.38,4.53,80.3,0.5,0.1,1.1,20
0.895636459054612,0.533687273735926,0.779661654355191,0.220933009000588,7.79945789316669,9.64550664158538,13.775091459828,10.4865312673966,0.371330185681768,0.371922532586893,0.361210225788411,0.407774435426202,0.433225870344928,0.413662175711012,1.55,4.38,4.53,80.3,0.5,0.1,1.1,20
0.81903298902195,0.819728240814246,0.829116818604805,0.213349355141632,9.55644459759584,16.4908565747435,18.2953971055103,9.37122529556742,0.435408163069747,0.372347197054839,0.373664762583235,0.351059323898004,0.381228000600263,0.389876981939608,1.55,4.38,4.53,80.3,0.5,0.1,1.1,20
0.703845479205623,0.789170408773608,0.882809475299902,0.244279760348611,19.383068695215,6.23062536202604,11.9877903020429,13.0805565094599,0.364608382125245,0.416680870385934,0.442379489864316,0.427656370078819,0.422820999563904,0.393340634289337,1.55,4.38,4.53,80.3,0.5,0.1,1.1,20
0.842434659898095,0.864580020121485,0.825389991619066,0.187429652369302,13.6383567749336,15.0330794829968,17.0058874916052,7.59528721750015,0.419029445979931,0.397103364285966,0.364560891903285,0.402323763772706,0.428237807110324,0.389161165262666,1.55,4.38,4.53,80.3,0.5,0.1,1.1,20
0.809529787140712,0.575549573664554,0.504501941524819,0.156297554580076,5.60146262485068,6.55889273858396,11.8392733577476,9.56980749163311,0.436212830569549,0.439120846380666,0.41023108984218,0.402411349117523,0.420985189042008,0.392074443310453,1.55,4.38,4.53,80.3,0.5,0.1,1.1,20
0.571010415399633,0.606178918831423,0.808228563557938,0.166229349839408,10.9509647311806,14.7218710161722,15.7429597849865,8.83547454692191,0.441126003966061,0.378810363478027,0.358145179020986,0.366285598853091,0.400276570075471,0.398688759650942,1.55,4.38,4.53,80.3,0.5,0.1,1.1,20
0.648730875616707,0.811395883389749,0.624059007477015,0.154066558872629,19.3599459892605,10.0115327349026,6.54541572696762,19.9247829190525,0.439448331365222,0.426826758570271,0.41248697305629,0.420649209360499,0.357564299729839,0.361267717292672,1.55,4.38,4.53,80.3,0.5,0.1,1.1,20
0.878161250304617,0.749959287642315,0.589765805581398,0.167160429011937,14.7649305117456,11.4091770005785,11.7118581591034,6.62965761391446,0.391902382062608,0.386223829626432,0.376830215137219,0.446129293537606,0.397507136710454,0.394821166937752,1.55,4.38,4.53,80.3,0.5,0.1,1.1,20
0.679015253708139,0.568577488920651,0.575605594922602,0.150820712567586,17.5184077745164,13.351490599548,8.40869716120884,9.47946777225239,0.44457438779627,0.389480787105905,0.403511976691522,0.440170544183813,0.372584064567788,0.358634497975605,1.55,4.38,4.53,80.3,0.5,0.1,1.1,20
0.770317338891514,0.852038599606603,0.633849277521484,0.212916688414616,11.8731156984228,14.6191283189948,5.87743346355157,19.6539036376984,0.374053432419105,0.370563313737372,0.435270121625904,0.40640282639605,0.447167971475236,0.373780430757487,1.55,4.38,4.53,80.3,0.5,0.1,1.1,20
0.607597900767252,0.814367691564932,0.593333882813901,0.206837664971966,15.5982860931987,9.56774416921893,5.61489794259658,9.73124426961178,0.379088436161028,0.416194025444426,0.381270631332463,0.398192344239727,0.397759144727793,0.396050723736687,1.55,4.38,4.53,80.3,0.5,0.1,1.1,20
0.810283235238493,0.765971836267039,0.635303768259287,0.242413127900148,6.74834292336134,7.66997078231303,14.1579159364174,9.91559477795381,0.367604062128253,0.414002392372536,0.376450691282796,0.375071503914241,0.419909817905584,0.42822005605204,1.55,4.38,4.53,80.3,0.5,0.1,1.1,20
0.663899078142457,0.522056339736655,0.749271223933622,0.176926479239669,15.7935436566221,5.32667748571606,15.4557187250699,6.65286329482915,0.361637491222937,0.433463413084438,0.39014811524027,0.388159691479104,0.43345622406234,0.367196076158434,1.55,4.38,4.53,80.3,0.5,0.1,1.1,20
0.837027455287427,0.718112237680331,0.810337279021554,0.191602543073986,9.01891469608992,5.84040849038865,19.9891355707101,15.3054751665844,0.4103011627011,0.356809271653974,0.433704308982613,0.392126190055767,0.351960598479398,0.409376607227186,1.55,4.38,4.53,80.3,0.5,0.1,1.1,20
0.742670800419524,0.862117046153732,0.879864108351432,0.22224975607153,18.1033582839533,17.115985339263,15.7996917525004,6.13684061764041,0.367850099137425,0.412098742933432,0.399036863378203,0.387396851246292,0.412036515842425,0.435431082837423,1.55,4.38,4.53,80.3,0.5,0.1,1.1,20
0.51857088895049,0.597104864005745,0.847453364145756,0.188538077403186,14.5604317024164,16.7763313307962,10.0763427089318,18.5971968589933,0.374390794112533,0.351400746527174,0.35158262751922,0.413341542791203,0.392223987961188,0.363724361521937,1.55,4.38,4.53,80.3,0.5,0.1,1.1,20
0.840257869851217,0.584913028337061,0.527330818933807,0.198911616093433,15.4555110335723,8.21409680739045,9.82248573978432,17.3902374827024,0.358845144249592,0.37360458024377,0.405570003783097,0.401588847569283,0.397204196015093,0.4159614090438,1.55,4.38,4.53,80.3,0.5,0.1,1.1,20
0.596087149586715,0.517861312351935,0.538991559867375,0.22602777572833,10.5924454568769,15.5262482625921,5.49605287734419,19.8597479602904,0.426294656138541,0.39316311484403,0.416447415106511,0.380438650157768,0.428570744420169,0.423021324589709,1.55,4.38,4.53,80.3,0.5,0.1,1.1,20
0.689013418358192,0.513250866651535,0.737484766313247,0.216333053399529,18.3452790067531,7.32772436794825,5.22439049283974,12.2289840953425,0.443931609880412,0.420921486029588,0.421812988985935,0.385887265502941,0.425925137951924,0.421927331171976,1.55,4.38,4.53,80.3,0.5,0.1,1.1,20
0.70784831658043,0.541645803792216,0.813414447187632,0.225039512660354,7.56671129137976,10.29361600623,14.8487070663157,12.1146720990213,0.433547280303715,0.387166525703017,0.395716553232167,0.444188509017415,0.373464989627572,0.357362565501127,1.55,4.38,4.53,80.3,0.5,0.1,1.1,20
0.760604213107191,0.578309686918557,0.586106638563983,0.163276031627459,19.5045872925711,9.03299906695494,15.0745997383469,13.4843237934657,0.363163854569336,0.42043511706735,0.381855331487954,0.35060892299097,0.357038388866326,0.385203947793227,1.55,4.38,4.53,80.3,0.5,0.1,1.1,20
0.53764840664696,0.571827679389715,0.830077234663628,0.249077658513514,14.1381009850674,17.7140021419758,18.708298621017,5.77490644150879,0.386554508808441,0.393284602191439,0.427694788226346,0.399636641527945,0.367423962477734,0.420514330136869,1.55,4.38,4.53,80.3,0.5,0.1,1.1,20
0.847120341300219,0.61917634575665,0.897749355171248,0.238735954018496,15.8027225189772,18.9035778801097,16.731273359654,11.823071558089,0.359670667119697,0.387994707420329,0.442011732572829,0.431423154979292,0.434319517622888,0.427589358597249,1.55,4.38,4.53,80.3,0.5,0.1,1.1,20
0.684344963458553,0.802697708401084,0.771051454542391,0.210069009263488,6.2541665039584,16.7546372536081,19.8911578171141,11.2817010454438,0.417227579776151,0.373169690813217,0.440771458646376,0.371147585910326,0.367271299538855,0.405140689092735,1.55,4.38,4.53,80.3,0.5,0.1,1.1,20
0.568303960577026,0.582481588686816,0.802164915723354,0.21882211827538,17.1284842626657,8.4697226521722,9.51574908977142,8.60529412783682,0.382216495686304,0.357735797279701,0.408729441203596,0.449255442351662,0.393502338240342,0.44467652801103,1.55,4.38,4.53,80.3,0.5,0.1,1.1,20
0.874064924958721,0.836506362181157,0.793641654852219,0.173527525662584,6.08487738097319,9.21259894671384,13.8480882336129,14.3610965639143,0.421771154592698,0.413779798458144,0.412142332693981,0.388361552950321,0.437788987536728,0.406074362985417,1.55,4.38,4.53,80.3,0.5,0.1,1.1,20
0.891790064931847,0.52626920415163,0.698949818325788,0.234908762617409,17.6726125829038,8.76947526825592,8.23311205982696,15.504619523359,0.363568631795282,0.431839580902364,0.387971285050036,0.420900909920083,0.408202626512106,0.445296896522632,1.55,4.38,4.53,80.3,0.5,0.1,1.1,20
0.838502645669319,0.676357544834912,0.754910101447441,0.1841616013953,9.60783425007481,8.02570247814525,7.62855111663928,7.57701242403826,0.392726103959559,0.448020044311974,0.365381959662586,0.438172721298132,0.395941755955713,0.397422838000394,1.55,4.38,4.53,80.3,0.5,0.1,1.1,20
0.693052736838721,0.512749871851876,0.526273818426952,0.223116177545115,19.8152468739799,10.991509692166,11.885329849089,15.4740008671558,0.427365397485439,0.374544745266624,0.410024367396347,0.428330001757247,0.375603580168588,0.367640116621368,1.55,4.38,4.53,80.3,0.5,0.1,1.1,20
0.836007338764705,0.68382686146982,0.578544157842733,0.236549791713245,10.041721301272,12.7190308832214,11.0623861667747,18.9374208768294,0.366274479697505,0.411186097715795,0.415251431287965,0.433478259202372,0.432995626911614,0.376076476133894,1.55,4.38,4.53,80.3,0.5,0.1,1.1,20
0.850485385951027,0.831874644800834,0.569759714422189,0.168825326277129,17.7685586815444,19.9463665465266,11.7461962842033,16.667249065449,0.440066261193622,0.420368748648744,0.399212824604847,0.376088695129845,0.379014962838171,0.444993846648606,1.55,4.38,4.53,80.3,0.5,0.1,1.1,20
0.892684654898383,0.624069894087501,0.596781722919457,0.162377932830341,16.2875209746929,14.5075914498139,9.86477230174001,17.8943946724315,0.414714444845589,0.443120938557806,0.446990506059909,0.43092734289947,0.405519369212724,0.357578879847983,1.55,4.38,4.53,80.3,0.5,0.1,1.1,20
0.542950048784353,0.595644164557382,0.679519671716914,0.157188879338373,11.8488321323227,8.60517677370459,10.4750671719364,16.9570969716972,0.438294080998655,0.447327446279023,0.431598711929377,0.354891480066814,0.355813520384673,0.409586016324349,1.55,4.38,4.53,80.3,0.5,0.1,1.1,20
0.512150977152027,0.813496907739155,0.657578092580475,0.229383857223392,6.78970878557768,16.8124844578072,16.6071653424669,9.2409638483217,0.369716434743209,0.360244944524532,0.428666744790273,0.387730698698433,0.353713265953446,0.351060213991161,1.55,4.38,4.53,80.3,0.5,0.1,1.1,20
0.716751385543868,0.738287466014177,0.728605160212889,0.220001061771857,13.0460535502038,16.6896019132808,18.7788860885683,8.54076527457684,0.445787156960415,0.42413258098783,0.413497412399109,0.375503796126042,0.424049831834063,0.408191104474524,1.55,4.38,4.53,80.3,0.5,0.1,1.1,20
0.558975107181072,0.759163327352144,0.861652024295367,0.230886081670923,9.08946060331538,12.4242664624518,6.41631412655814,7.6358883043169,0.407737713631103,0.429407956455927,0.415941196773341,0.448180905505177,0.440444728650805,0.392229340587556,1.55,4.38,4.53,80.3,0.5,0.1,1.1,20
0.788319181327894,0.53780289543476,0.772839429982752,0.156772052590689,18.0604663157533,19.7165367453569,6.59848097792361,17.0887498957478,0.402799576547602,0.356465917421645,0.4002660423466,0.39189833782427,0.437074194590002,0.447589621058665,1.55,4.38,4.53,80.3,0.5,0.1,1.1,20
0.586373678200692,0.751378447459079,0.787755883915536,0.175562812682986,14.2134209441044,18.2152591423434,8.64402889623074,15.8285336686927,0.396389931303309,0.366065000435943,0.353722154370649,0.392887830720888,0.414767719527287,0.381523408414051,1.55,4.38,4.53,80.3,0.5,0.1,1.1,20
0.82637610210441,0.513862044799328,0.839182339481451,0.174757665027492,9.98727492431644,10.2543457263336,8.00352657917654,18.3504119066359,0.39085483715306,0.402599155063834,0.437568197757565,0.423017870544177,0.426907411839347,0.421785464562289,1.55,4.38,4.53,80.3,0.5,0.1,1.1,20
0.749465553317592,0.844595638750121,0.738646928090788,0.245047391087189,7.11174074345734,15.2283382091438,14.5899318554229,11.8748100974597,0.372861193256313,0.435196485043084,0.391056407888047,0.407434174187901,0.418283800824825,0.444589803507365,1.55,4.38,4.53,80.3,0.5,0.1,1.1,20
0.613078907461464,0.797595548751578,0.683750260481425,0.207908891723258,8.13980614828412,10.4161522838241,17.7228588724532,5.94440255343448,0.420436825927068,0.444327704211092,0.388222546231886,0.413474062317796,0.419113536241185,0.377230663481448,1.55,4.38,4.53,80.3,0.5,0.1,1.1,20
0.869331492938474,0.840809161118232,0.628142978977971,0.231431859324733,8.46359386837343,16.0469249806972,12.2825944709568,9.40187238068553,0.35621955227307,0.364028061545175,0.394513020165171,0.382203998144949,0.446499986161292,0.436142069852399,1.55,4.38,4.53,80.3,0.5,0.1,1.1,20
0.812522888336331,0.739639509311318,0.878701138892025,0.201395372940647,16.9311148962635,12.2286820149049,14.7469836591976,16.9326270584203,0.356011519832117,0.380205366318766,0.380263690197561,0.391709340074426,0.446113384198537,0.388796804123372,1.55,4.38,4.53,80.3,0.5,0.1,1.1,20
0.6292617468955,0.514553114917688,0.725215242445096,0.241951996612735,19.3157563483412,15.1839992072224,9.55590001368197,5.54915548237041,0.409242712921277,0.438941301865457,0.374209818189032,0.357470580732962,0.373936804376729,0.376829859487154,1.55,4.38,4.53,80.3,0.5,0.1,1.1,20
0.555346747181192,0.73021095276475,0.528751936345547,0.182494213026669,15.1609665992879,17.2585060961661,12.7049900666741,19.6903728653817,0.362246267502941,0.378797135939635,0.360834117362043,0.363409342463361,0.410234383748425,0.405950129942829,1.55,4.38,4.53,80.3,0.5,0.1,1.1,20
0.726720905134268,0.747859667764977,0.709480754348263,0.186407078325003,6.61766783207888,9.98472522835014,9.14355868836166,9.03550085655181,0.390414474663371,0.383087937804125,0.362150812216196,0.41651180885802,0.390140197127359,0.439374206593679,1.55,4.38,4.53,80.3,0.5,0.1,1.1,20
0.505201283778809,0.528070193855837,0.550055971541442,0.211863657815848,9.43382144802948,19.180440311546,13.4731136748684,5.87967065199977,0.4130148192605,0.396302304004738,0.418822285238374,0.396588349285442,0.37728927287776,0.351617041818751,1.55,4.38,4.53,80.3,0.5,0.1,1.1,20
0.807458653096482,0.740118254817091,0.640301340576075,0.246665140639013,5.3508788611996,7.87158190382645,6.78569876437774,9.77630240343977,0.428019295225339,0.379384222942963,0.384920875611762,0.376201364832139,0.353442131889844,0.378105361733492,1.55,4.38,4.53,80.3,0.5,0.1,1.1,20
0.502122229597904,0.734403786347806,0.7712673788324,0.202613136528153,16.5539232113725,19.8231838331954,15.4397208900075,7.28549845991656,0.441630910668336,0.384551133605372,0.404005233523156,0.352555997890793,0.398390584873222,0.373121024959302,1.55,4.38,4.53,80.3,0.5,0.1,1.1,20
0.622461206862889,0.791657628362812,0.639679833505861,0.246828564243158,12.0672348911921,8.79268860991579,19.5855335331243,18.3266022933158,0.3683949704953,0.356702047451586,0.398198810609896,0.400204961526114,0.351071316487342,0.425186984780338,1.55,4.38,4.53,80.3,0.5,0.1,1.1,20
0.550884071317129,0.862989274497144,0.743075551434234,0.247057881667325,5.01386174743995,10.5105335664912,9.98731845881091,8.59925113697303,0.412549083320145,0.434231172043365,0.420688274386106,0.362171926742326,0.369009092036262,0.434120567478566,1.55,4.38,4.53,80.3,0.5,0.1,1.1,20
0.810735639620572,0.697253526947461,0.502134560391121,0.247660330764297,12.2307220287272,6.19671152457595,5.81832878214773,11.3565732629248,0.390378333500447,0.377582065084204,0.412922573334863,0.399303066093382,0.391657411883352,0.388029596231692,1.55,4.38,4.53,80.3,0.5,0.1,1.1,20
0.508606841527298,0.602197042214125,0.577749682446942,0.198276992019964,12.8468981352472,15.057477312074,9.2512664355617,17.577637662834,0.433950059188763,0.365258225284191,0.377920336238341,0.435153233755613,0.420695055100368,0.359202942785434,1.55,4.38,4.53,80.3,0.5,0.1,1.1,20
0.763805559465848,0.66213499321267,0.661734837101214,0.214352197800949,18.6764881056733,13.6097809480201,10.5999081579456,12.7112126194732,0.42577278837245,0.362430463535432,0.35020252710511,0.403170632638689,0.394403760547657,0.384304278478166,1.55,4.38,4.53,80.3,0.5,0.1,1.1,20
0.687732049638778,0.5212584283581,0.832675302823447,0.195343661175855,11.7274805190461,8.70294213690795,11.4777872069203,9.6913264844683,0.381613048223034,0.392103376338771,0.402339924956951,0.3600662870117,0.441987713280646,0.393944548100326,1.55,4.38,4.53,80.3,0.5,0.1,1.1,20
0.700031125679426,0.805001421813853,0.616269573396631,0.172533545467164,19.2304970397451,16.0200223790994,10.3480388021539,14.2062515477813,0.417445253880182,0.374108388045849,0.394362351958221,0.371273876786605,0.363185967690405,0.430809925524285,1.55,4.38,4.53,80.3,0.5,0.1,1.1,20
0.609166973259114,0.638837601668015,0.711693699206971,0.201646846898878,9.30753012613626,12.6299584669201,17.9114110767585,13.9021350043896,0.407582336582802,0.362886075282516,0.444863749616267,0.378421402180195,0.40019754922362,0.390045307146292,1.55,4.38,4.53,80.3,0.5,0.1,1.1,20
0.811657280051336,0.892776366246119,0.741086314617843,0.183349605369894,6.31412906279322,6.73888006381225,9.40979981703218,13.2277471099398,0.391287292947201,0.382697071491834,0.395451039373269,0.412571711211186,0.381419407448731,0.402386284788372,1.55,4.38,4.53,80.3,0.5,0.1,1.1,20
0.572801524939388,0.730573583399877,0.866456733773649,0.197898300542356,12.627315848337,14.5560411798395,10.0347260713275,11.722047216713,0.386757916497719,0.35970202471558,0.404741049564164,0.420474094218435,0.36402043544203,0.44323315671212,1.55,4.38,4.53,80.3,0.5,0.1,1.1,20
0.639174436530471,0.551112140240893,0.694806891787425,0.234493535009399,8.20369634630159,19.5835999660078,19.9127021375136,9.85861977413995,0.401329366600793,0.397211321307952,0.363575317644328,0.445621184278047,0.374324054109305,0.405394761821907,1.55,4.38,4.53,80.3,0.5,0.1,1.1,20
0.895028991838172,0.546143886183389,0.597805165905133,0.163508860475896,19.2988844934618,15.6394364749431,12.8131091677863,7.19103838370647,0.38502732096659,0.385041918351036,0.369132485682936,0.364286418711254,0.361555395293888,0.449068360212585,1.55,4.38,4.53,80.3,0.5,0.1,1.1,20
0.713778207541071,0.66008012422882,0.721938456326909,0.163014128114888,10.3920843227929,15.0089832692384,14.095137135929,7.97543077976443,0.418218234127993,0.358725556228729,0.362984797677258,0.433898846998252,0.43037256886852,0.385703137506545,1.55,4.38,4.53,80.3,0.5,0.1,1.1,20
0.829418554344773,0.66115317514129,0.734470609872043,0.229696950148325,7.51242905756226,10.6139275938366,17.9685479768575,14.105562747519,0.411110963912727,0.423811240356555,0.440273431509361,0.410840748101613,0.406898301537335,0.367921282590693,1.55,4.38,4.53,80.3,0.5,0.1,1.1,20
0.748088330820948,0.511657519900613,0.858254119155184,0.225440522790514,6.84671342419693,5.73398228536826,15.1611444543325,16.3923285491834,0.423726977659017,0.40907258857633,0.367537740260223,0.438584568111924,0.376157618889539,0.443922416686965,1.55,4.38,4.53,80.3,0.5,0.1,1.1,20
0.59776229684148,0.502490324801952,0.630674179164693,0.204405265295738,17.793243822495,9.06291155200685,9.64542211298365,12.0711019646004,0.375174952946743,0.401163386030914,0.438936673136009,0.441912012877362,0.35315390458894,0.371067685872316,1.55,4.38,4.53,80.3,0.5,0.1,1.1,20
0.767315422443114,0.860660886593908,0.552840272849798,0.211297707815235,7.28040101519087,10.659538095363,10.7604150395328,10.2064089642139,0.42019427066138,0.417756510434067,0.369502272109548,0.413174203749141,0.367987307057483,0.401734257025411,1.55,4.38,4.53,80.3,0.5,0.1,1.1,20
0.523463722394593,0.561881571572088,0.652645991712995,0.185370464572404,16.1303946212097,5.11707772792084,14.3019762304169,19.8011215803376,0.435729393268609,0.385745060352935,0.449670696090581,0.422148313525412,0.448594114323845,0.400205366295902,1.55,4.38,4.53,80.3,0.5,0.1,1.1,20
0.73973549417872,0.553656021761708,0.867261946850084,0.233168267061655,8.22434876569314,19.412802749197,10.1831011207518,12.4659648571187,0.435282466400508,0.374245507628005,0.423085759552615,0.41471569936364,0.383532747835619,0.368838170916168,1.55,4.38,4.53,80.3,0.5,0.1,1.1,20
0.633435123842955,0.541095497166365,0.791273181159608,0.194803709223773,13.5103287745873,18.0952735696593,8.84913310222793,8.10791252488969,0.372589899355778,0.378100030775787,0.422407881636312,0.364898532130104,0.39571874521249,0.389742669694498,1.55,4.38,4.53,80.3,0.5,0.1,1.1,20
0.532368864422105,0.610703433882818,0.612023955993354,0.2187023547858,8.30867326199543,18.047227663775,8.37046596081462,15.1780551976315,0.368585204146849,0.366456349131884,0.351804111397266,0.409852719358448,0.413059608415328,0.442095377740031,1.55,4.38,4.53,80.3,0.5,0.1,1.1,20
0.747721872949973,0.898916615628824,0.615562180581503,0.19945043373988,18.1334981461568,12.6923057869333,8.77120155186393,8.64216338414699,0.423962033454981,0.397996720893169,0.36184907144173,0.355326382313808,0.361822295772703,0.356505539125064,1.55,4.38,4.53,80.3,0.5,0.1,1.1,20
0.697953612950444,0.815363170764409,0.551481109850854,0.152449838549597,19.1472482362855,13.6210054350644,7.31045607420849,15.2053146345261,0.399161231415998,0.418799503217917,0.394744249285152,0.351569561351836,0.366496383712674,0.402436735201115,1.55,4.38,4.53,80.3,0.5,0.1,1.1,20
0.807047284918092,0.745829816273041,0.773929973617569,0.191334510138584,9.87478987309849,8.81463402692927,6.65644909320632,6.23326206858037,0.440281601726916,0.37508684426439,0.44136889883019,0.434023571670754,0.413307405754039,0.375261556256609,1.55,4.38,4.53,80.3,0.5,0.1,1.1,20
0.511175208408386,0.70280971771013,0.738393413634039,0.191175863057282,5.11594576796983,10.4852130822465,5.03384899480268,14.6171172493999,0.446701600955101,0.40761989307059,0.356752517138654,0.363019572195038,0.439460109180398,0.398395588249294,1.55,4.38,4.53,80.3,0.5,0.1,1.1,20
0.606257991723903,0.729420143159293,0.671736539889686,0.22041477885088,16.0589346221322,13.4009855610575,5.27214623602573,10.7069130470115,0.377573526861938,0.443861783983139,0.429296624174668,0.364507520615496,0.44204896372268,0.397853722026292,1.55,4.38,4.53,80.3,0.5,0.1,1.1,20
0.725870487222821,0.847978184562922,0.644469886427745,0.232706986491242,10.8957439596206,6.61641201437218,5.53619374063099,8.74829426872078,0.424539729783963,0.38019708356224,0.446535539365187,0.377863381243497,0.435295242338767,0.362301500492077,1.55,4.38,4.53,80.3,0.5,0.1,1.1,20
0.89062840547394,0.736253981325775,0.540883695957065,0.231059938390413,9.366060574851,14.9396989290905,5.84544158762088,19.5427385770297,0.361942279326916,0.415511858907109,0.407546096789511,0.446393652105425,0.426568402922293,0.422181538990745,1.55,4.38,4.53,80.3,0.5,0.1,1.1,20
0.535607760158926,0.891706009297073,0.537813979564793,0.211474137781002,18.7497522464115,14.4337141712732,8.06314050502842,14.0196131749474,0.437254538528202,0.384698053270811,0.372539521729155,0.382722058734996,0.396744241905538,0.424477171129501,1.55,4.38,4.53,80.3,0.5,0.1,1.1,20
0.701740847022832,0.762913348444179,0.786689016862027,0.246475135959499,14.9622425657534,11.5189186544484,5.26656799347373,14.7380681468593,0.411605247867992,0.428041747258138,0.396097015694436,0.395491154698236,0.443825402784068,0.375937580607925,1.55,4.38,4.53,80.3,0.5,0.1,1.1,20
0.805212106842548,0.699751676434651,0.75739166146107,0.191598138743313,7.43759909246583,13.2773215002078,17.3544118097425,13.9797998459684,0.397220237301104,0.405089565078029,0.409663305366319,0.353770390831865,0.371102389818011,0.449567318766564,1.55,4.38,4.53,80.3,0.5,0.1,1.1,20
0.858024771634117,0.634433891103976,0.72971914791204,0.237727603107877,13.6400539971073,15.1358684598468,13.9133758490183,13.3279430787079,0.434068459048728,0.412478020405909,0.435995231162431,0.384462030468928,0.356194056174438,0.443510264933994,1.55,4.38,4.53,80.3,0.5,0.1,1.1,20
0.646752228389122,0.671005339110829,0.796851798929274,0.168521255636495,12.107313031489,19.0601879662205,11.2975466998946,11.4297368015884,0.399819209094066,0.436823521241173,0.377352088129148,0.41634403507621,0.399237307963427,0.366470252627041,1.55,4.38,4.53,80.3,0.5,0.1,1.1,20
0.612689125412516,0.820410270607285,0.513845645571873,0.249573583776597,17.4392921330803,13.8085997543298,13.0446149170771,16.2695914089819,0.376281368956761,0.36744147881479,0.350616730593145,0.395249744694028,0.430654386868887,0.410867638610769,1.55,4.38,4.53,80.3,0.5,0.1,1.1,20
0.804178165376745,0.864823849941418,0.819403129967675,0.186235508077359,6.38846347890562,16.9170063500688,13.8556519290083,18.8276195494598,0.443129378057132,0.370664287822973,0.374899015806569,0.443156946024671,0.440040309093473,0.442379515337758,1.55,4.38,4.53,80.3,0.5,0.1,1.1,20
0.793286797816306,0.739076661700755,0.864446552702226,0.170171677471278,17.1731339703524,6.14413177294657,17.6702483663918,13.1577365914988,0.355045625069644,0.422027582119918,0.449047845736425,0.427880166594125,0.447521675967705,0.399656953498069,1.55,4.38,4.53,80.3,0.5,0.1,1.1,20
0.717223609919474,0.506311666971073,0.647361802605167,0.190453519945638,14.1096094022947,16.8690227096272,18.2366816065996,9.32678406071151,0.388059079181124,0.35426553250947,0.370904906372214,0.365526100089075,0.354274736876087,0.442893000654504,1.55,4.38,4.53,80.3,0.5,0.1,1.1,20
0.790463270258345,0.583265431749262,0.7685082675796,0.178499742463045,16.6184088581707,17.9575588258263,5.70523569689598,19.4665411887737,0.370577060579229,0.355126855467865,0.356032629974745,0.393176822753204,0.424918405458191,0.392404896907927,1.55,4.38,4.53,80.3,0.5,0.1,1.1,20
0.794293429898657,0.803757633482292,0.800235088738613,0.151865134216892,5.38780154642183,13.9882072866894,11.6078685283032,18.4500852532079,0.432201042260416,0.409643097308744,0.389710935873166,0.449969628326548,0.368274244589591,0.387415168525139,1.55,4.38,4.53,80.3,0.5,0.1,1.1,20
0.832895819629356,0.501145186327212,0.827763803472929,0.20470956707825,13.2739661761443,8.08840774561512,17.7032580138044,19.8867723645968,0.390095013578283,0.431178344683908,0.424617800799618,0.379032262820238,0.395539223416708,0.354619604658755,1.55,4.38,4.53,80.3,0.5,0.1,1.1,20
0.7797176200822,0.65907633584477,0.848804563769698,0.184863731700042,9.82976629877929,15.9470708542992,14.2730437978217,16.4104558358318,0.391604719165713,0.416880499281595,0.383221933329431,0.443706921484787,0.369379003267689,0.395083501026686,1.55,4.38,4.53,80.3,0.5,0.1,1.1,20
0.602179393190891,0.849245276396722,0.514653189520352,0.150409153003199,19.7692206405336,16.543564826306,16.5303714731848,12.4194669301296,0.355507989989687,0.436003917710716,0.357646751303831,0.355901110526314,0.357836682703905,0.376671836675471,1.55,4.38,4.53,80.3,0.5,0.1,1.1,20
0.723365775306523,0.818271207224019,0.553711791823991,0.176346830781316,17.6497607312561,8.65737764331279,12.5609270919394,14.6593846140034,0.422741088925116,0.378233065356826,0.445207093658438,0.415871017387649,0.425399677768163,0.449222821195237,1.55,4.38,4.53,80.3,0.5,0.1,1.1,20
0.885506428081915,0.890041749625839,0.629464563549869,0.179041932545509,16.2421490168083,6.26626128425356,12.6218935280782,8.86877864246955,0.379765754273534,0.442709371701349,0.357229316805489,0.374320994980307,0.447790402717143,0.407610607794765,1.55,4.38,4.53,80.3,0.5,0.1,1.1,20
0.649517872808129,0.574154211298004,0.714606046269648,0.169356063296553,11.4559201674908,11.1391318804445,5.45658456411678,18.5367361694574,0.351688134867093,0.369428752418654,0.407882214041008,0.410155522124562,0.370942354717711,0.372201401888952,1.55,4.38,4.53,80.3,0.5,0.1,1.1,20
0.674629319141619,0.754783064092696,0.601802152615041,0.151650424759416,9.83606811703648,18.5572415292449,6.4546990502812,18.66809616365,0.367592674771231,0.444026320799766,0.387177998836804,0.406756408241391,0.449393350345455,0.435397310046712,1.55,4.38,4.53,80.3,0.5,0.1,1.1,20
0.564530445283838,0.572569113762118,0.570841899636388,0.214180834084237,14.3196236107452,6.02962342675775,13.9089877930749,11.9455671422207,0.353457318271929,0.39604241684447,0.388823785385117,0.436373264512885,0.361671191696776,0.352368590383278,1.55,4.38,4.53,80.3,0.5,0.1,1.1,20
0.825576642862707,0.588914464787021,0.827000075957552,0.177009506316809,18.9125162858423,6.52981532321079,14.7662861868856,16.6027697466244,0.372384342193324,0.375443855045736,0.444094481139444,0.401114772256045,0.369702550142771,0.380094444372738,1.55,4.38,4.53,80.3,0.5,0.1,1.1,20
0.740342418133281,0.720123862071335,0.865629873287305,0.248459994322713,5.96863790049916,15.4694290651078,6.09633566463832,10.3936071369587,0.445913520416617,0.369727852534875,0.426656162652699,0.407035927075287,0.437569158448232,0.422711856047669,1.55,4.38,4.53,80.3,0.5,0.1,1.1,20
0.597062547158264,0.718436209431663,0.517332054976188,0.162801576498011,12.7718298160797,19.3830879046093,18.4894931716588,6.20237372437026,0.37087829763256,0.39740254123318,0.43440945806792,0.444247795059811,0.388291239596996,0.410364934587246,1.55,4.38,4.53,80.3,0.5,0.1,1.1,20
0.751493013384752,0.829888652480021,0.71063061564751,0.231383975424198,15.1088453576341,5.9205800457648,8.81689584633335,13.619497225408,0.364229471823201,0.376314112635702,0.373243687309185,0.443385430620005,0.407763757167198,0.436622643297724,1.55,4.38,4.53,80.3,0.5,0.1,1.1,20
0.732605245900527,0.588092694718763,0.645085798866861,0.180663303036941,7.32113727028947,9.87679262613412,17.6359591711755,10.2282125915773,0.415260845146095,0.412694536921987,0.363377136317967,0.358007461281214,0.391125440392317,0.428122379541118,1.55,4.38,4.53,80.3,0.5,0.1,1.1,20
0.560972608211637,0.639379953602701,0.57352426414676,0.164307076415466,8.84175659829052,9.35643001403194,13.52692027546,17.9851068902668,0.383920998907555,0.37914106157627,0.389117776477104,0.440760880951397,0.439133007384278,0.365213640628988,1.55,4.38,4.53,80.3,0.5,0.1,1.1,20
0.580373150316067,0.558435204519518,0.812548257068358,0.153605862367945,9.26316322011175,8.38100357321789,9.47013110541273,14.5831507044961,0.428869288459281,0.356075005434081,0.418612092552753,0.44835433697952,0.367708630031254,0.364972131817276,1.55,4.38,4.53,80.3,0.5,0.1,1.1,20
0.828469404737093,0.506734789952636,0.641487774433941,0.174008770884061,7.86317114600213,17.0328085022792,12.3545142773609,9.28004013416125,0.434842141098157,0.404107239804417,0.412227911862731,0.384923330891738,0.446845967144473,0.404206654510181,1.55,4.38,4.53,80.3,0.5,0.1,1.1,20
0.531760387828387,0.759867006779835,0.581780307844467,0.212651453228761,7.6189786960464,17.0185409756331,15.2471097368817,8.495134113573,0.430409102443885,0.405207915640622,0.419633639285993,0.428583887916058,0.42884786722539,0.377184514615033,1.55,4.38,4.53,80.3,0.5,0.1,1.1,20
0.51469910663534,0.626997878736071,0.508714472486079,0.157797202312807,8.70539194073994,16.3374983806675,13.7002278308081,17.3043779574125,0.39672784349001,0.367248175924737,0.417310974566499,0.425545013456466,0.39208949476066,0.372856524337735,1.55,4.38,4.53,80.3,0.5,0.1,1.1,20
0.841024886053987,0.664963401441649,0.658779480629973,0.208982985247951,7.1951477623242,9.78517326837638,8.47550881646574,17.8161025468493,0.356516735714115,0.388864148837701,0.355579564760346,0.442656071179593,0.375080816295976,0.350738522106735,1.55,4.38,4.53,80.3,0.5,0.1,1.1,20
0.626547450765967,0.633424647526629,0.706785367681645,0.205206954510789,17.2321293703956,18.4209107778617,9.10188451868715,12.4060214844812,0.397590929543274,0.401646289574448,0.41157092440133,0.409306543605821,0.391559834479727,0.432485148366308,1.55,4.38,4.53,80.3,0.5,0.1,1.1,20
0.670685804614984,0.656774958410114,0.75561534258984,0.242686100976216,9.89492215362145,17.7518662853981,9.13213477407582,9.98004429130349,0.392069872614974,0.418812664069375,0.420020736103784,0.384017383412132,0.365894236060558,0.440678638307564,1.55,4.38,4.53,80.3,0.5,0.1,1.1,20
0.500116156114452,0.744092514052242,0.739390534845181,0.177434402818512,16.473757627313,19.9368076631613,19.5320377578656,11.4518251138041,0.367256703339703,0.382530887821503,0.351757111469749,0.39325558025185,0.407809271748457,0.4261608152234,1.55,4.38,4.53,80.3,0.5,0.1,1.1,20
0.691654843248427,0.545195480534062,0.723304785211198,0.180301291385293,15.6772386789019,16.6409865668439,16.2533908833656,6.89441012783442,0.408307977473317,0.445896567270719,0.428860713726236,0.419936846682569,0.364395863516536,0.399101149872551,1.55,4.38,4.53,80.3,0.5,0.1,1.1,20
0.766738235161081,0.800106309042312,0.710170183915086,0.182942187766731,15.5156112187728,14.2370498189563,9.72980727805989,10.0600745804026,0.447770806463389,0.393782444136078,0.430574592084018,0.40170708915852,0.419649226335296,0.397687586732442,1.55,4.38,4.53,80.3,0.5,0.1,1.1,20
0.522300515246391,0.712320805677027,0.627866865213215,0.183966876624059,8.0219885659893,12.4985083642649,15.2144889649609,16.5015119680995,0.415033834539773,0.446321987109445,0.393112806890765,0.367935438240645,0.448018139769509,0.366125984510686,1.55,4.38,4.53,80.3,0.5,0.1,1.1,20
0.618342261153273,0.829059195286036,0.799730321300589,0.156814757656166,14.3437328851782,11.241787664236,9.95668260220205,8.13797437535133,0.382074567250721,0.404506314846734,0.439422255792283,0.412108487030817,0.39863793114936,0.354580930153374,1.55,4.38,4.53,80.3,0.5,0.1,1.1,20
0.823755141779035,0.520254237033054,0.688347510013916,0.233545625851443,11.672183448656,8.18134878421668,15.0172802266898,17.7592671974096,0.418947304659337,0.353918478874629,0.360497080611391,0.372031867507566,0.445200586571591,0.437251068814006,1.55,4.38,4.53,80.3,0.5,0.1,1.1,20
0.79543487673942,0.768465074345842,0.607213318279199,0.198199486765033,19.0685766053619,6.62969978449168,17.233344766947,14.4362073453493,0.420961895189714,0.363295365260402,0.408537244054582,0.399553427977348,0.444965908516292,0.446698229175666,1.55,4.38,4.53,80.3,0.5,0.1,1.1,20
0.536978270084597,0.76654017065987,0.602660137818195,0.172676552843628,10.9979346464621,17.9239693540242,18.8678227470117,10.3344598879199,0.398432460917113,0.443289665023936,0.40304254604741,0.365920331053575,0.427830039466685,0.354898372075614,1.55,4.38,4.53,80.3,0.5,0.1,1.1,20
0.844473383207806,0.524100409267657,0.775906729831547,0.220296694239881,17.2847043963219,12.803239166846,11.4123835928412,6.46294370085001,0.429194481036719,0.438384641140187,0.359830130606471,0.38849572633896,0.36509009034331,0.37407562387595,1.55,4.38,4.53,80.3,0.5,0.1,1.1,20
0.575144340798073,0.888094205721468,0.59239376281891,0.211758794810297,10.5467615901586,8.97619061863981,19.6730021776841,13.301369119701,0.440743773521204,0.433836434478965,0.392662666032463,0.354517153660115,0.36107451491938,0.440905365918297,1.55,4.38,4.53,80.3,0.5,0.1,1.1,20
0.581738304752298,0.777495994316228,0.74790157005135,0.248890568446042,9.76154144686647,5.69696513347793,17.4482659863704,17.0226098297746,0.365550109072681,0.413239923917362,0.366021951761097,0.439189222939732,0.424700363646587,0.433487601891533,1.55,4.38,4.53,80.3,0.5,0.1,1.1,20
0.871956014580466,0.67362896701321,0.753908189308457,0.185784223839687,18.4328149898187,8.74261774708983,5.99619429519633,14.5601785435504,0.412919519789424,0.423180787323415,0.382157695383392,0.438350240040384,0.411289312851056,0.410103393502394,1.55,4.38,4.53,80.3,0.5,0.1,1.1,20
0.672685667790286,0.886953899459913,0.545730345604569,0.151458692007838,11.7997051431797,12.0489130707411,18.5788643380231,5.33850987241836,0.363828168242984,0.415843022844102,0.386479822230525,0.398918588011246,0.361271531391982,0.357127954594046,1.55,4.38,4.53,80.3,0.5,0.1,1.1,20
0.617385389502719,0.645699980690703,0.559361863935739,0.247399548078468,7.22536801466951,17.1367258651694,18.9640572801768,12.797343159325,0.366401498881448,0.41053400301938,0.367662734773802,0.403493699240545,0.374158944087476,0.44023268637443,1.55,4.38,4.53,80.3,0.5,0.1,1.1,20
0.820910929534957,0.658213909191638,0.865060328432359,0.193845718451776,14.2058961196523,18.8570312610315,6.1471410788456,16.8655467693345,0.416341039355658,0.387529168276442,0.419247136603156,0.375907692281809,0.439840269468166,0.379386549230805,1.55,4.38,4.53,80.3,0.5,0.1,1.1,20
0.883513838760927,0.756949195314385,0.759361453704722,0.203434151082579,11.2067752080201,7.14150633963756,7.65965407525422,13.8398454716685,0.371785367254727,0.385235372452112,0.369885821761657,0.426503846633527,0.378312078491924,0.37491447216128,1.55,4.38,4.53,80.3,0.5,0.1,1.1,20
0.518146427468583,0.86575896369908,0.876445869921707,0.159361966524273,12.4060903873085,15.9692657430703,14.8892986228177,13.3521439811098,0.379384516328759,0.351602428069292,0.439130272962106,0.360642680659005,0.363667053938191,0.423964426156553,1.55,4.38,4.53,80.3,0.5,0.1,1.1,20
0.705314396780171,0.79025762873739,0.817076978000067,0.153909341607243,10.4603572552442,11.8611897021648,19.8034448165447,18.7781168665201,0.448954916858394,0.36182181157209,0.444659730309341,0.390866425992362,0.382997055782564,0.395983341454947,1.55,4.38,4.53,80.3,0.5,0.1,1.1,20
0.500875293368101,0.604801741872169,0.821971186384186,0.247958834595559,9.5083619793877,7.34022366991965,11.9363708188734,11.4113258129288,0.361439130751463,0.439507761538867,0.418468615568336,0.439887479204126,0.393366488198703,0.358589192671468,1.55,4.38,4.53,80.3,0.5,0.1,1.1,20
0.546421102262661,0.889115358869918,0.588414952137135,0.24464984961329,15.6971796604851,16.3032005184656,16.6303242519568,16.7278262792667,0.422228336654371,0.395646290748613,0.380182522031246,0.415721389090177,0.416157534574298,0.412853955873987,1.55,4.38,4.53,80.3,0.5,0.1,1.1,20
0.766202758120373,0.873987388192676,0.512160008349456,0.183618273488292,9.96954266574932,16.258931202353,16.1346583128581,15.1053713990608,0.387708890377916,0.449795889719529,0.40589814495719,0.386070113420626,0.439707432960486,0.365529318499658,1.55,4.38,4.53,80.3,0.5,0.1,1.1,20
0.670326075143553,0.587180385773443,0.585150428085588,0.222018492256291,14.1761910569202,14.3584402548196,16.9046681056265,14.8151266808598,0.353687423057901,0.428578787073493,0.382966845084727,0.360873636615416,0.448370230693882,0.360388498294586,1.55,4.38,4.53,80.3,0.5,0.1,1.1,20
0.758207516481727,0.710628887471557,0.726549689887837,0.2371411046986,6.21691669892753,8.11149939412484,9.91116683970671,15.0493369152676,0.396496277906699,0.390423623501603,0.429106874178722,0.415003387081763,0.43119171349043,0.444030513541447,1.55,4.38,4.53,80.3,0.5,0.1,1.1,20
0.676171677405574,0.878487401874177,0.587598240278475,0.221489282669919,6.42578110871837,9.40664366732817,16.2111279101111,19.0155473532272,0.389891105505172,0.375699273872608,0.385300974719273,0.351725371649815,0.438501820569579,0.35995268878364,1.55,4.38,4.53,80.3,0.5,0.1,1.1,20
0.614661361407861,0.501788347649761,0.555351072660461,0.178069351619529,13.2944580505183,16.8493028119719,13.0953433934948,7.94692388384137,0.424656281951023,0.396491147921095,0.427340074943937,0.361741731302068,0.408870729202498,0.393682928686496,1.55,4.38,4.53,80.3,0.5,0.1,1.1,20
0.870727339431457,0.527405674427003,0.509689181842282,0.181531689506071,16.1762056054827,6.93347750728717,8.73597608457552,10.5299125475646,0.36535044753002,0.390230214550812,0.407622769931471,0.362238624224393,0.366969959355285,0.416168782443414,1.55,4.38,4.53,80.3,0.5,0.1,1.1,20
0.554658198039792,0.582248932349496,0.766670355929807,0.217950223104237,13.9416743971966,5.0651646025735,15.349307544136,10.6443429422495,0.416555518995924,0.363885528977262,0.38812421051506,0.402191540808557,0.383031131192576,0.438049183492595,1.55,4.38,4.53,80.3,0.5,0.1,1.1,20
0.710541723586433,0.721217927045003,0.696881310022064,0.18915326452842,12.1284721253812,6.68798598453403,7.02415537237423,17.5208753015893,0.431510495870514,0.368023344276147,0.434181216164213,0.401803636262845,0.447312034714175,0.386198386157211,1.55,4.38,4.53,80.3,0.5,0.1,1.1,20
0.709844548814744,0.591829036474414,0.700211495147646,0.167342075487878,10.4048708606418,6.58006931570824,6.84509658924537,19.2926812869473,0.42129664159338,0.357940438355133,0.423492092123581,0.437049363690754,0.387343901184713,0.449918571532378,1.55,4.38,4.53,80.3,0.5,0.1,1.1,20
0.6250438804904,0.675276102768071,0.680922622068226,0.16374497809587,7.60811846715165,5.67175086325035,6.76662240125937,11.2152703307476,0.353355101837404,0.350849315573089,0.373569187708292,0.377444341641851,0.407219811393414,0.396674415226653,1.55,4.38,4.53,80.3,0.5,0.1,1.1,20
0.619614469082654,0.875065415117703,0.659552218454704,0.209223417900596,12.5334772961773,17.7370944834384,18.1459451861098,13.1166942323558,0.396185118682683,0.448907597468421,0.429744804635039,0.44235453923773,0.396247397562303,0.380816821580846,1.55,4.38,4.53,80.3,0.5,0.1,1.1,20
0.528794626100548,0.614511998779886,0.511364287903532,0.180583135426743,8.97321793416282,16.7102537164069,18.2200963336625,6.10750951814232,0.374510258552013,0.435290772052761,0.376718180391844,0.398663986019045,0.404461215254618,0.436539473513048,1.55,4.38,4.53,80.3,0.5,0.1,1.1,20
0.549428265274875,0.845361610984243,0.810896287161484,0.238231587175326,11.3783008331223,16.16725349179,12.1084630758222,18.0566532794898,0.425463585626008,0.392622602053685,0.37888192217024,0.400522017142503,0.409927649442852,0.441390275601856,1.55,4.38,4.53,80.3,0.5,0.1,1.1,20
0.568805175462551,0.6134588097753,0.780590118093416,0.231709415988717,18.1684410765255,5.12468226651428,18.427012717498,15.8907624151534,0.373608484277362,0.440015466304217,0.424535171014722,0.370079874427011,0.396546300878143,0.429441549908463,1.55,4.38,4.53,80.3,0.5,0.1,1.1,20
0.834177799260058,0.875361508344114,0.870237173711509,0.178837046818016,18.61189496323,14.2751683033654,10.9704044342879,8.95482124285074,0.356983511636127,0.353266092007514,0.360650456364546,0.415204740676563,0.382544204549026,0.403266470890213,1.55,4.38,4.53,80.3,0.5,0.1,1.1,20
0.510099498725683,0.726532734763064,0.63006070306953,0.185927450979268,16.6630731252441,9.10866560904775,5.80734151298646,9.20931209755363,0.442340540819103,0.384274171615066,0.439364025230892,0.358841134983348,0.394069257816952,0.435188160492759,1.55,4.38,4.53,80.3,0.5,0.1,1.1,20
0.636640230676346,0.687580798292346,0.834058787387051,0.244887222922081,18.985455118129,8.29377221440664,17.2898545574769,9.5251868114341,0.3804479758617,0.408508248601947,0.42105654202681,0.425860295668524,0.443635469064629,0.3709631008205,1.55,4.38,4.53,80.3,0.5,0.1,1.1,20
0.606848956429213,0.723273907179944,0.862824418205768,0.1970091355226,15.9369690235169,7.4055076889717,9.65797633961774,7.40785703310277,0.405559055030067,0.371390255653951,0.448900044345995,0.428037341635395,0.384746005361108,0.421446915603289,1.55,4.38,4.53,80.3,0.5,0.1,1.1,20
0.845809883063845,0.750848128921911,0.526725948898122,0.157533581448533,11.1475585807743,19.3181113119167,5.17455979670631,16.679716515888,0.435076739205327,0.372909616547404,0.447828477845946,0.369031531481911,0.410821756099677,0.445692371859308,1.55,4.38,4.53,80.3,0.5,0.1,1.1,20
0.552264163851738,0.504999174136668,0.507121826224029,0.161698019528249,19.9349765242846,9.80936942606932,17.8962160497648,15.6210821906338,0.370683791428432,0.386081548154075,0.385036459779041,0.35645962256412,0.417263819917105,0.40797093217643,1.55,4.38,4.53,80.3,0.5,0.1,1.1,20
0.515983932185732,0.810550258380175,0.796128751800582,0.216614536648942,8.41035708878888,15.7188978591003,7.10281907871133,18.3136942209443,0.405172149309376,0.395525649365922,0.359075819602609,0.445518918296602,0.359288735142397,0.366873615986155,1.55,4.38,4.53,80.3,0.5,0.1,1.1,20
0.779085787120462,0.869869759503007,0.544261814611219,0.16105470372159,11.5018819268211,19.1244812139054,19.8702764492366,19.7129771197657,0.435998925564298,0.415176979769161,0.430164732942637,0.429208689918788,0.350874717781879,0.379472830177238,1.55,4.38,4.53,80.3,0.5,0.1,1.1,20
0.541708382136002,0.880322312934697,0.82617627435457,0.197379386583436,15.6314412400988,7.49437464730116,11.6872120058909,6.94603987281211,0.396834505664092,0.40557863707724,0.371465000942908,0.362915668488294,0.35567072958583,0.374235607476672,1.55,4.38,4.53,80.3,0.5,0.1,1.1,20
0.712156403338723,0.707449404411949,0.85198611985296,0.196482437695004,5.51176721240627,6.31323501838604,14.2381847582129,9.15641301331576,0.406312753686169,0.406326052727783,0.397597311300226,0.44132460278552,0.374667644601269,0.437723460904229,1.55,4.38,4.53,80.3,0.5,0.1,1.1,20
0.692383436778374,0.860858128198981,0.604741788548417,0.164435187599249,12.8604343240988,15.8808458557865,19.464687883954,7.7000084830448,0.351093108459609,0.357598468925338,0.379954948995402,0.368347811037721,0.401606116905203,0.426820477542933,1.55,4.38,4.53,80.3,0.5,0.1,1.1,20
0.557440631388314,0.783961575729959,0.877855166025646,0.178246986762434,6.55969242795603,11.6319595600758,11.5457823616196,8.43351915929699,0.393913503326615,0.414842384250462,0.398705728912773,0.38331143387747,0.394373841292085,0.42485380313145,1.55,4.38,4.53,80.3,0.5,0.1,1.1,20
0.584255092547461,0.818929180429876,0.558737625654414,0.210586007881397,13.8447415608889,17.9887812067871,11.6580194795504,6.59597989270696,0.378947531583905,0.381328749517864,0.382377103184257,0.396327708799765,0.38610451303767,0.40879586172956,1.55,4.38,4.53,80.3,0.5,0.1,1.1,20
0.816448637638055,0.503718549317867,0.625410135095753,0.154552046110621,5.59169988500187,11.9647857078537,10.1354738029349,17.5489284283482,0.350700174155133,0.432305151688028,0.358878038642555,0.416960618805559,0.373777032463439,0.401435787901236,1.55,4.38,4.53,80.3,0.5,0.1,1.1,20
0.799047002421692,0.552068445818499,0.622752899199352,0.244404314266285,19.8384698859183,12.307974431105,5.02729606364621,15.001140611805,0.403588090221817,0.350202201881632,0.357591275090957,0.400157016115496,0.442237718511885,0.429808602008037,1.55,4.38,4.53,80.3,0.5,0.1,1.1,20
0.681181072173826,0.619327922694571,0.888673470304907,0.228649548004102,17.1960872898623,19.6698528159317,17.1222979382821,17.3873549838993,0.381361598145124,0.364665320527554,0.404986616496416,0.393646765461937,0.389288587108813,0.396215994346654,1.55,4.38,4.53,80.3,0.5,0.1,1.1,20
0.877340451619029,0.879432856156863,0.532414331036993,0.222785186653165,14.6573580400669,12.1128341181716,5.06568021766609,5.05166984790005,0.44189441187554,0.350727806545375,0.35876328578922,0.352091130240727,0.400532500587124,0.386392812754726,1.55,4.38,4.53,80.3,0.5,0.1,1.1,20
0.861421326140501,0.600344057837874,0.706192761626095,0.174351889539044,17.5603863901063,15.8222770903469,6.02639095114311,7.22156224346953,0.383258903425187,0.424785776052531,0.378162729278486,0.394670828588353,0.390917514750361,0.422447618888365,1.55,4.38,4.53,80.3,0.5,0.1,1.1,20
0.886107417388074,0.802346999825165,0.507578997936659,0.235938155568903,6.16255489180563,13.0270200086711,16.4315151752485,6.69851894966792,0.359246633834252,0.39675909082545,0.403627183941333,0.403331517783878,0.404071334463777,0.386523178648064,1.55,4.38,4.53,80.3,0.5,0.1,1.1,20
0.71191640564464,0.592676135745272,0.513410735465027,0.246099773199065,6.80010111236479,14.0923880543374,15.1033616824169,17.0483283975069,0.377007095441176,0.441629972969787,0.397249078663206,0.425070278826961,0.401465589514002,0.431949971489934,1.55,4.38,4.53,80.3,0.5,0.1,1.1,20
0.889171100624837,0.515304716757499,0.543258612439781,0.18210291333585,8.06434315709863,17.4247362081753,6.5097955095279,14.6703080510465,0.395289436875377,0.371462802866939,0.425053645110456,0.354318345808377,0.380316337833134,0.445457517848257,1.55,4.38,4.53,80.3,0.5,0.1,1.1,20
0.506658729553036,0.782141253644414,0.56842590142265,0.217029858273081,9.39073005231563,5.41107972558821,10.5708927159617,12.7509608930931,0.417802968915831,0.394392189525487,0.363190664918721,0.385769597274018,0.406082854764722,0.439745025043376,1.55,4.38,4.53,80.3,0.5,0.1,1.1,20
0.753197914434038,0.616008224326186,0.89250255663693,0.238971651914669,16.2564797530696,8.95593710285612,10.324750011079,13.0404252518341,0.408506697281124,0.365062215139391,0.354580720724911,0.385577671581786,0.409246834331192,0.412123483814718,1.55,4.38,4.53,80.3,0.5,0.1,1.1,20
0.760981818536855,0.787567612578161,0.560257139828987,0.205798663821677,5.55751654883614,18.9862891836837,7.44785032260465,19.1894102169387,0.397003650902677,0.370294031470967,0.375655100733973,0.376988982254593,0.385198426277889,0.419908468225459,1.55,4.38,4.53,80.3,0.5,0.1,1.1,20
0.853167661226727,0.616853889092617,0.680285816798359,0.158162387441099,18.7240846305853,13.8845408634166,15.6931260176818,14.4917702719104,0.403173565811524,0.35054012615392,0.379406580720423,0.405392353573116,0.39026899792566,0.361828775732545,1.55,4.38,4.53,80.3,0.5,0.1,1.1,20
0.628664028223604,0.607539792979136,0.632788848277181,0.242074407208152,11.6197654216643,9.48259558956605,6.89445005601505,10.5171633765195,0.447045294209803,0.410337128652865,0.422890039829444,0.396188908853242,0.355444892460573,0.383911805550382,1.55,4.38,4.53,80.3,0.5,0.1,1.1,20
0.764276165136881,0.663055065117218,0.684847315765731,0.155732065456035,18.5131958895968,8.58788478081813,12.5975811806251,8.22749799905578,0.354141273254901,0.409441712669516,0.432405814195657,0.405787258777441,0.429460312187625,0.409109544350626,1.55,4.38,4.53,80.3,0.5,0.1,1.1,20
0.640610580127314,0.547524419028498,0.874790913601592,0.197608938676119,15.8854861114058,19.137153012706,9.85996830149321,5.50286686402746,0.38244368632785,0.379535962144099,0.404297191947186,0.431011302721314,0.404622996653104,0.409789062419813,1.55,4.38,4.53,80.3,0.5,0.1,1.1,20
0.854117155201174,0.837131937805377,0.685959555246122,0.219172674510116,8.79232405728893,9.19012650988996,14.8339926254563,12.9531136027654,0.35593482932304,0.432413365640631,0.391804591283947,0.427175208152225,0.379522709493618,0.411606054756464,1.55,4.38,4.53,80.3,0.5,0.1,1.1,20
0.81760932874009,0.555871369642019,0.675359433733858,0.221775215475494,14.9167884811573,12.8455112108216,7.59839457085123,5.31041747278301,0.407108216749132,0.449382761598798,0.372332280294504,0.449444776835805,0.400634829763323,0.44698878310388,1.55,4.38,4.53,80.3,0.5,0.1,1.1,20
0.890255604162626,0.884123972903751,0.752726412623562,0.224740855546901,13.3767029271019,10.4448810387775,14.0351482447167,6.53264989710646,0.434296491985396,0.437919010173064,0.398877597643388,0.356352775145322,0.407441307375487,0.363122550846962,1.55,4.38,4.53,80.3,0.5,0.1,1.1,20
0.724023348776251,0.523668444826454,0.651998643629812,0.194400086615514,6.37081793993479,14.3251902245032,13.6165777760814,7.00085714714602,0.44605597133385,0.352222785469005,0.365175880856113,0.445235018646997,0.445735681194579,0.387296414153371,1.55,4.38,4.53,80.3,0.5,0.1,1.1,20
0.559912776606344,0.822190361620299,0.690540398654342,0.162175967681687,8.37542037779233,17.653039703907,13.8017570224823,10.0357807598473,0.395050373186125,0.380960453022597,0.4209195654782,0.366162121057231,0.398444172431109,0.378227210924355,1.55,4.38,4.53,80.3,0.5,0.1,1.1,20
0.624782370079123,0.83953374047,0.807308881471679,0.181031538549019,5.70090927661397,6.74114284292329,10.856477807553,11.3697268156265,0.403657851295499,0.43288700561258,0.350104106386704,0.358799700735882,0.355042149051372,0.370028101547062,1.55,4.38,4.53,80.3,0.5,0.1,1.1,20
0.746632872813754,0.801526019364409,0.511079513294809,0.152349586961046,8.63186804687604,5.539503273624,14.4118840021035,14.5168510983908,0.421017276048148,0.432039515189454,0.377492771528475,0.361529926131805,0.44993675256432,0.377537712734286,1.55,4.38,4.53,80.3,0.5,0.1,1.1,20
0.64980999829974,0.764506800094247,0.619150916318037,0.225257780473633,17.956041558357,10.8284149120492,13.1765479485178,12.9127087622369,0.360557556652091,0.376944386206521,0.439996612316836,0.379490353197884,0.41754772407352,0.431126805503061,1.55,4.38,4.53,80.3,0.5,0.1,1.1,20
0.88011891259905,0.608902422358468,0.536811770321988,0.187726145581063,5.2566774598253,18.4535068770568,12.9093838268402,12.2627576546371,0.406702775564836,0.35300898598698,0.440506880883034,0.431646988917422,0.363587762073334,0.365986470519286,1.55,4.38,4.53,80.3,0.5,0.1,1.1,20
0.873256468819268,0.663305253612809,0.539789249197766,0.226681602940941,5.08987289281096,13.6424153086194,15.8441694684513,16.0695613373164,0.380186233779369,0.404890310682962,0.417526712398371,0.40855394465737,0.379302290848875,0.362913724331604,1.55,4.38,4.53,80.3,0.5,0.1,1.1,20
0.544973473311775,0.74706569426395,0.672731649566069,0.153347285923967,12.7092459574319,14.8502415801096,9.22790023591369,8.32157536148559,0.426761390086729,0.425408979446348,0.417056554703368,0.440563923400873,0.378790037848987,0.424325186501304,1.55,4.38,4.53,80.3,0.5,0.1,1.1,20
0.527637994785607,0.899613135912828,0.714235182661563,0.248707425142964,7.15981440198375,13.2361320404871,17.7880924736592,5.23946549767861,0.418144814022211,0.395289352565026,0.438607003884576,0.37773099326943,0.426365616027266,0.399835185950901,1.55,4.38,4.53,80.3,0.5,0.1,1.1,20
0.858834703209065,0.761998224239051,0.540231635719352,0.193205860685464,17.8454024156067,12.7589242585795,9.34850592618575,10.4243472436839,0.387102134941937,0.380607735069655,0.413749958759686,0.359869604673702,0.36090625882051,0.432326731482986,1.55,4.38,4.53,80.3,0.5,0.1,1.1,20
0.63038196516782,0.778085022573359,0.894438135711662,0.188209627277125,19.7220982899633,14.8274561889702,8.54988490044372,15.6062623665854,0.412074944356131,0.419137097899616,0.449976526938658,0.410750937646069,0.371818362798542,0.384924526551086,1.55,4.38,4.53,80.3,0.5,0.1,1.1,20
0.698802602901124,0.625123664994538,0.735770216706023,0.173670279597072,11.4130393674923,9.41140837166225,5.95608337228419,8.3321826704056,0.424332344016247,0.376017629203061,0.389476734492881,0.383891788451793,0.353318755572988,0.350324178235326,1.55,4.38,4.53,80.3,0.5,0.1,1.1,20
0.837993303268589,0.863776060341485,0.772202394826151,0.196985237309709,13.7337284027901,16.4616078152484,7.96870318157133,8.19257412507665,0.398976550582284,0.391539987680921,0.360297901719529,0.359718060327228,0.398044372681575,0.353053551722737,1.55,4.38,4.53,80.3,0.5,0.1,1.1,20
0.645743467783928,0.698329344195128,0.68901151846312,0.177748294768063,19.5738583546667,19.3074667754094,12.025866483727,10.9861705042166,0.4119157863867,0.446772804140532,0.40579755622088,0.359240697379876,0.386297561185015,0.441840105283447,1.55,4.38,4.53,80.3,0.5,0.1,1.1,20
0.605547177725472,0.885871482287534,0.831381297444925,0.233610676446511,5.28207889936864,19.7991629541316,8.5938094837009,17.4433639422688,0.439083570736879,0.434745197080588,0.437663210990233,0.404101049224241,0.356226796731167,0.384057615751121,1.55,4.38,4.53,80.3,0.5,0.1,1.1,20
0.534582144270837,0.643149512864277,0.618384663737007,0.223819830899267,15.2016773171583,19.459439781378,9.3600327427499,9.11111546038417,0.350166999218287,0.416453268706379,0.356413230815483,0.420275363499904,0.442597465407616,0.417378302783752,1.55,4.38,4.53,80.3,0.5,0.1,1.1,20
0.526180586442538,0.841946676392667,0.729478807616979,0.213650185798248,18.7836237322073,13.6931836162112,8.3177510627103,18.175879519661,0.376878128223913,0.423479582708189,0.410939651683345,0.35549348490946,0.447871281506959,0.424174702971429,1.55,4.38,4.53,80.3,0.5,0.1,1.1,20
0.589776780681685,0.794498358568549,0.727347300643474,0.229896234850818,12.439989222521,18.7388084586384,16.5016619473929,13.9600307294494,0.394670816612709,0.364276559026446,0.402586593595473,0.396647412857553,0.429605799915828,0.439524143101787,1.55,4.38,4.53,80.3,0.5,0.1,1.1,20
0.588643945970759,0.579881248108484,0.598565373948216,0.170913176351879,12.4454803905101,10.3641601678054,14.9798816513084,12.5268660133122,0.442671156656044,0.362053192122374,0.428127011675667,0.394951442505047,0.391273511788249,0.394437577528227,1.55,4.38,4.53,80.3,0.5,0.1,1.1,20
0.553182590061054,0.812086787819304,0.521605301813968,0.165986999457283,5.22474762829253,7.08985548367724,15.8268492384697,9.94261316929245,0.351391630062927,0.367092028128402,0.445722682987712,0.393996789286984,0.387754585804511,0.356366657994827,1.55,4.38,4.53,80.3,0.5,0.1,1.1,20
0.878746853986941,0.522484885426983,0.842369967645779,0.237819145864295,16.026562126528,8.35165855188156,19.0015004225913,15.0749585178611,0.387891338701127,0.400031127791433,0.393357816466689,0.3944296489242,0.373093642206909,0.350545870583924,1.55,4.38,4.53,80.3,0.5,0.1,1.1,20
0.867794527276792,0.767211467507854,0.605495991531014,0.212169567001797,7.08292568442645,9.96105036693392,12.1112315053609,18.0842300910992,0.381124390026694,0.411899069179501,0.403278026341181,0.419378001348209,0.430998199830158,0.425239518494857,1.55,4.38,4.53,80.3,0.5,0.1,1.1,20
0.573973833209835,0.771063559804671,0.84367811599467,0.192678904672293,14.0576502061589,13.1154677471821,15.1217433204595,15.3350814656029,0.445531371910591,0.399461437631305,0.44315846097013,0.407933542121854,0.37588175278008,0.436306046952726,1.55,4.38,4.53,80.3,0.5,0.1,1.1,20
0.731052312961966,0.716192605457455,0.636468899725005,0.223477488528844,12.5239651258569,10.815528843347,6.92054074381478,10.5753300222009,0.412751382519724,0.434938993499475,0.375359029388661,0.357235492270952,0.403597121990472,0.381817592006875,1.55,4.38,4.53,80.3,0.5,0.1,1.1,20
0.896342713945545,0.692999390698597,0.663765248763748,0.218172039337922,7.88903585508,13.4630652942532,17.4561920981947,14.842565313275,0.397684070998803,0.408232383185113,0.392085547439102,0.448631071960507,0.350606575047551,0.364510237354925,1.55,4.38,4.53,80.3,0.5,0.1,1.1,20
0.560568712162971,0.590787452770956,0.686693672259338,0.15037700520982,18.9553218131443,5.94350290338509,15.6038047670247,7.74085248757852,0.359965579642449,0.413558846947039,0.436893664318556,0.369833795722574,0.377446919612586,0.360153552152868,1.55,4.38,4.53,80.3,0.5,0.1,1.1,20
0.511635174352489,0.50982516566664,0.852160936392657,0.206363160655834,16.7029882512428,15.8952951096161,7.86006185307866,6.03686758241383,0.432135657454561,0.382347268084763,0.418399356363155,0.372818731315387,0.356586126327002,0.413932079866668,1.55,4.38,4.53,80.3,0.5,0.1,1.1,20
0.540243316398188,0.682072935310565,0.701701542300358,0.24387152167256,9.67769970336463,6.09615136029199,19.3615105410013,18.0051533369301,0.374976709095109,0.355882045883127,0.436065897326823,0.416766567594884,0.431226392875146,0.418625366424536,1.55,4.38,4.53,80.3,0.5,0.1,1.1,20
0.661295339744166,0.650338896970637,0.673974990156107,0.235310058684787,10.2357475998951,10.7494609001442,17.3025061684358,11.0519587948034,0.442427029531728,0.416397864891775,0.355992113845237,0.380733337903675,0.443104079063982,0.354046994324308,1.55,4.38,4.53,80.3,0.5,0.1,1.1,20
0.897393642678484,0.516258602384478,0.777011743118614,0.227255229747854,13.6959249248868,12.3526692857826,11.3300831168937,7.81415710836183,0.439906720608333,0.427225076508475,0.392847556023765,0.434807923762547,0.41356439472083,0.361067092222301,1.55,4.38,4.53,80.3,0.5,0.1,1.1,20
0.739053622193821,0.636142283976078,0.767649274966679,0.168194337963453,7.75557730232133,13.0537843938102,7.14665911997668,5.86377587669762,0.352292229706328,0.377630779678142,0.386155155549664,0.382906843821751,0.444470945494156,0.354339799812855,1.55,4.38,4.53,80.3,0.5,0.1,1.1,20
0.800733905818127,0.896281776696444,0.693986581003666,0.20905542928013,12.3784211953077,11.9007436281024,5.1186191737093,9.82379312045174,0.442972878285451,0.365845511672646,0.448518606247427,0.373325426842831,0.416609348821361,0.394002325063478,1.55,4.38,4.53,80.3,0.5,0.1,1.1,20
0.665611199088208,0.685410676894896,0.80358240355067,0.196792746855225,14.6952246907679,18.5974819376343,11.9272306384007,10.2947558229929,0.409934916906524,0.401883746055746,0.395359368993668,0.36763167391927,0.37880090452251,0.438956624105154,1.55,4.38,4.53,80.3,0.5,0.1,1.1,20
0.762889779021964,0.500338069607317,0.839792040384002,0.240046592911799,7.06110501462128,8.04250287710456,9.19356504417257,16.996858858359,0.388389255503472,0.393875489024818,0.366412320701219,0.42290931552453,0.399998663448403,0.382285115959821,1.55,4.38,4.53,80.3,0.5,0.1,1.1,20
0.790140833229199,0.743151883070916,0.615160962122679,0.161324262352521,8.62936110387556,11.7660091340775,14.6944451257726,18.4241233761422,0.395700835583452,0.389956019343762,0.373133221556339,0.400669507939275,0.433686314003961,0.420906535949837,1.55,4.38,4.53,80.3,0.5,0.1,1.1,20
0.630831104643643,0.602702556013316,0.815906875536591,0.157916660078708,10.8023576235841,12.9902163567767,11.5050850144564,7.83276461207541,0.409565354239894,0.407507451113314,0.399702542742481,0.413925122578349,0.381119618971087,0.360452722815098,1.55,4.38,4.53,80.3,0.5,0.1,1.1,20
0.741088290444575,0.598307650443353,0.648597091165371,0.222878946591634,18.3663334434619,18.9386940748733,14.6131881464855,17.9101552950661,0.352920905109635,0.403376054725982,0.431031906801416,0.378741494863294,0.40386423321818,0.372430893743271,1.55,4.38,4.53,80.3,0.5,0.1,1.1,20
0.592829677549377,0.544164211681671,0.552694876352139,0.170452167839278,17.7376551309135,11.4282381594973,7.09067073566606,9.1066896258411,0.373461341137392,0.358488232201804,0.386695730044693,0.445929080705158,0.421057292046258,0.38773126587905,1.55,4.38,4.53,80.3,0.5,0.1,1.1,20
0.652898324389569,0.561034181275591,0.882164809324965,0.210991298533976,11.7138888713461,17.3408805769985,5.42274339050287,6.77683186482173,0.37382299835356,0.390964889348624,0.354873833742598,0.424901508177817,0.36286806170973,0.411539677654859,1.55,4.38,4.53,80.3,0.5,0.1,1.1,20
0.800861490541138,0.629321079408936,0.715588115250506,0.162747586823581,15.3304598945519,19.5524915055605,10.1162137864716,19.6264636360435,0.428241569198947,0.378430749728251,0.367000168739259,0.419652262886008,0.441418199922424,0.419367753959308,1.55,4.38,4.53,80.3,0.5,0.1,1.1,20
0.886818200921454,0.601411353041232,0.66827474539727,0.180815110839996,7.64870867830236,11.8744665998523,11.3830346690794,15.4287028089422,0.438475920726173,0.413918486861978,0.401332040632376,0.355168585784081,0.394720823931415,0.369975318818213,1.55,4.38,4.53,80.3,0.5,0.1,1.1,20
0.704640599191934,0.688706921454333,0.744071986960061,0.216032092327857,15.2652133084997,8.56493806050625,18.2816667251592,17.6994904185133,0.431734487834526,0.430111932156561,0.368400708244042,0.357742423940962,0.391949826985644,0.360614767553797,1.55,4.38,4.53,80.3,0.5,0.1,1.1,20
0.799449713721685,0.560424288542755,0.623893866560981,0.203827259634156,16.7308577721543,14.5732215402764,9.4171371652931,11.5697557980288,0.41767091066367,0.437310325582046,0.435169093639217,0.395739549847413,0.436916106792586,0.366213767814869,1.55,4.38,4.53,80.3,0.5,0.1,1.1,20
0.600945029104315,0.842946328959614,0.712777175617032,0.230181973340921,19.2543205305003,13.7400364228035,12.5107710611611,18.872588423905,0.422548434257694,0.351839390525455,0.409984984060936,0.392664793178579,0.442716804132517,0.385016173338192,1.55,4.38,4.53,80.3,0.5,0.1,1.1,20
0.539120229986869,0.666370852939598,0.663018868063577,0.199110053403815,16.4539329472627,13.863436093966,18.7407378485147,11.1823510742886,0.376160837142635,0.430810999499634,0.430977754237875,0.362546991535137,0.378546346999193,0.372169469437283,1.55,4.38,4.53,80.3,0.5,0.1,1.1,20
0.813407584061101,0.772535168875009,0.802842542347685,0.232562094717473,13.4519059309852,12.9405699192383,6.11805694859009,12.1934843489854,0.423514888784103,0.445433388838545,0.432311434266716,0.417088918425981,0.367068910894077,0.3934626938398,1.55,4.38,4.53,80.3,0.5,0.1,1.1,20
0.694136183048971,0.573328780458681,0.658207542373985,0.236763957617804,14.7415164312092,10.3153690393991,5.58598473022925,5.61588859937619,0.423105857464438,0.372767321059248,0.429516360833775,0.394117045263853,0.436785401931731,0.391599634665763,1.55,4.38,4.53,80.3,0.5,0.1,1.1,20
0.708995030306466,0.855134297960624,0.736386949457042,0.193506642008107,14.5778510195133,7.57215646097902,7.28573503233725,10.8500377665856,0.402011627447838,0.390023901233822,0.415172193210758,0.361164742204268,0.416508210426802,0.368537207708787,1.55,4.38,4.53,80.3,0.5,0.1,1.1,20
0.848745351023413,0.680623395737633,0.557495140753873,0.228351270571398,10.7697843740508,15.6742622356652,10.0474377814261,12.6065478657745,0.365099957979703,0.389235153209139,0.423300476761162,0.380857638245774,0.387089297313429,0.376407455862779,1.55,4.38,4.53,80.3,0.5,0.1,1.1,20
0.62759892934151,0.846307813936845,0.821316526276246,0.224317792115314,6.71300248268759,13.1753775547678,19.3891400994523,15.2423426133976,0.414351382483402,0.420032729786169,0.391344170619734,0.371518947682902,0.421372780897468,0.422305664418452,1.55,4.38,4.53,80.3,0.5,0.1,1.1,20
0.641197208010405,0.826091394071653,0.850999868987314,0.211056076790066,18.318961386322,5.5439945853455,7.36404778314289,18.3865426843986,0.436792386974441,0.395957687763264,0.399944934783597,0.390632337138802,0.432785504291439,0.378601204627426,1.55,4.38,4.53,80.3,0.5,0.1,1.1,20
0.566212755565904,0.610051804436557,0.603316931088641,0.187932414160343,12.958548376828,15.297375114176,14.3644155234541,13.6545190423657,0.404544833702594,0.386488763158722,0.366900002151821,0.423619677046454,0.430085103729554,0.381241287843697,1.55,4.38,4.53,80.3,0.5,0.1,1.1,20
0.843391737726144,0.623543970698677,0.691587153451517,0.212490318444744,5.85524047554471,18.1875901571871,17.8540016096225,18.0299474242376,0.404291033491632,0.391640438824194,0.425347028776491,0.424458096589148,0.38056832143683,0.427056373356981,1.55,4.38,4.53,80.3,0.5,0.1,1.1,20
0.797343475399166,0.56582633284051,0.529642670598254,0.214748560059816,19.9555020288029,10.5295322835841,14.345429946552,9.45637779996265,0.44902766768788,0.374636413855385,0.370668814644264,0.432558583011245,0.443436963598104,0.432032943711756,1.55,4.38,4.53,80.3,0.5,0.1,1.1,20
0.686685411501862,0.557189332401194,0.749854510128126,0.239087367923185,16.9525438582129,17.2049059486669,19.4192672316544,12.3488282336085,0.35822992348983,0.424932512132498,0.374527587288572,0.386271072956687,0.422127206940437,0.402990143906977,1.55,4.38,4.53,80.3,0.5,0.1,1.1,20
0.682327472554334,0.564585052267835,0.84664905723501,0.15078458840074,14.520376712922,14.6353341255873,17.1746474039112,18.1646904740273,0.383525582148926,0.417113400314841,0.416319671446178,0.368909215774992,0.445070231230045,0.40014997247383,1.55,4.38,4.53,80.3,0.5,0.1,1.1,20
0.675663981094584,0.511161973480508,0.731824932635948,0.172359466390824,11.5496331512532,7.0374954902241,7.49735343472567,16.3468129165727,0.408736522920011,0.373833643906284,0.359576826274302,0.381383796576457,0.398824807624752,0.418891614530562,1.55,4.38,4.53,80.3,0.5,0.1,1.1,20
0.865347391385026,0.859351808641665,0.840819862063043,0.177291035001073,8.87015011433279,14.0783838287438,18.5544658833486,7.64853387494804,0.4397355486908,0.447016121318005,0.387392781409901,0.436900309565617,0.412802097387519,0.379153324163845,1.55,4.38,4.53,80.3,0.5,0.1,1.1,20
0.744086103010178,0.614046005763114,0.877528606050834,0.215143123887107,6.12277671555756,19.5062294247979,8.20200693208724,14.4698974649911,0.419561783699878,0.4396312066596,0.367332103002258,0.357185855986457,0.432556400653021,0.43780591664901,1.55,4.38,4.53,80.3,0.5,0.1,1.1,20
0.636957109149173,0.695339159887284,0.87310466581285,0.200769534431212,15.7691914115543,11.5057137456792,5.36328812323744,16.1804365512216,0.432728387051914,0.425622678231355,0.398211561216088,0.391589421723457,0.449129735303903,0.44766153205866,1.55,4.38,4.53,80.3,0.5,0.1,1.1,20
0.849761210969463,0.870955617950298,0.895834612295218,0.225779874200048,13.2451478980295,15.569123031497,11.5139651268255,12.1020405558613,0.400930625873013,0.38418696909612,0.437168288960075,0.363377128078882,0.405908445118461,0.408405583999073,1.55,4.38,4.53,80.3,0.5,0.1,1.1,20
0.776513345916942,0.578651427299157,0.561241637982428,0.162424522872409,14.275214576479,13.840695750115,5.40473634782247,8.06027015491389,0.386849452634947,0.428761952014873,0.362356120080641,0.433342555790022,0.422689539052127,0.382096072365763,1.55,4.38,4.53,80.3,0.5,0.1,1.1,20
0.796194642592408,0.535262730852515,0.521033581477217,0.153064145703614,12.7108213910484,11.0332834040094,10.7276947244792,7.06006706484594,0.431867752381601,0.421819997316785,0.433567432770133,0.388970490032528,0.375385893777944,0.430260949495435,1.55,4.38,4.53,80.3,0.5,0.1,1.1,20
0.782371175366081,0.725800772388093,0.896414289302751,0.160050672751153,16.7999990867614,9.28213633866282,6.20474004300777,14.0734331536642,0.419273510069167,0.44842470090338,0.443626504979795,0.432374101583287,0.360055978401471,0.412342151385313,1.55,4.38,4.53,80.3,0.5,0.1,1.1,20
0.577721980254166,0.872299890021607,0.702422232109122,0.16487647920684,7.54516274443362,8.86027001048904,17.030187306744,16.1362965908693,0.446971646070667,0.421179203134449,0.366306108704023,0.405449492044235,0.417058262759959,0.381605502646044,1.55,4.38,4.53,80.3,0.5,0.1,1.1,20
0.517243942042254,0.640553765493445,0.833485102380626,0.194666211555246,13.9348304690071,12.4444870824437,8.12388984912774,9.31736039135139,0.41077703492851,0.388492180666002,0.40826445120275,0.35400080822031,0.392951606276818,0.367281871679192,1.55,4.38,4.53,80.3,0.5,0.1,1.1,20
0.621596423033811,0.711225737099536,0.610551198331639,0.221991869218275,11.6497300162469,8.5130121377809,19.0509863128769,14.1504889528872,0.38749128602352,0.408004795737984,0.401597348145023,0.441065968997637,0.413672517574485,0.365001320140809,1.55,4.38,4.53,80.3,0.5,0.1,1.1,20
0.564986042124219,0.769199279299937,0.790301261506975,0.227535258925008,14.7975239296607,6.01957529484062,10.3045875999331,19.0902239229437,0.393635392663302,0.408632359978277,0.41194718743288,0.413658256123634,0.365780114805,0.37891171962996,1.55,4.38,4.53,80.3,0.5,0.1,1.1,20
0.571787101864442,0.882468897192366,0.52297228497006,0.21457157438146,13.8521376194991,17.5866861992306,18.1067572600255,16.9037102068542,0.42946597952852,0.35826134439474,0.434982627988886,0.431316347184172,0.418901083397726,0.377927266527992,1.55,4.38,4.53,80.3,0.5,0.1,1.1,20
0.558393451427296,0.82276318471916,0.608052909580432,0.200906578964693,11.4244066612958,10.852116971456,7.57122757091885,9.4347207134054,0.449982346133469,0.403425526649924,0.419543546695774,0.442844756784849,0.421603588424576,0.402187610532483,1.55,4.38,4.53,80.3,0.5,0.1,1.1,20
0.652191227468103,0.701836456066743,0.758517757540196,0.176557867898187,16.8857172531821,11.4664667659509,18.0387893709866,16.4882885739859,0.411262954840343,0.414313308025012,0.422365672045387,0.411191482184455,0.402543167581875,0.408336498534353,1.55,4.38,4.53,80.3,0.5,0.1,1.1,20
0.734788078735955,0.771698223571293,0.889415893876366,0.188027330040233,18.2752726780274,12.1678304936667,13.980288979304,9.6235584102571,0.448183249540441,0.440512425759994,0.384360821456043,0.350378049991326,0.412780067901313,0.405567066192999,1.55,4.38,4.53,80.3,0.5,0.1,1.1,20
0.832310527293384,0.887820163429901,0.547758294016682,0.170252951250365,14.6203729940718,9.93095336128957,18.0627135145129,10.1785616665147,0.386100598813128,0.427126380035095,0.417867397370376,0.411378362797853,0.434851649578381,0.407204316880088,1.55,4.38,4.53,80.3,0.5,0.1,1.1,20
0.625691850168072,0.554403064315952,0.792402682224847,0.2307682484549,5.40479634673568,18.2474873220129,16.3556977519905,13.7644304441777,0.401191446425393,0.400613626828231,0.428352004190581,0.433079878366785,0.40805296079074,0.437190969481086,1.55,4.38,4.53,80.3,0.5,0.1,1.1,20
0.614273129469715,0.754236740896851,0.800882606156543,0.184691962586856,17.305578883579,11.7960322857602,16.1840920081944,13.874699040486,0.370047052815184,0.442026516910177,0.363963955098996,0.37473108284818,0.353918898100033,0.440590154495183,1.55,4.38,4.53,80.3,0.5,0.1,1.1,20
0.616406814918295,0.667159776537679,0.61283949457556,0.235000230783783,7.46486604945734,17.5211508928589,14.0769004769134,7.52501252808375,0.36019359514229,0.42794767150064,0.42785066247317,0.366736028238386,0.395154879850894,0.403616905185347,1.55,4.38,4.53,80.3,0.5,0.1,1.1,20
0.581342398189008,0.60407517811805,0.89056088526696,0.232243494755216,15.8558280928736,11.084111196578,15.968479934542,6.51523819761584,0.441589140407788,0.430686137685739,0.385766284779739,0.381439645550819,0.382087744129961,0.43323984566126,1.55,4.38,4.53,80.3,0.5,0.1,1.1,20
0.718125124149769,0.749346203462221,0.519053453414328,0.200015155928535,11.0014161051274,6.3726405162015,9.44842494327342,17.6065940435743,0.374784677787963,0.366840592973121,0.446266814745544,0.429662933948124,0.427701379624754,0.351528363373643,1.55,4.38,4.53,80.3,0.5,0.1,1.1,20
0.570340786948055,0.563653014617972,0.840537242895551,0.189579463841673,17.9665303431288,9.12305242135888,11.1223130696849,7.67399679538095,0.377735323795537,0.404336836478068,0.368776035431214,0.438700597887998,0.388121538270172,0.416762162986398,1.55,4.38,4.53,80.3,0.5,0.1,1.1,20
0.695122094430774,0.700042607128806,0.74503277161587,0.195905673590582,18.8351616399828,18.518506780332,7.27380439399974,13.0356213928293,0.352469268018706,0.430492844440276,0.360010706737405,0.440847527023451,0.373303310069628,0.398018095281068,1.55,4.38,4.53,80.3,0.5,0.1,1.1,20
0.849059346107207,0.737468396907486,0.544947840615548,0.205082868485386,17.9982850591023,6.11094251884613,19.3106671560882,8.70912490308285,0.393598315021722,0.366220725494949,0.441970779700531,0.378338335070759,0.394942219396308,0.43383030275153,1.55,4.38,4.53,80.3,0.5,0.1,1.1,20
0.820234626405872,0.659351887892746,0.884990659748949,0.21766791777024,5.73847795564449,13.9102236052882,11.7611785055231,18.2891433193791,0.409783365726331,0.389647396997083,0.4461641000662,0.37246865335824,0.363262237094529,0.431705507404311,1.55,4.38,4.53,80.3,0.5,0.1,1.1,20
0.682538786390238,0.84657498631347,0.619923954532109,0.175938310960308,11.5332635189942,18.8787658866192,7.89003942404175,15.7850501308567,0.388670888274582,0.42287286957996,0.441054773632577,0.352921920698369,0.35529688307466,0.448800041577499,1.55,4.38,4.53,80.3,0.5,0.1,1.1,20
0.851493213246018,0.832077002578042,0.556171511578932,0.205524467681767,16.3477197216521,15.9861084016226,16.6589519298123,5.06948919326765,0.381545009696903,0.421485315975035,0.410436771424767,0.363789742926694,0.418790854542749,0.402738788941596,1.55,4.38,4.53,80.3,0.5,0.1,1.1,20
0.505690655606054,0.646530151565746,0.616835930115171,0.183053231097013,12.1769761020713,5.64687966715545,5.91300662894733,6.73759675467154,0.382924940413563,0.365516930857953,0.414333989749104,0.383677897235844,0.388870701711811,0.406785477689374,1.55,4.38,4.53,80.3,0.5,0.1,1.1,20
0.608323301645555,0.87311045777984,0.609429984223843,0.195185645975266,11.9564623339963,14.2468172560097,7.99483567510499,11.0108157168189,0.381930081970384,0.403928562096599,0.441769798068842,0.365334066184843,0.350433053909009,0.428736023785966,1.55,4.38,4.53,80.3,0.5,0.1,1.1,20
0.774488006250933,0.519911013441719,0.583271130613983,0.223799094194453,10.8782641030056,11.6083332550246,6.72567987495568,10.6290438999515,0.389166205933597,0.427531820010115,0.433858685111022,0.358234698263556,0.44960668723858,0.399332063577557,1.55,4.38,4.53,80.3,0.5,0.1,1.1,20
0.610773559442163,0.855209293284081,0.740334697607718,0.199813865891984,19.4020962507138,5.58635944815585,13.2485056576016,17.7390359415161,0.418488042020612,0.368316786565958,0.425827984572016,0.359578797840793,0.435541353472183,0.415132656256948,1.55,4.38,4.53,80.3,0.5,0.1,1.1,20
0.611664656472951,0.690916809970327,0.764186354483478,0.224897302169586,19.1163566384302,14.7522928283596,15.1735954114143,9.19047069401014,0.35151047928012,0.412211616390478,0.435615530398116,0.421245462514414,0.352035520677362,0.445893164953776,1.55,4.38,4.53,80.3,0.5,0.1,1.1,20
0.524170115159452,0.779854340837896,0.650861231546663,0.217367454672512,5.9246866713604,13.3307022687839,19.2323984839721,18.6309529275261,0.391149069941277,0.438180313321296,0.390369552280474,0.422797945622867,0.40294827305139,0.390663560784701,1.55,4.38,4.53,80.3,0.5,0.1,1.1,20
0.610386140941456,0.741958033552207,0.782595826416835,0.158293313951464,13.3484471452865,11.1821075237589,16.9661598095275,12.3112273081811,0.369042808874976,0.43863298860048,0.374688887745282,0.421540131012723,0.370795354732173,0.43589454619186,1.55,4.38,4.53,80.3,0.5,0.1,1.1,20
0.631586068410426,0.594615288617648,0.561709361256659,0.231986926177843,13.1287202789146,14.9633102240739,15.5552553008031,13.7110490566469,0.424851651290711,0.43447005552901,0.444311934006214,0.403790757885994,0.397928388642753,0.380238456560764,1.55,4.38,4.53,80.3,0.5,0.1,1.1,20
0.669155830026418,0.705004128012248,0.649899100371636,0.249648277489189,18.863787987805,8.12665503554046,19.0315886231721,16.7878796957037,0.433126148580201,0.409917672820157,0.351088644865714,0.417234735806705,0.432029265785497,0.368725285808276,1.55,4.38,4.53,80.3,0.5,0.1,1.1,20
0.781037476461381,0.556566376348399,0.653110813858733,0.221016277507646,9.72062624662183,7.95004165113438,6.68774956233101,15.5381161304913,0.354972955355188,0.369850756728789,0.379643168832175,0.353574497548118,0.424446455674479,0.394362559985928,1.55,4.38,4.53,80.3,0.5,0.1,1.1,20
0.68835744471401,0.703523151460849,0.546453634571098,0.216897224608343,12.9182926720032,12.6767536380445,9.31773865569616,17.2290465842211,0.368191323935287,0.361564622327127,0.372748418314056,0.424309522041818,0.362570448707184,0.438273314134637,1.55,4.38,4.53,80.3,0.5,0.1,1.1,20
0.718577592104301,0.574981051644683,0.887365827271342,0.159561193559784,16.8709055215749,5.25385701945284,5.35974557487993,8.38594489247305,0.423317800754262,0.361305522572342,0.41103985206997,0.424661620925041,0.417850960007217,0.418174019173812,1.55,4.38,4.53,80.3,0.5,0.1,1.1,20
0.544687915818579,0.549680353113078,0.732036008450203,0.166114777486725,13.5845653001149,14.5289176379307,8.11994284113403,18.7276353388303,0.389346367392596,0.44949192514671,0.438034928551363,0.387007386304764,0.363909402627032,0.387092317586718,1.55,4.38,4.53,80.3,0.5,0.1,1.1,20
0.773005161664262,0.806325962018967,0.590843971805088,0.208611548155174,16.1141623432678,16.5919616636727,11.7878132397821,14.1338914239104,0.382732672939217,0.424285154287424,0.389284439822426,0.429802229203889,0.405036158706387,0.355329800886288,1.55,4.38,4.53,80.3,0.5,0.1,1.1,20
0.551339689839259,0.694071320290305,0.638065346739069,0.184532440478588,7.92530135733774,11.6800956293452,13.7367030065763,5.71585071063601,0.449526655097026,0.363177483506035,0.374082360076811,0.398258773411298,0.433968339086371,0.391687054665154,1.55,4.38,4.53,80.3,0.5,0.1,1.1,20
0.776971205063909,0.85095807322897,0.716484768024273,0.169403507143166,13.1917965611652,12.012215415556,16.2254470670177,17.3547283901111,0.444718187598465,0.448247999752546,0.406355685143359,0.352245257033268,0.433045498547843,0.410428265346959,1.55,4.38,4.53,80.3,0.5,0.1,1.1,20
0.795043261231855,0.627762163275108,0.693039484224468,0.210754431971209,12.2026511949254,17.7978550257254,10.8210393792321,16.0990390796913,0.420663543648319,0.359125060104812,0.447396720545646,0.442111325125769,0.378037384380307,0.356661868870677,1.55,4.38,4.53,80.3,0.5,0.1,1.1,20
0.879352749480493,0.89064390023835,0.653865046225116,0.155115531738149,8.11805315170903,19.2436992525589,10.6187294860347,12.7044635039708,0.415847075138474,0.441256246640533,0.38859665795262,0.420039760321658,0.368862922982359,0.364613452847907,1.55,4.38,4.53,80.3,0.5,0.1,1.1,20
0.519444489205629,0.552947567139938,0.845151292314939,0.214850151057309,9.79283464456443,14.1869855544902,7.41274680753704,19.0522655963432,0.403297448605718,0.417844141038554,0.426920624216786,0.394370967842778,0.442975151524041,0.432870876841992,1.55,4.38,4.53,80.3,0.5,0.1,1.1,20
0.663166441303305,0.724693113761954,0.891630200456828,0.181634795519104,16.6703733520396,7.19170166890603,17.5494402633561,15.9462926992588,0.399470129383961,0.435843519223388,0.409059938732628,0.365144060341408,0.427593362231366,0.413154054129496,1.55,4.38,4.53,80.3,0.5,0.1,1.1,20
0.815344879082218,0.620821624616161,0.836353580587357,0.228406023868918,6.98721680702176,18.3276419977099,10.2582859112346,7.86126556161093,0.351849219923699,0.381577254061541,0.402930817386135,0.434203197632311,0.368725938857347,0.423659943757532,1.55,4.38,4.53,80.3,0.5,0.1,1.1,20
0.639430316717736,0.795579878071323,0.743595721361786,0.219669277070602,17.3733544385759,15.0969140620297,8.03118271125015,9.01715631397674,0.406450716924761,0.377313230532827,0.371257496180851,0.430596139608324,0.405649110785546,0.355687977697514,1.55,4.38,4.53,80.3,0.5,0.1,1.1,20
0.706104025320523,0.526674916388094,0.858471841140837,0.178697716547782,18.2292120959819,13.3054980097967,12.6684006044734,15.8778014509683,0.42961143329693,0.381803633755911,0.385506846529432,0.36815548915104,0.41410538817835,0.360846344770119,1.55,4.38,4.53,80.3,0.5,0.1,1.1,20
0.602443672682159,0.694786230088212,0.712877783064917,0.201910911653563,10.9232345481566,7.82662309344858,13.2167002948164,8.40958040896338,0.354587110166904,0.43991001784713,0.425598465857375,0.389286485237768,0.362131005142815,0.41131754063433,1.55,4.38,4.53,80.3,0.5,0.1,1.1,20
0.736832010325231,0.733003259426542,0.502814694182761,0.169192967384402,16.9785405712016,19.9768384869932,13.4995613572351,16.1243588330899,0.397836480838759,0.370881042265566,0.370314255324518,0.444812638830161,0.364719079931593,0.415272305810312,1.55,4.38,4.53,80.3,0.5,0.1,1.1,20
0.549859845756926,0.728490635808557,0.765158863192611,0.187098514184169,6.68705358659849,19.8833783327509,13.1421856387984,10.3550390574825,0.448275612575654,0.422286121292785,0.396412559264153,0.435282240412058,0.436271243290557,0.350862718552118,1.55,4.38,4.53,80.3,0.5,0.1,1.1,20
0.802831471382082,0.584615463702381,0.531599653192423,0.244140546777705,14.6849766459689,17.3126267018355,17.0655424322886,5.51080038368702,0.394152246869914,0.402197180563211,0.407118947163923,0.37300663164705,0.415952305636322,0.417556833678438,1.55,4.38,4.53,80.3,0.5,0.1,1.1,20
0.561966230324097,0.56665766133517,0.660979816769622,0.175608008141536,17.8852786011272,19.5451580488216,14.2551420238684,6.86903581851395,0.398169189349283,0.421658551262785,0.372855849311873,0.402879283357924,0.358257110119425,0.383343497306341,1.55,4.38,4.53,80.3,0.5,0.1,1.1,20
0.643158596912585,0.796186457000114,0.692247428548522,0.249272847985569,6.62675549051957,18.7886314266431,16.3882767506503,19.9722823499329,0.44089001946277,0.398052524177916,0.387415296244528,0.426375618722988,0.372288565635728,0.383620571655687,1.55,4.38,4.53,80.3,0.5,0.1,1.1,20
0.654207442772575,0.565122698659264,0.699780420949496,0.164067943466129,17.6213384541799,6.38794117393671,19.1139989630855,11.1304677083297,0.429368947992614,0.449176602271479,0.395852373909485,0.445009585661814,0.3528001177005,0.361565638368018,1.55,4.38,4.53,80.3,0.5,0.1,1.1,20
0.759692818138376,0.654356200528331,0.516027023033239,0.204939689049125,11.0336557453102,18.7598255820409,19.6368932932429,8.92289850867353,0.371546622651676,0.392848403659277,0.4238836009169,0.416020045619318,0.413909679628955,0.371238969610585,1.55,4.38,4.53,80.3,0.5,0.1,1.1,20
0.679490218011104,0.797761012928188,0.788448175289482,0.192970741702383,17.1059979859018,11.7052543094009,7.76460382951656,8.66077845921274,0.360927966501936,0.357152535375208,0.43213817760204,0.385305696084304,0.399049338948214,0.382445919288509,1.55,4.38,4.53,80.3,0.5,0.1,1.1,20
0.66239182799831,0.827770293804072,0.509183412522264,0.158855140743544,10.1898679665779,18.4823440686706,11.4439196443232,15.9829350694851,0.438680810297327,0.411795614401484,0.380710580451414,0.408293651412753,0.366308707231283,0.39551137886988,1.55,4.38,4.53,80.3,0.5,0.1,1.1,20
0.5752399575416,0.755451468870044,0.53393887059316,0.230338083591824,8.5095942041208,13.2196907366277,14.6380988120264,19.1384504591976,0.406151695989957,0.368983316620998,0.448758673267718,0.374045096807368,0.431797859818768,0.369007958692266,1.55,4.38,4.53,80.3,0.5,0.1,1.1,20
0.563193926722556,0.773426531369984,0.69602345811408,0.237239560085861,13.9039185264637,5.15430192443542,9.06673419275088,7.49283674566774,0.414085393220792,0.400921422561491,0.377166669332702,0.380181941230502,0.414980588056427,0.352733509535529,1.55,4.38,4.53,80.3,0.5,0.1,1.1,20
0.8753855773177,0.871347932013869,0.859490771459416,0.193649076450244,15.1903888794896,15.3299251802731,13.3200469605811,16.2400011987961,0.357629955496034,0.417411169764493,0.396800739458203,0.367245824307343,0.409109608981013,0.384547798381466,1.55,4.38,4.53,80.3,0.5,0.1,1.1,20
0.514057489114255,0.531888489591517,0.520001399119943,0.219360360323312,17.4069827313372,12.4033056045021,7.4843974725809,17.5033382690302,0.402976516010333,0.372067634796677,0.433148955088761,0.391144842400169,0.444025548621779,0.437472889073053,1.55,4.38,4.53,80.3,0.5,0.1,1.1,20
0.556569763107412,0.612499465520121,0.835476738645881,0.245478988019004,14.2587326446897,5.61038043143461,5.75084014395019,13.42012397215,0.434658898818819,0.353507799822418,0.365663114718162,0.446776478861086,0.38265713749351,0.363537397245737,1.55,4.38,4.53,80.3,0.5,0.1,1.1,20
0.635364498860762,0.708973855709098,0.542204469554313,0.171619614702417,10.6636679786374,7.27273505922174,9.93269834305858,8.05242652410409,0.355311001299229,0.406058226501336,0.421453480103798,0.373874006885663,0.358846467474056,0.367565488572139,1.55,4.38,4.53,80.3,0.5,0.1,1.1,20
0.857127017551847,0.58790660124179,0.682879235717282,0.21534328722083,14.8321223824169,8.17902173797367,16.0934243406844,10.8221439678827,0.413505301900813,0.350187632425968,0.445153688781895,0.382415749135241,0.365517459625052,0.396867627438996,1.55,4.38,4.53,80.3,0.5,0.1,1.1,20
0.88443858461082,0.893888477250003,0.797974954107404,0.207090327526396,8.59864624547539,8.3909370943089,17.9942082068091,17.9426128310082,0.424064375101589,0.393451964888815,0.44455783447437,0.418360641898494,0.4195312074746,0.413433821325563,1.55,4.38,4.53,80.3,0.5,0.1,1.1,20
0.618962818488479,0.743834277782403,0.760732401145808,0.204334589733416,16.5928932879376,6.87113678030437,17.8313598643546,16.0136152446945,0.40888146101688,0.414509148084465,0.364736734984303,0.447681607621862,0.358635720259696,0.447888851222489,1.55,4.38,4.53,80.3,0.5,0.1,1.1,20
0.539729402055591,0.85426829931289,0.822426203534752,0.176102357374877,11.2468815593165,14.0239147884003,11.2404975853744,19.2166563516413,0.400690791938826,0.359340118705761,0.376349576706812,0.356117318609264,0.40958994432101,0.416979311937978,1.55,4.38,4.53,80.3,0.5,0.1,1.1,20
0.547986889795959,0.628655598617718,0.721127479051612,0.228101221595658,9.17245541882003,16.9439925592649,13.0177665691427,10.1071304166946,0.42180069693909,0.440288099077949,0.353248450197838,0.405972549553216,0.436010333366878,0.350111068998789,1.55,4.38,4.53,80.3,0.5,0.1,1.1,20
0.731652088799141,0.840702112315223,0.87234465781562,0.161401561667351,5.43802417392144,19.6265261651389,7.22224943362642,14.9214083835809,0.440544072162686,0.407096803099755,0.426206660761405,0.415405389589351,0.415436681947857,0.356049728126358,1.55,4.38,4.53,80.3,0.5,0.1,1.1,20
0.598942903317697,0.608167625922896,0.53352673999127,0.165227886310127,13.9772820223705,14.6772700208868,13.3495985406358,14.9787065235083,0.428694820409175,0.400548132551787,0.430648552719923,0.398591477597272,0.379813872737996,0.447012759295991,1.55,4.38,4.53,80.3,0.5,0.1,1.1,20
0.52647015287485,0.539545308097266,0.805061924524047,0.183590767748328,11.2750802843994,5.87609004920814,6.37984190460062,19.7434392283997,0.437574079715041,0.40144903853992,0.41389744517603,0.367125783860544,0.380187074481882,0.407013007045956,1.55,4.38,4.53,80.3,0.5,0.1,1.1,20
0.530197373403423,0.785540880746208,0.761765057490766,0.159978186632134,10.1125870600157,9.16747115137754,5.74732721976005,13.7460632443055,0.363245778799057,0.421387982392451,0.361690070090629,0.42394119763989,0.40620016876976,0.36946712747328,1.55,4.38,4.53,80.3,0.5,0.1,1.1,20
0.546008263413422,0.668244249800034,0.898738805872388,0.221272246176843,15.5492553180293,15.3924636513554,7.73846672574757,11.6767050738935,0.385863189991843,0.391334362002742,0.419820700350078,0.434688192987442,0.388743931487063,0.426452571606729,1.55,4.38,4.53,80.3,0.5,0.1,1.1,20
0.845295679176971,0.86936415232271,0.780829438423552,0.235433928090846,10.8275476635946,19.071852583529,7.21896833149716,18.6889213694725,0.399254172360571,0.380446633213153,0.427465410123579,0.437350760303624,0.352413125856221,0.44162712552934,1.55,4.38,4.53,80.3,0.5,0.1,1.1,20
0.797790165159479,0.603779473821819,0.87077166175656,0.230457361189602,16.2064611790911,18.0612579443608,17.1066607411485,19.4231191738625,0.357198017016798,0.446165830741776,0.352488052560436,0.428991949809762,0.446718382003438,0.407502326224046,1.55,4.38,4.53,80.3,0.5,0.1,1.1,20
0.821886203291826,0.877508900835738,0.7513808262771,0.171907813508436,12.2848556067399,11.583479867666,12.7466275333986,13.5669778085267,0.414561072042538,0.38381239549173,0.353971592122642,0.371886422793567,0.396927225740999,0.355086886027781,1.55,4.38,4.53,80.3,0.5,0.1,1.1,20
0.585421507875435,0.763775605533086,0.519544655697048,0.182612431106064,17.2531933521503,7.88790846539661,6.18493977479637,7.3560060946038,0.394978983263671,0.424551185130654,0.364151896605128,0.354710467380704,0.35818744387622,0.372642429518932,1.55,4.38,4.53,80.3,0.5,0.1,1.1,20
0.633618574348651,0.63794027845785,0.53519159913715,0.188853821904026,19.1758790793014,13.7782878134353,11.5953537997813,16.8042234498565,0.358461609780602,0.360701886371058,0.384434586810973,0.437987858182983,0.410742811025074,0.401380077202898,1.55,4.38,4.53,80.3,0.5,0.1,1.1,20
0.683482572761551,0.80689788171351,0.788808703287691,0.242305312261358,7.37201791462023,10.0642467966257,6.63436643793015,8.78236535332166,0.433705808910169,0.386722540567908,0.411759098825743,0.403829995021783,0.393983382520312,0.369697053482756,1.55,4.38,4.53,80.3,0.5,0.1,1.1,20
0.817401896693744,0.787146997537091,0.591335971235111,0.155924222399248,10.4439011927531,19.7367734917393,15.8731425905344,11.7152809012169,0.413975931678852,0.406972125556367,0.356316270934185,0.430614324224321,0.403165584669868,0.429158807074651,1.55,4.38,4.53,80.3,0.5,0.1,1.1,20
0.732917705019191,0.620333558011055,0.597076068965905,0.202499110451899,14.8782366925385,16.4186320268991,12.4212820900744,14.8848099455843,0.357800586231146,0.374844933912018,0.401821986621851,0.404447576518403,0.396113241538219,0.384697916374076,1.55,4.38,4.53,80.3,0.5,0.1,1.1,20
0.729104280368798,0.780762094506063,0.567344049546681,0.206043905767426,5.79698500533355,7.68564576173434,14.6898534381902,14.2755682123266,0.385647554573463,0.40647379757911,0.449255453192676,0.373756048052013,0.393075432440499,0.35290588880172,1.55,4.38,4.53,80.3,0.5,0.1,1.1,20
0.620324254072271,0.56269665699359,0.845972273585573,0.219439991282672,19.6867274826043,10.1414511511964,19.4580885561067,8.29859648625134,0.402331256707199,0.367669924772345,0.425704965542397,0.389860353801213,0.420235510494094,0.391266710455529,1.55,4.38,4.53,80.3,0.5,0.1,1.1,20
0.765188577421196,0.781595617605187,0.687554888418689,0.209685089843441,19.9833764895541,15.4762436776469,19.8261009859853,10.0898037574789,0.36684631292657,0.399807849100884,0.431231739025423,0.378850299452851,0.411914065151429,0.400748539048666,1.55,4.38,4.53,80.3,0.5,0.1,1.1,20
0.647982948345691,0.681249903338403,0.594166943858191,0.209548577264603,9.64451190277701,5.27067990769399,15.6468491692911,15.9542162095848,0.410083442616928,0.411555501405895,0.393751010613376,0.367431829985837,0.390697741784155,0.434955557478638,1.55,4.38,4.53,80.3,0.5,0.1,1.1,20
0.680003189309686,0.704025272860006,0.863413482890278,0.207439608027041,7.40910853148904,14.6994383232947,8.53601069998928,18.4861072647688,0.445194640374836,0.439353891808633,0.370492049096804,0.39005655031451,0.410107611558866,0.418556634601439,1.55,4.38,4.53,80.3,0.5,0.1,1.1,20
0.534158695480041,0.715049272402004,0.666638794246316,0.232977421983238,8.95241851014551,13.0757999281609,12.4426156211854,15.6682920386898,0.365846321004164,0.403663097184012,0.445887493995996,0.412699718602886,0.359117734477203,0.398534234546637,1.55,4.38,4.53,80.3,0.5,0.1,1.1,20
0.882713782187179,0.776308781095594,0.577190027046763,0.240231486843713,5.132183333789,14.8882142158062,17.2463586734748,14.4132826495846,0.443443590897508,0.3711405394061,0.377656743940851,0.363816645599902,0.371281575352466,0.446040041360166,1.55,4.38,4.53,80.3,0.5,0.1,1.1,20
0.516517669418827,0.509117647274397,0.757826597409137,0.209833416250115,12.5716708463267,17.5624988764338,15.3068522600853,7.26180679207202,0.41608313901769,0.442321826660028,0.350972618351644,0.408071417402988,0.438102719999757,0.414118081444502,1.55,4.38,4.53,80.3,0.5,0.1,1.1,20
0.762211042040773,0.673430982571282,0.718982344239391,0.241300264609512,6.88411734977504,12.8816061904747,18.7231641302095,10.2537471231422,0.431035827697394,0.426218795327004,0.435547257450549,0.38972735965834,0.352756933295215,0.417042106450209,1.55,4.38,4.53,80.3,0.5,0.1,1.1,20
0.664281455808692,0.799429200518876,0.601226159911044,0.234150478919316,9.21596774157137,10.375434923945,12.8767853989778,13.7956372322212,0.399631267409679,0.41839352766755,0.407277243126184,0.371756882160762,0.441635125475796,0.352152424583817,1.55,4.38,4.53,80.3,0.5,0.1,1.1,20
0.522708090728521,0.698458867081441,0.594586080457829,0.152780884631025,8.74669180326397,10.8896407765569,14.5422109323321,8.25084056155523,0.443606932600169,0.427751597826695,0.414455023180367,0.430114643756067,0.40711318251621,0.377689462696109,1.55,4.38,4.53,80.3,0.5,0.1,1.1,20
0.715314125858434,0.713626576018334,0.890384904695861,0.190981470689503,6.02645338501316,15.2445698957983,8.61626910278574,9.05846061441814,0.39068751997496,0.425222313188668,0.437318286306784,0.447059845191659,0.422214395381883,0.390915985995345,1.55,4.38,4.53,80.3,0.5,0.1,1.1,20
0.86249666932188,0.654442761575617,0.642677353817225,0.171577855491918,10.2152304034005,8.42592586661922,15.3786349138827,12.6744947868679,0.436993577961065,0.42894302687468,0.405262340819137,0.424100102507789,0.372143544274336,0.386684748757351,1.55,4.38,4.53,80.3,0.5,0.1,1.1,20
0.855906748527288,0.83478414331004,0.869277296453156,0.203697468906688,5.1700990283885,19.469268982301,6.80035883765668,11.5850485231099,0.393229904925311,0.37966934817927,0.436464221636625,0.410581056225393,0.37297491396009,0.401076393139688,1.55,4.38,4.53,80.3,0.5,0.1,1.1,20
0.548707289719395,0.84846950426586,0.562434193794616,0.152915609686822,12.2956843253505,19.8687294319412,17.1815010741213,18.9986328788288,0.425359687395953,0.363740773320245,0.396300448638015,0.423427779594297,0.415063786670612,0.382980820136843,1.55,4.38,4.53,80.3,0.5,0.1,1.1,20
0.745554549038596,0.63688130976893,0.670568247419223,0.16835484101004,18.6868486405793,6.84405801128829,11.3258959039021,11.4904368032748,0.383705517747626,0.387253058843035,0.359637720863055,0.432066879356187,0.360422885894543,0.44243289459818,1.55,4.38,4.53,80.3,0.5,0.1,1.1,20
