V1,V2,V3,V4,V5,V6,V7,V8,V9,V10,V11,V12,V13,V14,V15,V16,V17,V18,V19,V20,V21,V22
0.684059518498182,0.814372081506625,0.654985909900069,0.692446737544797,6.68851265108911,9.90070272950456,15.4481816008384,17.8963630887493,0.427114419261273,0.430944303052081,0.370804044986283,0.426083736090641,0.0111904942741059,0.38791149194371,1.55,4.38,4.53,80.3,0.5,0.1,1.1,20
0.664234223936312,0.503321950537339,0.678566347930394,0.724682620940357,5.30731722573517,9.09251377943903,14.6514599588281,9.58989915768616,0.447382784200599,0.366672055163793,0.358667642498249,0.423130104635376,0.062572996962294,0.365326350245858,1.55,4.38,4.53,80.3,0.5,0.1,1.1,20
0.802212757207826,0.86918878663145,0.528231653976254,0.607620415312797,15.5299134203955,12.3789462415222,17.8531242780248,14.9669252104242,0.424960084783612,0.350327276017517,0.380193616375234,0.42992374234898,0.0272025110929972,0.419494859773573,1.55,4.38,4.53,80.3,0.5,0.1,1.1,20
0.737565386227891,0.54433410317488,0.531861830163002,0.625489679579251,17.8447709384793,13.7370881682844,8.99282889415743,16.0573214827897,0.387086008386686,0.391099203270627,0.353147922552936,0.43483172967569,0.0407263934845384,0.429325634118449,1.55,4.38,4.53,80.3,0.5,0.1,1.1,20
0.652300212279335,0.699099164226651,0.6956964901492,0.894657123626582,13.3129523512092,6.52058533206349,6.37146714913193,8.02603319425136,0.392597228315799,0.382925946511887,0.38795208007344,0.383229008893715,0.0120601414004108,0.359698457053816,1.55,4.38,4.53,80.3,0.5,0.1,1.1,20
0.859004499992542,0.709975496244989,0.828834007427283,0.520805003813654,11.6152119357511,7.16285317315022,17.7225086980313,8.15971923010191,0.414361896367231,0.427439993445855,0.425028607586771,0.380819855560409,0.0839176782541582,0.440596002236288,1.55,4.38,4.53,80.3,0.5,0.1,1.1,20
0.898062308034673,0.849324566236883,0.79034108329732,0.838982808287256,13.8316601731326,7.10075460611144,9.44066583503038,7.42272273448529,0.381314272028208,0.36173425658159,0.366581478360016,0.362474782332964,0.0702304338513967,0.351500735123968,1.55,4.38,4.53,80.3,0.5,0.1,1.1,20
0.623370574201271,0.733169296078384,0.580635971187428,0.791404211352952,17.0071481029294,7.27424063268583,11.0739290285646,12.2469138780609,0.360991562204948,0.442478519756719,0.393464542348776,0.432156121047074,0.0927361026807036,0.37203040385847,1.55,4.38,4.53,80.3,0.5,0.1,1.1,20
0.608387565574795,0.875498177160509,0.878570960686915,0.84286788002234,14.8385769169941,10.812034288405,11.6629229574674,14.8565786506538,0.399613417741423,0.39300328663215,0.397390706237592,0.384587829777086,0.0371365131418547,0.378203590739891,1.55,4.38,4.53,80.3,0.5,0.1,1.1,20
0.640984380602837,0.736949196453951,0.527437757342309,0.892098696115427,9.46001667780336,10.0967516006762,6.29825661884388,8.92248704416212,0.356782091038581,0.415034572684253,0.423083366513206,0.379005598610127,0.0621486414069496,0.360079889445892,1.55,4.38,4.53,80.3,0.5,0.1,1.1,20
0.6665586086547,0.640165099829435,0.813908568598703,0.507212545257248,8.91309176185634,16.0430958143831,10.7418314064248,5.14658523108112,0.422780849286728,0.381828155512223,0.36109204863105,0.363911758642597,0.0868334753929405,0.364573196984828,1.55,4.38,4.53,80.3,0.5,0.1,1.1,20
0.863008585470356,0.726247443305329,0.669047698314488,0.555975498771109,5.05322170666652,17.2767595323781,9.24687021129997,18.3061632335233,0.41028752522571,0.392273463483062,0.40164957969822,0.407130676725181,0.0821744352661772,0.428812263538549,1.55,4.38,4.53,80.3,0.5,0.1,1.1,20
0.510236315413192,0.680414310979657,0.594015310862474,0.779689721202478,18.8360306410934,5.0572807218926,12.4545622321614,8.56124904615106,0.445921052031498,0.444713512006728,0.433791900893953,0.44939461081475,0.0785927664304106,0.442963085589698,1.55,4.38,4.53,80.3,0.5,0.1,1.1,20
0.576693382519111,0.638052231726423,0.661914021137357,0.768178501204774,11.8395337276207,12.0570464551146,10.4636639289674,11.1929503842536,0.365638875873713,0.439628368167439,0.430957787849102,0.42354409629358,0.0938677451290004,0.409289962297399,1.55,4.38,4.53,80.3,0.5,0.1,1.1,20
0.762322505896166,0.711185772095062,0.729675931557454,0.77003757034149,15.5827392844693,8.44006465147249,9.42777713445946,17.5132173996861,0.379146123577282,0.373437164180819,0.373238708356023,0.440683572884509,0.0493076288095675,0.377108687633881,1.55,4.38,4.53,80.3,0.5,0.1,1.1,20
0.534012611798197,0.50848940325994,0.655465276556276,0.803635788166337,15.9356717044441,19.4163279641629,19.9541085472144,12.4529331736011,0.418688444772782,0.444306707396964,0.385335028895177,0.40921450695633,0.0334840586874681,0.376717210099613,1.55,4.38,4.53,80.3,0.5,0.1,1.1,20
0.5439705065988,0.6155470728077,0.565227435958385,0.761056423524581,8.30576861881884,19.5453356583952,10.3235808978602,8.25749133202713,0.449975803621626,0.404876200714475,0.371612396912277,0.385671256509796,0.0404724050217355,0.363351319835521,1.55,4.38,4.53,80.3,0.5,0.1,1.1,20
0.889514200173132,0.663576256641001,0.707832790240087,0.656286780997366,17.930506358915,7.47175344763557,6.50510533919325,12.9755217071134,0.388998742132215,0.439819007215276,0.351833049467532,0.432328117532842,0.0749213042448927,0.431561497720424,1.55,4.38,4.53,80.3,0.5,0.1,1.1,20
0.702948613365553,0.526382522272877,0.501944206898287,0.571971483140998,8.33762743783416,12.9035230442882,17.8787322804704,6.67607322805794,0.379455781816225,0.371461373796128,0.388790536122443,0.395324596782355,0.0583955001302064,0.431956985204155,1.55,4.38,4.53,80.3,0.5,0.1,1.1,20
0.775605437247828,0.685850713277049,0.500359970834106,0.752680566341989,10.8494664128078,5.49659460170195,7.42178402488586,12.5651479764469,0.445382140623126,0.434507039551251,0.388325373595441,0.37430665591401,0.0959927318816865,0.39341511996123,1.55,4.38,4.53,80.3,0.5,0.1,1.1,20
0.862054677741043,0.8086084900558,0.732503736333363,0.729011653768457,15.3663063607016,6.21478766900022,18.0001921538846,7.15216821446084,0.445714797477238,0.425215383741353,0.407206478466839,0.378347309324425,0.0304705400758237,0.423944316428574,1.55,4.38,4.53,80.3,0.5,0.1,1.1,20
0.817839537893049,0.766084791045822,0.597398172269762,0.677162922351435,7.06686346834991,11.6558234381233,16.7426323088608,5.64832383531379,0.395827372307284,0.379376068263361,0.403802436885098,0.420004462466203,0.0561124545991607,0.441567421071185,1.55,4.38,4.53,80.3,0.5,0.1,1.1,20
0.824786906179972,0.619276805501618,0.871952332798392,0.623214769112319,17.4930336352647,11.3229730868526,17.5330523006781,16.3827336948388,0.385465227025608,0.439580563531257,0.421412928204145,0.37873146671257,0.062965065818727,0.363850866847252,1.55,4.38,4.53,80.3,0.5,0.1,1.1,20
0.567014491282404,0.79568452992551,0.699129402951151,0.635332995047607,7.33827021263074,10.9382901182817,8.55084680685541,10.3425887979288,0.418325830839668,0.354649892454548,0.370739811172662,0.361954940336291,0.0684834405675065,0.354053779568616,1.55,4.38,4.53,80.3,0.5,0.1,1.1,20
0.751229173028842,0.66593646833878,0.529579702886939,0.875901818538085,5.92839737602044,9.62128883359022,6.25401550877839,12.2101244622073,0.370160058174096,0.400617624050891,0.385135442179721,0.435918857797375,0.0306032761303568,0.440729946435336,1.55,4.38,4.53,80.3,0.5,0.1,1.1,20
0.574019365587644,0.561414800940827,0.542986290243454,0.710082223383524,5.52076353891287,16.3629760859674,16.6000489861635,11.8166134670004,0.386817905710219,0.420545421171607,0.43577555630873,0.375455242528673,0.0596540444488125,0.441169449925888,1.55,4.38,4.53,80.3,0.5,0.1,1.1,20
0.769317564873211,0.693573715773225,0.56348018108327,0.519554653313383,17.3778956743376,17.4299822243,15.9952732370514,18.8608641118766,0.350425845750608,0.396864530084236,0.361439231860591,0.37518813481559,0.0628345919894008,0.415682101666369,1.55,4.38,4.53,80.3,0.5,0.1,1.1,20
0.661525696113706,0.814840709128231,0.534967910754867,0.790050887918286,16.5718021198781,15.8956828788784,10.1327427189448,18.3716069522011,0.369339146203594,0.416373476386815,0.422950800446374,0.370054293879028,0.0594676812049793,0.37944660621821,1.55,4.38,4.53,80.3,0.5,0.1,1.1,20
0.628150682020188,0.684134800022282,0.54189477188997,0.763916345310025,19.1289160574856,12.4176241044351,10.8123267198331,11.6295734282327,0.398843436050415,0.413380679452233,0.444152640638221,0.355223016449017,0.0589262295679795,0.393318313585129,1.55,4.38,4.53,80.3,0.5,0.1,1.1,20
0.590763842757046,0.580483633990958,0.763010856458545,0.781670569267869,8.56692346203141,14.6235047819908,18.3875999601535,12.8790580761875,0.393507631796878,0.441515625403728,0.386097600984247,0.387764736382384,0.0950932561610546,0.359983858115785,1.55,4.38,4.53,80.3,0.5,0.1,1.1,20
0.526788634344563,0.653909537743405,0.525827951494977,0.85157634347491,7.74708301728824,6.97039343853947,6.42165807968238,12.2864491458191,0.406596287626447,0.424917871705489,0.448977825194178,0.437171503883787,0.0700255560241547,0.384486064640339,1.55,4.38,4.53,80.3,0.5,0.1,1.1,20
0.863225345664471,0.71555275474377,0.514321162851341,0.528834479951859,8.20161738202674,8.91954110516468,8.87197648028145,9.80795575726777,0.392858015509555,0.369290909439558,0.354116033371445,0.385926285406621,0.0776810250656446,0.356605189988762,1.55,4.38,4.53,80.3,0.5,0.1,1.1,20
0.577885132518411,0.810285661774501,0.51727819596231,0.861241517663934,13.0547896663449,15.3687675816915,8.14786047250731,12.3024991056533,0.362582222020626,0.384816000193171,0.439851779990271,0.397622104816651,0.0340656190577475,0.386573127424158,1.55,4.38,4.53,80.3,0.5,0.1,1.1,20
0.726561314151995,0.58294770687297,0.739044182659127,0.653827887459658,11.089283250845,8.55131893196143,18.6265538904024,9.23571328636259,0.407958723757183,0.439180956348963,0.363407044849824,0.429526318130922,0.0413249001085805,0.41440888432283,1.55,4.38,4.53,80.3,0.5,0.1,1.1,20
0.607479086197354,0.899473512782529,0.747776818982512,0.521691154416092,16.656481525742,13.8602470214246,5.97015678849071,16.4700546878786,0.355283005852019,0.396357225163421,0.384757853647694,0.408240403738944,0.0460000927201519,0.425526099054003,1.55,4.38,4.53,80.3,0.5,0.1,1.1,20
0.721258411033079,0.621874190932512,0.741492469356395,0.681933259480819,10.3126949996944,12.5649593073223,8.84984415306477,5.18042366002686,0.38240228991094,0.399485200043814,0.445406344823493,0.38240221974072,0.038421195606296,0.362604747080943,1.55,4.38,4.53,80.3,0.5,0.1,1.1,20
0.848556714028679,0.763428973436169,0.750622315005958,0.602730835375935,14.8493527737423,12.627993136372,9.47105920860777,13.1585967940977,0.357193670115108,0.402528177594906,0.446137962247245,0.44856888418817,0.0949524969359813,0.35874527786253,1.55,4.38,4.53,80.3,0.5,0.1,1.1,20
0.738655898749083,0.522084995159693,0.725106361131184,0.707138758760691,17.8223032138776,8.24123592607444,12.2126359195192,9.22158660854679,0.389674973958498,0.388282488625031,0.387529980188888,0.437363246515812,0.0884344212257722,0.439794078986347,1.55,4.38,4.53,80.3,0.5,0.1,1.1,20
0.733056659754925,0.520847649074532,0.832587922986597,0.745302617564425,17.5972990988032,9.99275421106955,11.7732693724474,17.9662179981847,0.436265959935077,0.419239961059066,0.423565698715299,0.390074098594859,0.0739365724488581,0.446147763371794,1.55,4.38,4.53,80.3,0.5,0.1,1.1,20
0.577065321138501,0.58911324342452,0.808713899731636,0.601014057249576,16.6307481123321,11.5774774613767,5.61487622555345,6.79768989753677,0.429790055924375,0.357563637018902,0.372056897550588,0.418140654041339,0.0910839110436803,0.427923665617593,1.55,4.38,4.53,80.3,0.5,0.1,1.1,20
0.743607690095343,0.772141455408931,0.584493415266648,0.582094867608883,16.3680207424168,13.0229190485086,12.8822543636756,18.6648877598136,0.415603225759976,0.431023243597522,0.351099514613859,0.431765620102501,0.031132972668088,0.435184896721784,1.55,4.38,4.53,80.3,0.5,0.1,1.1,20
0.673253079279885,0.806066614829749,0.703665144874156,0.622305242300034,5.20707870326703,18.3486169165466,7.09565003900323,9.39078603105852,0.374740966469329,0.428809488747967,0.38230275370786,0.446902368975664,0.0474377328359243,0.398776564133074,1.55,4.38,4.53,80.3,0.5,0.1,1.1,20
0.59879496895615,0.867809853902832,0.596508116442524,0.706095360184833,10.0100334546692,15.4319796641357,12.6080736900703,16.1089403632702,0.439072199140955,0.389634304992715,0.429566564346012,0.374698851442384,0.0745389438165305,0.386270300870528,1.55,4.38,4.53,80.3,0.5,0.1,1.1,20
0.753413997804746,0.576098551902175,0.861959977550246,0.823473222930171,13.3440100205783,15.5382655604207,12.1890988029609,17.735108531788,0.389019441500213,0.415578312186617,0.417275838457607,0.439143917971291,0.0467072898778319,0.446712069591321,1.55,4.38,4.53,80.3,0.5,0.1,1.1,20
0.727203275068291,0.841581232233718,0.767224053090066,0.549781754685566,12.1385208040499,16.5136414659373,8.70463295768248,14.2570956630516,0.404824390544603,0.354569117943523,0.425989867468318,0.426405917959241,0.0795132282590074,0.391762883795425,1.55,4.38,4.53,80.3,0.5,0.1,1.1,20
0.703855956644192,0.572741763674282,0.859295848939754,0.82742259549126,9.5162138282205,14.63877271723,18.5865397436311,18.8369706966588,0.4189180227526,0.433977177991811,0.397575321935257,0.406328174466966,0.0244371677022008,0.427626939258073,1.55,4.38,4.53,80.3,0.5,0.1,1.1,20
0.777994762597233,0.533081821805984,0.802659357604012,0.640910076886788,16.9221700989036,11.0537478263094,8.90994082358666,8.07334047650453,0.380227194474917,0.422521793818846,0.449971595629631,0.395689539526776,0.0480037184936088,0.371694005569257,1.55,4.38,4.53,80.3,0.5,0.1,1.1,20
0.82029149665907,0.673770816706307,0.782655327843689,0.788023624408804,7.2339657560247,9.27843886167277,7.58039036274888,12.6770972576365,0.360404110764107,0.445129422222031,0.376875672074221,0.374107546656299,0.0511238275191886,0.355308527367748,1.55,4.38,4.53,80.3,0.5,0.1,1.1,20
0.880462783429586,0.606805986052938,0.700877192656696,0.612431106819212,10.0741106787487,7.64867627815344,13.3741365919891,10.1544343649549,0.379719451210881,0.369855304812733,0.387706526888022,0.41918244836987,0.0571888727489114,0.395155788447103,1.55,4.38,4.53,80.3,0.5,0.1,1.1,20
0.814969900074974,0.579593121115863,0.560912422383204,0.648866764147952,10.2719291739748,11.2909172330773,16.8732348943548,5.04533997461665,0.435119533030456,0.411545378311351,0.361287899141852,0.410679335576296,0.0273776655935636,0.37333348131706,1.55,4.38,4.53,80.3,0.5,0.1,1.1,20
0.857647385587543,0.584307450043969,0.805923364219069,0.829349438971281,15.8354888880975,13.5377094038832,18.421152623212,12.8533009116142,0.436095055491803,0.364670290751057,0.431208486662246,0.353571634148899,0.0115630118803447,0.427464610699285,1.55,4.38,4.53,80.3,0.5,0.1,1.1,20
0.810763092657551,0.713337921341322,0.699956696046516,0.753618579272926,5.60708282923559,8.7948725584778,19.6112908872124,18.6900935674901,0.36967958432124,0.404566138013918,0.41619309444828,0.442756756169815,0.010666590606072,0.408169090328086,1.55,4.38,4.53,80.3,0.5,0.1,1.1,20
0.567835734602623,0.844624247703515,0.65078008269202,0.587646005947515,18.6954209847469,19.4707273460226,5.74818365452578,18.4974942444148,0.436798680138681,0.435424579658359,0.432460598633485,0.383153646696918,0.0372929760488495,0.351938695542188,1.55,4.38,4.53,80.3,0.5,0.1,1.1,20
0.753901512520947,0.862435335503705,0.702770969235711,0.807747751742602,10.5974385888875,11.7183178359084,11.9373525771382,18.1131244988763,0.382607690720912,0.409582884494867,0.37625626529255,0.377860476928437,0.09183699056854,0.410723533353256,1.55,4.38,4.53,80.3,0.5,0.1,1.1,20
0.62062364975065,0.603784757025167,0.705890091193095,0.773363882219046,9.10958031496499,12.8083956768177,18.8754636510229,18.2802108916198,0.38303049087259,0.40086965391743,0.356659467925597,0.389110795803508,0.0569404892964847,0.36133865933097,1.55,4.38,4.53,80.3,0.5,0.1,1.1,20
0.837442561392486,0.718852847026661,0.78008559947703,0.647107616198436,12.2315803376026,5.64887669333257,7.70704487356823,8.86197830447229,0.381179615999432,0.409618455352588,0.404350868051639,0.418891373807564,0.0642007240871573,0.396991507388139,1.55,4.38,4.53,80.3,0.5,0.1,1.1,20
0.795160321401619,0.540763311953098,0.533542462277226,0.878838165010884,6.45775161361788,17.1089780455525,19.7081084430986,14.5604453745997,0.443613083562395,0.433196609451761,0.412639542372245,0.426973900841409,0.0665869603086589,0.357103973481758,1.55,4.38,4.53,80.3,0.5,0.1,1.1,20
0.606434995295294,0.530861351228133,0.760418291121535,0.581003134150989,16.9513922425383,7.83929352749372,16.3565618000878,10.0632884517335,0.386172749581607,0.375817957111774,0.434575642561074,0.382303250811109,0.0638270800819201,0.407872508805385,1.55,4.38,4.53,80.3,0.5,0.1,1.1,20
0.51633406380415,0.886975243589096,0.630010772319883,0.54147763666492,8.71789285409031,8.11445344468812,12.1627090333775,14.1238319006865,0.379927645520819,0.426263065247936,0.443660905839084,0.411785563226044,0.0451418010554556,0.414181976082828,1.55,4.38,4.53,80.3,0.5,0.1,1.1,20
0.870040113124997,0.885884781752899,0.87640838523116,0.80573356341701,15.6935410379083,18.750273859119,10.8282791151176,13.2643607864738,0.447805710407719,0.39816293779402,0.438732456254866,0.433781756284647,0.0757453189149033,0.35896614713287,1.55,4.38,4.53,80.3,0.5,0.1,1.1,20
0.533569818801619,0.831374757317454,0.564656561438553,0.600159621937945,10.9028676676354,15.488412071818,15.1829721976677,12.1718484768714,0.359980290427245,0.380204910150776,0.430346521163965,0.445801932947477,0.0470530090265302,0.399642210105434,1.55,4.38,4.53,80.3,0.5,0.1,1.1,20
0.672065947318077,0.558412191115506,0.582362449757941,0.775381987986155,19.3934967852291,12.869169742174,5.07638169869315,11.8093278893409,0.350722681895737,0.424398571351636,0.444699738373142,0.39850581562696,0.0640926353133144,0.405617832769826,1.55,4.38,4.53,80.3,0.5,0.1,1.1,20
0.76750328107141,0.84609865392372,0.781429837786593,0.760506644196808,8.60334819753189,19.1216692892392,19.3464375816612,6.3637734979298,0.38725455027679,0.360208871794119,0.432716604341567,0.362866066729557,0.0222040215736022,0.425300127415825,1.55,4.38,4.53,80.3,0.5,0.1,1.1,20
0.530882866375148,0.897726803923585,0.554829601615481,0.62099431462381,6.98463190671289,10.321474653543,9.64849063301226,15.7837481671339,0.411356162207806,0.352219818005152,0.435157785418537,0.431560430055205,0.0448783066212805,0.392699226242071,1.55,4.38,4.53,80.3,0.5,0.1,1.1,20
0.712074222039618,0.707954343892448,0.658879100016318,0.871758607917465,13.020427965906,18.6056722529978,14.7548196445103,6.27282477669185,0.411424916104181,0.395393213925278,0.432990533139557,0.361487041648524,0.0875476914138021,0.411426391516952,1.55,4.38,4.53,80.3,0.5,0.1,1.1,20
0.823640229410119,0.624625268496946,0.65020183989089,0.510135761485249,10.2360762024275,5.24538025356131,10.8576394073037,7.69230021346826,0.36263581273309,0.391566314861504,0.413181836214149,0.351354969075182,0.0429974543044297,0.391311883932585,1.55,4.38,4.53,80.3,0.5,0.1,1.1,20
0.534532677359507,0.875042606720515,0.607830472629704,0.578910133170709,14.1032637980161,17.6511997572705,11.2222008103295,14.6051691741962,0.430873879548721,0.43435008741389,0.392162968285196,0.404453338406188,0.0388503526990395,0.393622760027461,1.55,4.38,4.53,80.3,0.5,0.1,1.1,20
0.757694964186847,0.666931598995067,0.572394400808588,0.585438787453249,15.5428780831234,7.08241751561407,6.09862116267439,14.341592074486,0.384340008669626,0.378164447995648,0.415265175468009,0.364361580162076,0.0861977248043707,0.351122834599297,1.55,4.38,4.53,80.3,0.5,0.1,1.1,20
0.625593547971733,0.596279554684088,0.752567990421131,0.759936571823619,17.6543544829241,12.1127534373174,17.9860210540984,5.386707004942,0.410409849832812,0.432998426117096,0.380444238262856,0.385198079120275,0.0521891982787755,0.388206590482173,1.55,4.38,4.53,80.3,0.5,0.1,1.1,20
0.741959618656151,0.633052845844999,0.793838009745628,0.847146016497351,15.8030422778614,6.15793848854024,11.3740107872128,15.3248836206784,0.365123530477658,0.418920842451788,0.366827445564279,0.407218079945073,0.092584660060592,0.389525104240049,1.55,4.38,4.53,80.3,0.5,0.1,1.1,20
0.729567277695797,0.653415571996011,0.745039699324221,0.617232590395026,6.56546311104903,13.9680401029019,12.4063972227438,16.2855520408065,0.358571137069538,0.36119907602286,0.361621553788753,0.367188570420863,0.0908018237443175,0.363793854654767,1.55,4.38,4.53,80.3,0.5,0.1,1.1,20
0.746863383463025,0.714312437152304,0.647092766412534,0.735731335519813,12.6694226558041,11.1446813495294,14.0423283951404,8.51340620849515,0.442102575814445,0.356610410951404,0.378474206467997,0.392908544038888,0.015585833404623,0.438365513969259,1.55,4.38,4.53,80.3,0.5,0.1,1.1,20
0.545981897730008,0.777303200726025,0.798182543600723,0.848283258490823,6.27646695453674,17.6158884476428,14.5650881392229,10.3290206843009,0.411019395883661,0.391932314215228,0.40050354647995,0.379425622056425,0.0369749280970404,0.365033288131002,1.55,4.38,4.53,80.3,0.5,0.1,1.1,20
0.800934282545187,0.553608085524663,0.601129186255671,0.767870714668557,11.1411282012076,7.34993552567205,17.5443606426008,11.9897894299403,0.405990263795666,0.377633861612622,0.425769909504848,0.403423712849571,0.0463958365712781,0.366380255789449,1.55,4.38,4.53,80.3,0.5,0.1,1.1,20
0.560341502970271,0.534149415145814,0.53052683088351,0.50139873360116,10.860129605867,6.61576238188893,7.69360606942559,19.2771083190176,0.375564093193552,0.386386825761618,0.400065835404862,0.39929118128838,0.0781334635541868,0.351330320445029,1.55,4.38,4.53,80.3,0.5,0.1,1.1,20
0.844335391950049,0.803419071094692,0.683655321563222,0.797933167785965,9.16333914391231,12.5334040016588,5.33840448710602,14.7716121770674,0.413141853714501,0.447170112604229,0.371502111489931,0.408523331012577,0.0183945680642873,0.406559957744554,1.55,4.38,4.53,80.3,0.5,0.1,1.1,20
0.638323027449474,0.899017882956006,0.522929619591124,0.88706591112446,7.81623826537049,14.517246273763,13.9959499646071,18.9726307890797,0.430582973476499,0.384416141163744,0.390961527614063,0.382030660364497,0.0149146249052975,0.390658462727163,1.55,4.38,4.53,80.3,0.5,0.1,1.1,20
0.633226717722043,0.581572495560162,0.676677868071012,0.849238357647509,9.92965060887858,7.30285566549748,12.7371282276581,6.08788488219259,0.430022444552602,0.3560244183328,0.426228433795925,0.444097003611783,0.0534187248453591,0.385469157400401,1.55,4.38,4.53,80.3,0.5,0.1,1.1,20
0.667494960771501,0.815414150226675,0.774274562177621,0.666855093058571,13.7074751847819,18.0308315388206,10.0311318635475,19.0974267375306,0.350234780896129,0.448618152286951,0.449467894508131,0.385424633393856,0.0735760321903136,0.35220335406824,1.55,4.38,4.53,80.3,0.5,0.1,1.1,20
0.666147510763071,0.64159952424597,0.865693688621931,0.794802482459694,6.73124302184675,11.604347994735,16.8123696066579,18.7643476483552,0.421285186977452,0.407130818776274,0.392930448931782,0.406919301386131,0.0137688043790637,0.392444951746147,1.55,4.38,4.53,80.3,0.5,0.1,1.1,20
0.786543798050098,0.500574048749916,0.713977687401325,0.628463657216355,13.2100496023591,6.49682635163423,17.0039069324452,17.8075619890518,0.441292873040307,0.422768034038832,0.386260608245991,0.423896454417519,0.0342983173194435,0.444671659048833,1.55,4.38,4.53,80.3,0.5,0.1,1.1,20
0.790506666222774,0.823308772552386,0.601679563496634,0.742472087740526,14.4416533075273,16.327195868711,8.04292677155929,11.257541476693,0.398794604926975,0.395015264739702,0.436276237179991,0.435679067528201,0.0662885897553572,0.408795453468058,1.55,4.38,4.53,80.3,0.5,0.1,1.1,20
0.651895324290171,0.831057063989528,0.641320799273253,0.506223703298345,18.6613896957599,18.0195498043904,14.1067133277003,14.2904269954958,0.441990326679125,0.417021309715044,0.441085949163651,0.359269286980527,0.0146743123372691,0.350856825929182,1.55,4.38,4.53,80.3,0.5,0.1,1.1,20
0.783122811233439,0.872189276260883,0.627113143856824,0.548529919444397,11.5943818847416,8.31370665974682,16.0351212611655,18.619339891444,0.352515530094644,0.392177625633031,0.391677797600534,0.372103558834689,0.0338622169217235,0.41213494792711,1.55,4.38,4.53,80.3,0.5,0.1,1.1,20
0.589922110676952,0.723989326494746,0.594419680976495,0.840433544358984,17.6225435873494,14.3431271962542,12.1186147252563,11.2181356169842,0.439785137000727,0.406660300162574,0.41755253910888,0.400822262676945,0.0362973771496769,0.360206798968092,1.55,4.38,4.53,80.3,0.5,0.1,1.1,20
0.61257608799208,0.634240127588809,0.536344099297188,0.642035601308569,9.81696448859293,16.9274204079108,17.1620040238556,19.821287624368,0.412716169759957,0.351487441091519,0.437661355128652,0.40263827204355,0.0841386478730571,0.384277560131997,1.55,4.38,4.53,80.3,0.5,0.1,1.1,20
0.876383882943913,0.721980694501102,0.565869187800772,0.547206141252816,5.46102750857594,10.0304795843596,12.2462471140921,8.40019743008306,0.376004159892071,0.411188088362198,0.364371977180522,0.406714723113459,0.0173160550733795,0.404723256413639,1.55,4.38,4.53,80.3,0.5,0.1,1.1,20
0.512024212420359,0.646652714467235,0.533610198726878,0.773610247150436,6.06017295392696,19.8311572593544,14.5007889974467,15.7500194043061,0.364634648650745,0.449594702034071,0.386757547362428,0.376387536294991,0.0344178602842009,0.435531780335354,1.55,4.38,4.53,80.3,0.5,0.1,1.1,20
0.690370592151582,0.787522002943605,0.833945532308892,0.688053826147318,10.697759960657,11.3827830191026,7.88573205486173,13.6783040841226,0.444879029367818,0.358960048429435,0.44273976371591,0.442217784004239,0.0929319607481034,0.437064343242627,1.55,4.38,4.53,80.3,0.5,0.1,1.1,20
0.548646546815336,0.896322720548511,0.693657829916663,0.500775391356461,18.3892045743321,9.34379511382896,15.6937106854841,14.1534936201503,0.413595100191934,0.377843640385056,0.382698527605413,0.432940247338126,0.0453696081044944,0.417066846937779,1.55,4.38,4.53,80.3,0.5,0.1,1.1,20
0.779056815871038,0.555736239694059,0.526638145091571,0.527371805846691,17.7499661470507,18.7944108805875,15.2540318102879,14.1903359577898,0.396633409052249,0.402849577288376,0.392668258159142,0.365841149965581,0.0168556261311704,0.408260696900869,1.55,4.38,4.53,80.3,0.5,0.1,1.1,20
0.896040902776644,0.685056814535335,0.702318774681352,0.869957835701108,13.6722441508691,8.53857934057247,17.6232082477049,13.5221562085906,0.42925089478381,0.444890083154337,0.382812443322223,0.361685867840331,0.0441142045400338,0.399863408586523,1.55,4.38,4.53,80.3,0.5,0.1,1.1,20
0.832264855937473,0.581900597557053,0.809317270908877,0.681374205180258,16.7701676573395,11.9370641020802,17.6722174725891,8.11067337496672,0.370832123835431,0.382728215711145,0.366352575228829,0.373242399356561,0.0914904461650644,0.433807039505569,1.55,4.38,4.53,80.3,0.5,0.1,1.1,20
0.551720283820294,0.630466363767907,0.567383392288908,0.636536256376468,13.7516689523845,19.2636068605818,5.22177307324018,5.43206595966592,0.366133860850101,0.401563288814994,0.366781255619694,0.369917436540592,0.0141746098714508,0.400947437479813,1.55,4.38,4.53,80.3,0.5,0.1,1.1,20
0.760569637044705,0.735408803753369,0.648403781291656,0.541916095721163,6.83760904684896,13.7761827983731,12.7443831355358,19.7026098781708,0.433120289983228,0.353157559690624,0.362456394624989,0.444614352363721,0.0329302826290764,0.435810131389089,1.55,4.38,4.53,80.3,0.5,0.1,1.1,20
0.680633969046362,0.773122805267945,0.822849949296564,0.809923799775913,8.11210723141441,6.67167234601453,19.0856357108545,12.1069241712173,0.434630593651859,0.371202266419074,0.383440212367894,0.367877192835184,0.0174486213725805,0.38692693464295,1.55,4.38,4.53,80.3,0.5,0.1,1.1,20
0.764923150561377,0.528459458820708,0.659766396296024,0.747847279901803,15.7299051340134,13.7985182461073,18.966944921508,10.2585537987179,0.395218795759324,0.405428690969665,0.399484185386356,0.35676434941804,0.049719910784713,0.364807357411273,1.55,4.38,4.53,80.3,0.5,0.1,1.1,20
0.597302807383239,0.8705032531498,0.805324699883536,0.545144999343157,14.0859306244203,6.32959403568413,8.95163222511997,9.08068523568567,0.432563728381228,0.396517330914829,0.375403113935143,0.394949305947498,0.0256841002233746,0.397459995643422,1.55,4.38,4.53,80.3,0.5,0.1,1.1,20
0.543145757722855,0.817365198018774,0.823415810416639,0.722434780461155,5.00420647342457,12.2917986975797,15.9188277635374,7.48270116302883,0.426000067326939,0.433205353258923,0.369041099491855,0.373753599073039,0.0260942420469318,0.421193639837951,1.55,4.38,4.53,80.3,0.5,0.1,1.1,20
0.813446676060371,0.609009045392275,0.622100094111264,0.539376556101255,13.8864708156139,5.21153356475988,5.80043598008575,18.1520945731085,0.36069401955558,0.442613078900287,0.35471942746737,0.357032127078576,0.067476593195349,0.366718452874431,1.55,4.38,4.53,80.3,0.5,0.1,1.1,20
0.547038672741689,0.88476139735505,0.815204807762243,0.592664696419984,11.7331566651328,6.46078236575471,13.5495361595321,5.06679425340612,0.445560385396238,0.389878622362716,0.418032783333678,0.428823248666246,0.030844811102571,0.405557827628311,1.55,4.38,4.53,80.3,0.5,0.1,1.1,20
0.726213401190378,0.888366283506155,0.625232429320365,0.574752497902885,6.86089114954928,13.0469703891966,12.7034705073619,9.73619752098806,0.378927060809918,0.389017258651834,0.424851572247129,0.402441179159889,0.0971916852881434,0.350721226492152,1.55,4.38,4.53,80.3,0.5,0.1,1.1,20
0.540473545457423,0.871817946912535,0.750273173064366,0.783288593103923,7.59910150503507,16.085413772692,11.7863072984642,16.2033619381301,0.372704551761597,0.417728092176281,0.394297820510203,0.359652205798728,0.0344850966777047,0.398810627449583,1.55,4.38,4.53,80.3,0.5,0.1,1.1,20
0.796774263074622,0.557174899431132,0.77464108015094,0.559380068547092,11.2281385574164,12.181051102886,15.2113549734955,17.4596515354631,0.417117557658302,0.362344729714468,0.448767058013473,0.364542077484354,0.0607473204922723,0.370280345677957,1.55,4.38,4.53,80.3,0.5,0.1,1.1,20
0.530339650927112,0.617587864428759,0.727481190897338,0.73305874239821,15.2691024148022,6.56583171267994,18.2752486165939,17.2298559382558,0.448799026135309,0.440170258749416,0.43204568317472,0.438186359271966,0.0318455876485072,0.435205776231689,1.55,4.38,4.53,80.3,0.5,0.1,1.1,20
0.605214166638069,0.789286468881183,0.826048012513109,0.532933653308079,10.4530347430008,9.00467640858842,11.3335153942602,13.852136129525,0.384500479038898,0.437180872061849,0.408010314679844,0.364822541149426,0.0488357899808372,0.381750941866543,1.55,4.38,4.53,80.3,0.5,0.1,1.1,20
0.83455850054156,0.565161002914421,0.860242187266611,0.52993506268654,15.9778905359283,7.78305149380118,10.3452914043749,12.720057966914,0.400576340943761,0.410090552950976,0.428864175489685,0.358847437182162,0.0323585444209538,0.433207448078878,1.55,4.38,4.53,80.3,0.5,0.1,1.1,20
0.746125214650482,0.777763428169116,0.866954522731528,0.624679397089034,7.7048204348539,13.4478328884626,17.8329952055076,5.58894567978336,0.377616709277593,0.383366028658766,0.350204269704875,0.353781268327497,0.0490334321081638,0.418321238729963,1.55,4.38,4.53,80.3,0.5,0.1,1.1,20
0.697469403287768,0.529216047693975,0.593559842165373,0.575346733877435,9.58162992124911,15.2799374158448,7.18622291576583,12.0229128825734,0.444454548007995,0.35909614018579,0.371946545977052,0.4326819139475,0.0634362562548602,0.369691255003354,1.55,4.38,4.53,80.3,0.5,0.1,1.1,20
0.65878719163686,0.842426432063803,0.89963390444573,0.861876544287056,19.248046669655,16.1916504881461,15.6436663698428,12.6322742245276,0.422071612623427,0.420310025772872,0.440999688159442,0.391910036806902,0.0694688801956922,0.448392941925116,1.55,4.38,4.53,80.3,0.5,0.1,1.1,20
0.698700879559852,0.805193745500967,0.795601607030816,0.829907887199335,6.12573223669082,19.0399278187519,5.69311710690381,6.8778122880077,0.38669267943576,0.367754588448117,0.422067298517097,0.444406625554385,0.0889591104855435,0.443119987497386,1.55,4.38,4.53,80.3,0.5,0.1,1.1,20
0.86522226698827,0.564261045969278,0.725922474417463,0.651866446364671,11.4669141737884,16.9479670787533,8.7952086564363,15.7142384382174,0.401717503354885,0.412962095736712,0.429122136855964,0.429076571903052,0.0540016001795046,0.43868343864209,1.55,4.38,4.53,80.3,0.5,0.1,1.1,20
0.632596876964718,0.550359845051915,0.58932737531662,0.528357463231124,14.7967770917155,7.33222398207756,10.9792077940307,10.2842333899857,0.400132829041174,0.381322086678399,0.411325093747443,0.373968477700697,0.0632035116633261,0.356073601301899,1.55,4.38,4.53,80.3,0.5,0.1,1.1,20
0.870428448763862,0.797043593109213,0.811081012450159,0.740690960568003,10.570116212694,6.80462246423354,19.9136464733188,16.816896454785,0.394166988512036,0.357870818853099,0.362716724425042,0.430223319879174,0.0227562825094536,0.424412983386917,1.55,4.38,4.53,80.3,0.5,0.1,1.1,20
0.68173620063439,0.727364634572156,0.600424272295274,0.593101079521328,14.5402594286343,8.98717681585345,5.49139360642759,16.4217630502139,0.391689044446033,0.389303037206829,0.427930990588013,0.405807884246484,0.021732688955497,0.392314279545471,1.55,4.38,4.53,80.3,0.5,0.1,1.1,20
0.541786454031616,0.837366231229529,0.585713095485978,0.870948685914837,19.0146187345311,6.36812105182558,13.9367940211948,7.9988848770503,0.434821644524205,0.351604796477454,0.377957814669562,0.392500246850029,0.0690830234873435,0.422702232302027,1.55,4.38,4.53,80.3,0.5,0.1,1.1,20
0.518954309702292,0.754064954428561,0.889851620885916,0.669679762634262,13.4737507870235,5.60170289675705,18.9987005572766,14.4129439084698,0.407699580446864,0.378400336332293,0.363891399974516,0.443398975428008,0.0421344319146639,0.436824584003631,1.55,4.38,4.53,80.3,0.5,0.1,1.1,20
0.555997872545756,0.705848570229858,0.608992500078864,0.598795089486241,16.4877763081272,13.3178085319116,8.40985990633257,8.80381883585826,0.430243618576601,0.414729369310196,0.427399006706011,0.388968672182038,0.0939468818765925,0.372707087924052,1.55,4.38,4.53,80.3,0.5,0.1,1.1,20
0.591662042546272,0.864012743763812,0.717801713216119,0.603989736621082,14.2121855080151,6.07985828995006,6.02666644694982,6.82481896524318,0.393344243617635,0.42878844681303,0.403197920097644,0.371459496327071,0.0205749193202844,0.374850438390905,1.55,4.38,4.53,80.3,0.5,0.1,1.1,20
0.608840665019676,0.606289893839695,0.514957296688296,0.515650341068953,9.19161486387253,15.8371944303298,17.3956868550926,9.62188334578415,0.448130737157119,0.353838300799998,0.405050462727575,0.369176116723055,0.0856946022610041,0.397094525011303,1.55,4.38,4.53,80.3,0.5,0.1,1.1,20
0.845223486079648,0.538895832991786,0.79233234344963,0.623150179392472,13.6697097318154,7.54440701764776,10.1863961214246,17.9250137455575,0.426480193258869,0.405655199808022,0.417803993864404,0.425540847124998,0.0552754132069508,0.381128376713628,1.55,4.38,4.53,80.3,0.5,0.1,1.1,20
0.713686752361245,0.726480910531431,0.609846094538272,0.57273307298813,10.7483653318742,13.9809983365214,9.06990120352944,14.6637727591651,0.381934172033332,0.382367089171475,0.430543881291337,0.410820559143275,0.0672105646643695,0.355457563720597,1.55,4.38,4.53,80.3,0.5,0.1,1.1,20
0.507282484524325,0.703271058539115,0.884134847218357,0.738773823305406,16.2847520850995,15.7344447969948,10.592509426144,6.02273613480618,0.377427105641784,0.423114966224646,0.388426522309799,0.440875215774868,0.0721125081854407,0.428054650945542,1.55,4.38,4.53,80.3,0.5,0.1,1.1,20
0.860350223654881,0.741639192749001,0.771472818848677,0.877891592392698,9.2617889460735,15.3187409494352,14.0047933622426,14.7874536584481,0.443844125969382,0.351398386121588,0.352691285802471,0.410354021043098,0.0348508871819032,0.422358217367856,1.55,4.38,4.53,80.3,0.5,0.1,1.1,20
0.890554463597015,0.595141986907087,0.508189953664318,0.684453110301681,5.22194219407626,9.78801830392797,16.720893543507,7.44535200354876,0.351545324937534,0.355478970907209,0.394717928967532,0.416071049772203,0.0858991010878794,0.392859879112802,1.55,4.38,4.53,80.3,0.5,0.1,1.1,20
0.795456557436101,0.517719159649685,0.541130142681487,0.737941702215932,18.0562169670989,10.4074347682856,11.2620466922596,17.3617545454577,0.372527069663815,0.390939589713514,0.371193881244212,0.433363687948463,0.092354906554725,0.436600531064486,1.55,4.38,4.53,80.3,0.5,0.1,1.1,20
0.811384140616655,0.826336215568706,0.568301403741911,0.658520432080887,7.54598931989167,8.48608083350118,12.8471905455948,5.15797383063473,0.425351201204443,0.416079885635711,0.365635519130854,0.42703170673009,0.0970939241279755,0.384021291024191,1.55,4.38,4.53,80.3,0.5,0.1,1.1,20
0.838507764266431,0.844887197694555,0.873358273769915,0.739935174510442,8.12866881754715,12.9539998290571,7.80487458919641,7.72192718295148,0.375349441972049,0.384180126933428,0.426464057911746,0.388341800148832,0.0592502971121716,0.373919257912971,1.55,4.38,4.53,80.3,0.5,0.1,1.1,20
0.644490157743543,0.859766569149494,0.546720977018215,0.732441145830415,14.3052548570698,19.1740007109009,15.8614483871264,10.8511681517656,0.438825328094698,0.401369652344938,0.413766245504934,0.372201654111687,0.0319695797471656,0.391482533890661,1.55,4.38,4.53,80.3,0.5,0.1,1.1,20
0.629101866598055,0.678590573716536,0.864514229749516,0.504046217949875,8.3846393585694,9.68045298231998,15.8353366879211,6.97780948587228,0.426265509270737,0.449106192265265,0.448483201695466,0.440512501011323,0.09989746957934,0.394734901158698,1.55,4.38,4.53,80.3,0.5,0.1,1.1,20
0.698131208121218,0.551231017615274,0.827531165318377,0.543584355210699,12.0116891139559,17.981660073197,7.35138033956522,16.4578933266411,0.446416982596694,0.404045534832263,0.408888097835565,0.401391862704977,0.0237828842980741,0.442570569579117,1.55,4.38,4.53,80.3,0.5,0.1,1.1,20
0.84699061412774,0.892664914751425,0.621445535087772,0.785502975082211,18.8840871186531,16.1485612281621,5.89844965466997,5.93735539338784,0.372802272368781,0.412210822739871,0.420481464940775,0.435220912819728,0.0270595970392879,0.427243746960769,1.55,4.38,4.53,80.3,0.5,0.1,1.1,20
0.841042690055818,0.832342015516944,0.737102847944945,0.818096829134785,15.882777140385,6.62493725236273,6.1879054253269,19.5032333419938,0.440051473085163,0.412005850685062,0.374601612027641,0.386207404684462,0.0424118284925958,0.385703516195621,1.55,4.38,4.53,80.3,0.5,0.1,1.1,20
0.83633781699352,0.855954188133776,0.68515997116752,0.855459690630809,17.9141958501982,19.7019501634804,16.6210316493618,6.51187580063706,0.39566364083779,0.40323440916175,0.364690973066073,0.395437848520838,0.0361093097529048,0.417524714888632,1.55,4.38,4.53,80.3,0.5,0.1,1.1,20
0.800619106460735,0.704630890956707,0.862620140961371,0.730614405843802,19.7154453796474,10.5003424293385,16.102246041093,17.1128560905647,0.375026538997749,0.403669378628628,0.40571651775809,0.447143721402995,0.0718240641585877,0.388899365385948,1.55,4.38,4.53,80.3,0.5,0.1,1.1,20
0.545065738707222,0.72259323576428,0.614678371874057,0.705510205185227,11.8063955683447,6.88352509984979,13.7853579568211,19.7595366200549,0.383686006923812,0.428359636962647,0.444533256379794,0.378071071659401,0.0750681215955084,0.414399399313983,1.55,4.38,4.53,80.3,0.5,0.1,1.1,20
0.892457383253239,0.709228142630123,0.567060676057264,0.836778913778067,14.1227173726703,17.9094922535075,19.2852103081974,7.65171296956716,0.393613696022425,0.376247691890085,0.40685508041298,0.392389055652265,0.0336719265184179,0.368469219239568,1.55,4.38,4.53,80.3,0.5,0.1,1.1,20
0.77098952139318,0.796288871840015,0.855016316178441,0.710544311363064,9.77634091908112,9.45186888042605,13.2386942235194,19.0632749467413,0.358790791309159,0.388774816979934,0.435316046330705,0.377688716282276,0.0199146414582105,0.423504246267676,1.55,4.38,4.53,80.3,0.5,0.1,1.1,20
0.523664887585305,0.510692608574033,0.640446610431559,0.762114016164467,18.216308992228,14.8867041611252,11.1992072990839,15.656098793461,0.36310953556532,0.383420702772168,0.365595827459358,0.384875464421092,0.016512843134026,0.376171956319129,1.55,4.38,4.53,80.3,0.5,0.1,1.1,20
0.826046700473316,0.599176577622816,0.787637243709713,0.696166610024311,13.8747042021528,10.8479027190385,14.208825357086,10.1833641075529,0.385358808946516,0.413948707317561,0.384382802372333,0.376609173502866,0.0309563715924788,0.382292218824616,1.55,4.38,4.53,80.3,0.5,0.1,1.1,20
0.549164762950502,0.708444949881174,0.898266543230228,0.811073958830722,17.9686645786651,13.2735999592068,17.4318937887671,18.5549455555202,0.390818557202769,0.42387672806913,0.447239406114258,0.438354566555237,0.0484211910029454,0.379659301064396,1.55,4.38,4.53,80.3,0.5,0.1,1.1,20
0.83966119366698,0.618382302132249,0.763841474324092,0.665183568944223,11.2586196846864,17.516471018868,6.69371134999441,19.2188798431167,0.414155708577763,0.449756645276258,0.407021045019617,0.35774472055505,0.0724904666881217,0.41842772212429,1.55,4.38,4.53,80.3,0.5,0.1,1.1,20
0.531696350760199,0.894986941021495,0.516612462619506,0.798615047964826,12.8890006108698,12.921826136969,16.3265553829935,14.7286059077806,0.391175667269621,0.413196490033018,0.377395384231256,0.35115476880651,0.0293664448621031,0.445851180578955,1.55,4.38,4.53,80.3,0.5,0.1,1.1,20
0.656738449746557,0.770740782837942,0.744714326603897,0.826468800677732,15.3085160351195,16.7241909149732,19.2703886620561,5.01349669486051,0.406957031991566,0.403587363155279,0.405868392786616,0.418628850340843,0.0134522695320193,0.361856483202241,1.55,4.38,4.53,80.3,0.5,0.1,1.1,20
0.850630496587791,0.876947106638178,0.880715111701191,0.666002943423949,19.8062924910616,9.67955956889549,13.6576773641072,19.7622806210257,0.447469403085532,0.434006696489919,0.439297456161585,0.397532807463408,0.0291776075653965,0.38184514063485,1.55,4.38,4.53,80.3,0.5,0.1,1.1,20
0.614054367430136,0.593220277660899,0.783301705039106,0.56570368163269,8.4174293813156,7.03421624689363,14.46227565974,7.571940687811,0.355797254242282,0.405149408605834,0.360431778610172,0.420388250971399,0.0982610095282225,0.361694612952787,1.55,4.38,4.53,80.3,0.5,0.1,1.1,20
0.571035635149479,0.585349622616544,0.623887025571801,0.792551468047313,9.89288429515669,10.5708451729827,8.67354585142573,17.9510696165729,0.378540356145613,0.365439098121971,0.352340704030031,0.390960703048855,0.0468352575706644,0.436539850091049,1.55,4.38,4.53,80.3,0.5,0.1,1.1,20
0.758500383677706,0.833802709189989,0.63893152931165,0.564056120547093,19.5709722416848,13.2126287655765,12.8072087819641,9.87253403005423,0.392251639195252,0.442988798551494,0.417773009727895,0.361084954123152,0.098109079885087,0.394847185788304,1.55,4.38,4.53,80.3,0.5,0.1,1.1,20
0.635659596581571,0.616169129271247,0.592551828781515,0.50804727721028,19.05942453722,8.6606553910533,5.51232985675102,11.332980850609,0.384885622561071,0.38806838672068,0.424169364216691,0.355604498862242,0.0214016346681211,0.440194467497245,1.55,4.38,4.53,80.3,0.5,0.1,1.1,20
0.660483278576843,0.878606261300855,0.613869657758065,0.74899022662621,16.220052759673,18.9753082487755,14.9669347471581,19.4306723805284,0.425455315660406,0.380730543742934,0.392586413490307,0.441594351688866,0.0571185964671988,0.448566817744123,1.55,4.38,4.53,80.3,0.5,0.1,1.1,20
0.808028451293521,0.511415768211707,0.663053396913596,0.506478476982378,9.3016511196224,14.9193361309404,11.4622673303634,10.5810343706049,0.395048963012593,0.4277067133056,0.36721134338784,0.405109791905899,0.0991205129994871,0.444933630872844,1.55,4.38,4.53,80.3,0.5,0.1,1.1,20
0.562639540166408,0.548546554070152,0.88941098692473,0.584385267236084,17.4681305599562,11.4512579277041,13.2073556362442,17.6242362987041,0.351671312145051,0.408872768501844,0.423716187291965,0.365334334067442,0.0210724772613402,0.36248193460633,1.55,4.38,4.53,80.3,0.5,0.1,1.1,20
0.610814392572269,0.744512251685187,0.743666888041422,0.885408278100565,12.4336782739614,14.0286550283548,16.0783942647255,17.5504735226114,0.383263097746251,0.425459821663424,0.415004661438474,0.441778093462763,0.0686203465203382,0.414625321379723,1.55,4.38,4.53,80.3,0.5,0.1,1.1,20
0.535398041252792,0.728286297228374,0.559723516308703,0.635016585459188,5.55770000072895,18.8942404720304,9.37368763025384,17.8640219881292,0.416814430034068,0.446660927109513,0.416738374444982,0.377228261193959,0.0865698500360362,0.428367482136795,1.55,4.38,4.53,80.3,0.5,0.1,1.1,20
0.704319866549596,0.716729333068803,0.525098560099118,0.652991770612449,13.9415444641258,9.71924757026834,14.2378255670494,9.27743906009011,0.418586095618783,0.36480948977056,0.414990656102449,0.449958205780154,0.069684534663083,0.423364351719944,1.55,4.38,4.53,80.3,0.5,0.1,1.1,20
0.729897721153684,0.774279792420939,0.804036882453598,0.585682156627439,15.1274010122777,18.8254028288298,14.1247559515317,6.22105575906578,0.402309706622269,0.443144063626276,0.438267788866349,0.429247971170302,0.0229702606252953,0.430432422931353,1.55,4.38,4.53,80.3,0.5,0.1,1.1,20
0.756879052672349,0.857640878562629,0.773507996718772,0.645402721169964,6.506391728858,14.7183503685123,18.8499565245793,17.7670847770129,0.380423473829078,0.352646942762751,0.401392152687022,0.409604071920831,0.0942819807298062,0.395419208017131,1.55,4.38,4.53,80.3,0.5,0.1,1.1,20
0.885012997113727,0.719658327248134,0.884810146071762,0.770865045670047,12.3068028962286,7.88830816381844,16.5061059153033,6.481764225855,0.36943214561292,0.368993304629857,0.352016265134513,0.41653204502603,0.0772683079105103,0.394188492804859,1.55,4.38,4.53,80.3,0.5,0.1,1.1,20
0.510556040093117,0.695060859620571,0.793333054986224,0.804355748189241,11.5554574289476,8.63738032403169,15.0427165949577,11.7009176300536,0.361619832340395,0.376777849353943,0.383139471271541,0.445392868908774,0.0485967224188801,0.439355684230197,1.55,4.38,4.53,80.3,0.5,0.1,1.1,20
0.647107900499366,0.82646014646329,0.708870708373189,0.676044157159887,5.12232962131035,17.0309649865935,5.00087877697311,5.45749191836454,0.423575799881248,0.440543920866633,0.418679214050621,0.389576104210503,0.0635626602777978,0.362105061909184,1.55,4.38,4.53,80.3,0.5,0.1,1.1,20
0.547728616519645,0.629988412910327,0.71340160220135,0.842071758924797,5.87094065299956,17.6905933525087,17.1132447373425,11.3028266804758,0.392798896145402,0.43771329227942,0.402759186907625,0.371285138221644,0.0177513705781195,0.375931712394208,1.55,4.38,4.53,80.3,0.5,0.1,1.1,20
0.515722142022103,0.834812019514665,0.821693970320933,0.817505177021213,8.80379200699274,18.4919626066485,11.4238102684612,7.78948996328749,0.382938993679732,0.412620265530981,0.416592037045164,0.355819792657858,0.0807418592697801,0.380076282847766,1.55,4.38,4.53,80.3,0.5,0.1,1.1,20
0.828060303908214,0.813291755250469,0.877599973058701,0.663308770071156,7.47708697578171,15.6105520842667,10.5153198836884,8.49852774271043,0.381569246827811,0.387324386277283,0.396802848353284,0.366377674156893,0.022531277446365,0.375688973152451,1.55,4.38,4.53,80.3,0.5,0.1,1.1,20
0.671411334324256,0.884828722208552,0.883479222276248,0.520581590962969,13.151076294512,16.3096712207422,8.06152127552778,18.4241386832925,0.42902554104533,0.425624868368125,0.410458619646961,0.407959990180377,0.0242744821712934,0.419155897536641,1.55,4.38,4.53,80.3,0.5,0.1,1.1,20
0.630468983076699,0.516962662447616,0.512997192092985,0.689565225255117,12.2767210391769,10.9754543008376,15.8072546610236,19.8032935396908,0.449355169794336,0.43756377569898,0.377632745001139,0.43241501250118,0.018191094409842,0.405351080583874,1.55,4.38,4.53,80.3,0.5,0.1,1.1,20
0.695652922610007,0.565747003926337,0.708748584235646,0.639018239210919,16.4508061751863,19.5650469261967,6.6217865051725,8.29701833144296,0.357785038945498,0.370168486903701,0.443490151745267,0.36800398030635,0.0714115130445548,0.364318216825416,1.55,4.38,4.53,80.3,0.5,0.1,1.1,20
0.728261382346973,0.626414524243586,0.784517284327746,0.620641482374258,18.2665633444837,13.4037735129357,18.2954369676975,14.9230667903903,0.442505797385937,0.368183746408252,0.378715165142436,0.414613785910048,0.0419250632349448,0.372526946790004,1.55,4.38,4.53,80.3,0.5,0.1,1.1,20
0.850232524610497,0.679649418690242,0.611651091528125,0.888877174032666,9.70774501334876,12.613117043511,12.0067662897962,14.0636828562617,0.389208312380873,0.429979064791277,0.38558270634152,0.354698029666021,0.016304797311076,0.424221607800433,1.55,4.38,4.53,80.3,0.5,0.1,1.1,20
0.699646116628312,0.822278872617893,0.591848036320321,0.659952552865073,5.10889073149068,8.36370252177818,12.3069837035961,15.1019280476216,0.432650767886918,0.360436380480975,0.414403734275373,0.421438048680173,0.0985034169156151,0.359010010950267,1.55,4.38,4.53,80.3,0.5,0.1,1.1,20
0.622956538803317,0.665517732069269,0.887480723104254,0.893965387660638,15.0791743586282,17.8198257052572,19.7860532833054,16.6354903811612,0.410756301583443,0.394611610375391,0.357744980041171,0.410115412048763,0.0331535804615589,0.420077524946397,1.55,4.38,4.53,80.3,0.5,0.1,1.1,20
0.724320476425998,0.645402257836051,0.869130292731151,0.510998897250369,5.79299488022225,7.40975971862674,17.1899307498662,8.12612895060564,0.435801005784189,0.393794885534886,0.433930745135015,0.403272037639096,0.0678990265737241,0.373601987395063,1.55,4.38,4.53,80.3,0.5,0.1,1.1,20
0.692214956197515,0.569038488714211,0.544737757658213,0.502912072456069,19.8945301934332,8.81366555829765,16.2084002140095,19.8884920666157,0.42854523151312,0.411321299766237,0.430737834863178,0.428008868921734,0.055019361793953,0.413009241448529,1.55,4.38,4.53,80.3,0.5,0.1,1.1,20
0.617289247946441,0.607456877617538,0.627406864059158,0.61581853813529,17.5395344253862,9.50618930903962,12.332799655667,10.2273313734937,0.425163421601569,0.408543883750308,0.382189013441186,0.402258105710289,0.0663915134666069,0.449894565428561,1.55,4.38,4.53,80.3,0.5,0.1,1.1,20
0.74308807987757,0.882407422986068,0.524604036778957,0.693098696961068,19.1462026228802,15.5077829898079,14.1786369168363,7.25818160099909,0.357404072156455,0.418565001662727,0.443057532739546,0.412603980612708,0.0881740795303555,0.378405526675051,1.55,4.38,4.53,80.3,0.5,0.1,1.1,20
0.689192789670639,0.600861571574025,0.710737103643268,0.854416438158602,11.0086344431248,11.8320560428454,11.5818595370068,16.49937810231,0.364488842201838,0.418258329230221,0.359594881597348,0.381993356902199,0.0542423587562284,0.443717273376137,1.55,4.38,4.53,80.3,0.5,0.1,1.1,20
0.788711574093998,0.825161749348417,0.507682826967351,0.734902724236809,19.9305279647396,8.74058479848551,14.8163094570977,6.2427729846118,0.374052886281814,0.441039791183034,0.425216159466142,0.357814300021389,0.0683078712434927,0.438141084754514,1.55,4.38,4.53,80.3,0.5,0.1,1.1,20
0.725498035103083,0.804330751485191,0.667994007738121,0.642882745151036,15.9855914527737,8.57137187318876,6.34910511586582,8.61903321616119,0.44263749878821,0.380884286871599,0.410991928187991,0.366462293754006,0.0375224617460789,0.368364071833389,1.55,4.38,4.53,80.3,0.5,0.1,1.1,20
0.706813374679722,0.799127223639935,0.77894703325294,0.713655590041168,12.043796696912,16.8655059174751,13.9091091763601,12.1211055582459,0.4120943332572,0.368381684323633,0.374288166602794,0.445753494880907,0.0974671959595289,0.400637891858863,1.55,4.38,4.53,80.3,0.5,0.1,1.1,20
0.66398339957539,0.599594427728839,0.84091967187617,0.628812738413736,9.01361973604187,14.0630703075742,5.32544921694323,19.4799646109226,0.371657446667785,0.425943972915039,0.441581878457498,0.371653709347639,0.0211981478893757,0.433188648616755,1.55,4.38,4.53,80.3,0.5,0.1,1.1,20
0.842803682260215,0.779125706529617,0.522311192270741,0.702103199818172,11.2964755498758,11.2438262856565,16.8459289418929,10.7426868667384,0.417230460866727,0.363902182615409,0.43884142856556,0.393156008364866,0.0961565471198876,0.413892680008383,1.55,4.38,4.53,80.3,0.5,0.1,1.1,20
0.634328651043214,0.557745099186339,0.69182263277825,0.616057840795629,10.9960296404501,18.4526481200638,10.782074139535,7.22572088096058,0.423617834885232,0.414312038767245,0.415800837907102,0.389776787338872,0.0792975161478855,0.41361874422417,1.55,4.38,4.53,80.3,0.5,0.1,1.1,20
0.85202667406816,0.677187633060664,0.740452968185954,0.613663405630551,6.55450353811961,18.8555559352506,11.3944945588568,15.0363148181886,0.362225770307006,0.383097554226639,0.425459650381142,0.353292695936328,0.0456477097176621,0.448869785184925,1.55,4.38,4.53,80.3,0.5,0.1,1.1,20
0.653622144464962,0.84738560163565,0.59912661037799,0.796676050100848,14.9898952028458,7.00205342585454,9.09332292602863,16.3520926014544,0.43221051120609,0.41036154680918,0.350666504897457,0.434063935457496,0.0184645689882431,0.378037170261005,1.55,4.38,4.53,80.3,0.5,0.1,1.1,20
0.656872589275613,0.553467776747048,0.664767459585145,0.695694310415536,18.1717886021989,14.3956739062816,15.3840362378513,11.8679680213914,0.409223527884809,0.364408864150848,0.446918432136159,0.424933518816903,0.0479029332364025,0.410852219506493,1.55,4.38,4.53,80.3,0.5,0.1,1.1,20
0.781037027903646,0.574302613805234,0.84783257796336,0.741125990724564,11.1858754624496,5.07210222672904,15.9696972736623,9.67701839666814,0.373474354797136,0.4215823678507,0.443397733910428,0.43655179855898,0.0602000140762516,0.398224670491554,1.55,4.38,4.53,80.3,0.5,0.1,1.1,20
0.720287058633193,0.54954167447947,0.728971065328829,0.67155419362206,17.2997738725273,19.4401655604877,10.7104041214869,18.6442131041689,0.367938974504173,0.431970131234406,0.350099572653417,0.408954914636398,0.0566130464822613,0.416184371835971,1.55,4.38,4.53,80.3,0.5,0.1,1.1,20
0.899329195071198,0.787014081813395,0.832984525834769,0.56876011850182,5.4018467959133,11.984821557696,16.4464016812691,18.0113487649756,0.388068765134737,0.423340659637097,0.368764578016941,0.357319555478822,0.0590465143837221,0.4084344245994,1.55,4.38,4.53,80.3,0.5,0.1,1.1,20
0.760996737418883,0.853481042310782,0.618608197041228,0.858997004635632,13.1795545098046,8.46415739411023,14.8695246148924,13.4087864994188,0.350018089222489,0.354856599698076,0.390334848363325,0.40463611992388,0.0935277083672537,0.432035260414518,1.55,4.38,4.53,80.3,0.5,0.1,1.1,20
0.679166312905774,0.822490000421554,0.776829417386279,0.867712939858437,9.47686109684175,5.82930893959943,19.0326350246579,11.7358232099563,0.361446277368627,0.358307586989086,0.441840027840762,0.428647818043921,0.0255871297119977,0.439121130600758,1.55,4.38,4.53,80.3,0.5,0.1,1.1,20
0.833937948505953,0.757770889235102,0.63790981946867,0.754485612157546,11.7175897619012,7.49922629483976,13.3288653801382,11.6431344142393,0.430661565893563,0.359284290891979,0.419686004429543,0.379923158839671,0.0280924718809547,0.430266819350515,1.55,4.38,4.53,80.3,0.5,0.1,1.1,20
0.613121226715483,0.78253952602502,0.745780657825805,0.682845170898177,18.4557645835378,11.7447835832811,10.5261427687737,5.31582484416198,0.356142144131288,0.398317194241006,0.35903610575567,0.364617134514032,0.0653900668168487,0.39854852575222,1.55,4.38,4.53,80.3,0.5,0.1,1.1,20
0.553260005519725,0.828943186054006,0.665601451096125,0.775073679106124,19.5204606524459,8.27580821698299,13.8729501813394,11.5487444734015,0.365978114536777,0.368738733916078,0.397829251577985,0.384179296860378,0.0599993392625312,0.397321699517872,1.55,4.38,4.53,80.3,0.5,0.1,1.1,20
0.73494999759607,0.559625057297386,0.590535169870034,0.678972697920166,19.5805578464246,16.98527322012,9.5240448356187,8.33716193550732,0.400761217326252,0.383781613537436,0.37997149648997,0.427264805646939,0.0403553984137531,0.401603295902768,1.55,4.38,4.53,80.3,0.5,0.1,1.1,20
0.84044046074301,0.507544745482691,0.576587440257706,0.737414935764857,18.4818470210652,10.8656860593054,13.4366822871263,18.5773990128865,0.422451431691088,0.357272007259261,0.396353686924977,0.386182474950887,0.0567212000066834,0.411266752504045,1.55,4.38,4.53,80.3,0.5,0.1,1.1,20
0.765784730241075,0.566764746224508,0.60363378285598,0.824374401107803,15.7556431962084,10.6240164786507,17.7126791542117,5.49540926663671,0.361049199919216,0.36618847489492,0.369447242589016,0.388511416682834,0.0692565917396825,0.418198417042987,1.55,4.38,4.53,80.3,0.5,0.1,1.1,20
0.864287251447886,0.725516654536314,0.661428658523038,0.674222378378548,16.052138851441,6.02387771399692,11.9109285915783,17.1432283809246,0.447110223499453,0.443379130649939,0.419324400177924,0.401667863019556,0.0649786397057632,0.425711242489424,1.55,4.38,4.53,80.3,0.5,0.1,1.1,20
0.648980587252043,0.868625953996368,0.687905813228525,0.525345576320589,10.8065492373961,5.95019994608359,19.7468367334898,14.8876726842043,0.418137613538699,0.410571656452119,0.419037567218672,0.376540817811852,0.0743527662637457,0.380963520040875,1.55,4.38,4.53,80.3,0.5,0.1,1.1,20
0.806971484803595,0.682845259395428,0.897136352773942,0.813344830603525,5.36580059656175,9.49707544952398,6.05991454599192,19.1787936432078,0.353595004557492,0.44598053275249,0.437073362718057,0.447584772289125,0.0501762792489212,0.416665585370548,1.55,4.38,4.53,80.3,0.5,0.1,1.1,20
0.604069218586944,0.824716280428507,0.711802279670723,0.797338902297244,7.9244562895922,5.34361680943985,11.092425000607,11.0700121234986,0.359771430730168,0.43352570513282,0.439056326546101,0.414863319806289,0.0979613351882389,0.421607254042244,1.55,4.38,4.53,80.3,0.5,0.1,1.1,20
0.65283075436838,0.817623080797121,0.764588569069095,0.589205452069827,8.76793922882294,7.70011670985026,9.34044116022065,14.698774275796,0.39072645641556,0.391387222900707,0.434966704115272,0.417890501083806,0.0782593522798456,0.361150802787021,1.55,4.38,4.53,80.3,0.5,0.1,1.1,20
0.74744813712351,0.614141591719538,0.558249158053845,0.879271909186058,17.1709883360146,11.9122548534954,18.5391065812926,17.3476690678252,0.403259434446134,0.410626822331036,0.354491285747755,0.400189319306985,0.0904344494249905,0.442692958952952,1.55,4.38,4.53,80.3,0.5,0.1,1.1,20
0.770343430311605,0.668294300857186,0.509839264250919,0.619832594485581,15.0991055908706,9.94549713793211,18.0241801159782,13.6267157592624,0.446895566787617,0.41578174207015,0.421752098369971,0.44021849177694,0.0201310306997877,0.361400085580908,1.55,4.38,4.53,80.3,0.5,0.1,1.1,20
0.544147137257457,0.692442723588459,0.670111228321865,0.86354573188927,8.93547849360854,16.4471317624277,13.2841335214255,18.9987962541427,0.373232034776593,0.377067039359594,0.373883804486506,0.398107365009561,0.0963332063494762,0.412932224818599,1.55,4.38,4.53,80.3,0.5,0.1,1.1,20
0.880902248584852,0.683600794920139,0.633524958393909,0.720941064701229,6.8069982234505,14.9353229481727,11.0276760512264,12.8250306503545,0.415984627370909,0.393441623602435,0.424215413636575,0.394752416440425,0.049894258743939,0.384731828533066,1.55,4.38,4.53,80.3,0.5,0.1,1.1,20
0.694921263513155,0.539241499361955,0.69023102032505,0.679392958715372,14.9553724205354,8.69906566085527,14.3994087148365,6.44941780376015,0.419552347255591,0.434863583828649,0.360628828419233,0.414497420423292,0.0275635911228042,0.41223817698746,1.55,4.38,4.53,80.3,0.5,0.1,1.1,20
0.706276877846383,0.733775946108624,0.509173538859002,0.841271625125222,16.2675180608407,7.20841913355049,8.28331776550738,5.39749942258466,0.398556289448868,0.387837153657014,0.397799669118132,0.4122613445797,0.0896702520128805,0.442192793895956,1.55,4.38,4.53,80.3,0.5,0.1,1.1,20
0.723260701262206,0.522528724611737,0.644873673987016,0.580546638824977,14.1756852440862,11.4984695559437,5.91697328143986,9.18939818397164,0.374475631340174,0.440938448805921,0.394860044986894,0.381136361276032,0.0679657463453571,0.362322593169706,1.55,4.38,4.53,80.3,0.5,0.1,1.1,20
0.561952003806643,0.579176085953042,0.587222428346239,0.89061127520781,17.0371485612728,6.74245991300792,7.76843486188678,17.485066056489,0.353341027279245,0.373744237407204,0.445835764001962,0.396593048576033,0.0530156995418249,0.389687328432826,1.55,4.38,4.53,80.3,0.5,0.1,1.1,20
0.883855159769207,0.650414915718883,0.895250784191862,0.685712316199951,13.9315378378634,5.55419145189924,17.3786202579108,12.5344272119063,0.374278364505665,0.397685659735277,0.435959211760899,0.369215844393847,0.051878281893679,0.354787754774839,1.55,4.38,4.53,80.3,0.5,0.1,1.1,20
0.616067584582232,0.652749093958736,0.630886382431537,0.891580967980251,7.10078723393381,6.29915353885852,9.5484125304129,12.5067948756367,0.434542990482273,0.41785858861031,0.416344567286037,0.415763768854411,0.0537455118140485,0.441808834507177,1.55,4.38,4.53,80.3,0.5,0.1,1.1,20
0.511683634360693,0.675387665328756,0.739929800228588,0.549008602602035,17.098313507135,15.3469698684244,19.585609229058,18.2205699328939,0.422316500464827,0.394065262442827,0.440730425456259,0.372927056576731,0.0533437450333266,0.404565360691771,1.55,4.38,4.53,80.3,0.5,0.1,1.1,20
0.626788935816847,0.807873099863716,0.754961195315234,0.764621150963567,16.8381722106738,9.60436973795528,13.0167215544637,7.31884141399525,0.43838350892514,0.430496890593926,0.388895372314006,0.363150882203598,0.0784065701304516,0.396769407486729,1.55,4.38,4.53,80.3,0.5,0.1,1.1,20
0.592574855547771,0.67344904979188,0.751367577019334,0.752921558828838,18.3684385128878,16.7547184083751,15.4770621562842,16.6994861792703,0.412410429862747,0.376159741558926,0.43466882437868,0.368240027817525,0.0807308159493655,0.420817539028777,1.55,4.38,4.53,80.3,0.5,0.1,1.1,20
0.584876011979766,0.696232201363705,0.69600012497697,0.558064695838466,12.5858045656397,6.17312324717175,19.0452964189462,5.85716540334979,0.412948851929745,0.364147309190268,0.411573494905373,0.420987724311976,0.0813431896997942,0.434315916345781,1.55,4.38,4.53,80.3,0.5,0.1,1.1,20
0.610302490244061,0.746842443448678,0.585105306462385,0.661466733437032,6.22493557117879,11.4001425441098,8.96534779204288,7.30242572552525,0.379375144219259,0.397893842936913,0.40419527138602,0.380003067961149,0.0659326498764148,0.366942884359742,1.55,4.38,4.53,80.3,0.5,0.1,1.1,20
0.853833428145759,0.797766566530429,0.80177751602307,0.689824893127009,11.4813529509655,14.85734610104,9.26319071748294,19.3403644601675,0.420118190945033,0.370708052586764,0.381386348266201,0.411550555231376,0.0232837268567924,0.389178377219755,1.55,4.38,4.53,80.3,0.5,0.1,1.1,20
0.563906998706795,0.608239173397049,0.532446109355055,0.717033450252004,6.33778823142871,19.1963276622072,7.00750781200593,19.1250675670221,0.433211418711208,0.432690701056551,0.381153780901758,0.407763753570104,0.0268332266503805,0.383353703366593,1.55,4.38,4.53,80.3,0.5,0.1,1.1,20
0.82921976561863,0.651984317340888,0.504146573023498,0.808422398970835,8.2999995783763,9.19704996727407,14.4296939639933,15.4946030970872,0.423202443466568,0.422132256831229,0.374162367284298,0.374505391692417,0.0800564304684289,0.370476444558706,1.55,4.38,4.53,80.3,0.5,0.1,1.1,20
0.83190225362312,0.841969401557185,0.761632348844968,0.698750706607476,8.44357255812269,12.3487473151274,18.1941182869836,14.1146206474025,0.355508046231885,0.419518655791134,0.404669478432275,0.363630428167665,0.0597017744744895,0.421326223570574,1.55,4.38,4.53,80.3,0.5,0.1,1.1,20
0.87240178836491,0.758590921065398,0.606687494749017,0.594416225458868,11.6385526508582,14.3763763201097,19.4818449776527,8.32708245005459,0.376609142590826,0.358166026910488,0.387081660307711,0.417231713254331,0.0873376853719028,0.382062631239742,1.55,4.38,4.53,80.3,0.5,0.1,1.1,20
0.762404087117873,0.705090667694248,0.886064115839638,0.526974160103127,7.62809361645952,17.9307074164227,8.00302472767187,15.9590951580368,0.419842619133973,0.444047638073331,0.383370059414487,0.354892288290523,0.039518416014635,0.377359629766177,1.55,4.38,4.53,80.3,0.5,0.1,1.1,20
0.740847609198839,0.674742760706693,0.840049165612087,0.87231288232524,18.9099419073574,16.4797793397587,11.3064325698977,10.3755827758554,0.443069902922586,0.370989157412807,0.404966120937979,0.381553731220029,0.0365518128918298,0.406375250666915,1.55,4.38,4.53,80.3,0.5,0.1,1.1,20
0.59669353768453,0.702808021114208,0.721378621510975,0.887613383010775,18.2582063533692,5.29854702276178,7.43713382110931,13.0308557567978,0.387652198411571,0.427823764283909,0.444979355134256,0.391256045671506,0.0528102215574496,0.391952377766743,1.55,4.38,4.53,80.3,0.5,0.1,1.1,20
0.636854285457358,0.865493549822085,0.810166341503337,0.554116300653853,13.983439683537,14.5694024246605,7.30804666334065,16.2529838713282,0.402744028765941,0.436509814952035,0.433220679316437,0.404128787710005,0.0997797258311277,0.385255385664292,1.55,4.38,4.53,80.3,0.5,0.1,1.1,20
0.538926489532367,0.571899413017742,0.680702036478371,0.546820486877859,11.3348018809105,13.2487426805287,16.6483157503558,11.2756841811677,0.437179931112984,0.3729418312605,0.399166194610437,0.352582115973486,0.0353459602897428,0.353046973477956,1.55,4.38,4.53,80.3,0.5,0.1,1.1,20
0.670370024052076,0.688338369493745,0.798786686213315,0.881714746601135,12.9649051028304,19.5923360501509,16.9525083099538,19.5994326244085,0.361930585523276,0.352811365497392,0.421856217832025,0.360870057582483,0.0303356110664783,0.376380234626075,1.55,4.38,4.53,80.3,0.5,0.1,1.1,20
0.869376318569295,0.893910498631746,0.786272909982316,0.691564351904206,18.4173926069844,14.2583899253211,6.2281436646753,5.90292694816133,0.36135598795577,0.40640694248979,0.410743344700104,0.422639704151498,0.0264647709667636,0.386011329248361,1.55,4.38,4.53,80.3,0.5,0.1,1.1,20
0.595740844164416,0.780780068917014,0.724365181177296,0.524599735240638,5.70962037571473,5.89529671885306,16.5553435868211,11.0228323604399,0.387931662327657,0.438859703864949,0.354961769614648,0.358678817646578,0.0988218313795095,0.447971453431714,1.55,4.38,4.53,80.3,0.5,0.1,1.1,20
0.65051247528512,0.590672752700187,0.858280456412025,0.808890012711845,17.7761101837293,9.57280446048128,13.4901547315321,7.02943037051475,0.442884747243905,0.361406190355774,0.416957286854787,0.424543070081435,0.0659954602849903,0.424625966842053,1.55,4.38,4.53,80.3,0.5,0.1,1.1,20
0.558020360027812,0.840149915531091,0.748629552964494,0.583208291333355,8.65965776282828,11.5439021302573,8.21527274241671,18.7728905993537,0.3672753008903,0.359595190381724,0.445223297915235,0.425953939365596,0.0208776805331092,0.433456015391415,1.55,4.38,4.53,80.3,0.5,0.1,1.1,20
0.693148711077869,0.662159832935222,0.583076706767082,0.626713277528063,17.804273151746,19.3079357994068,13.6902990405192,15.1910162690701,0.437909247280611,0.38661926466641,0.440304754959978,0.397217843262618,0.0623860935167456,0.445646559422836,1.55,4.38,4.53,80.3,0.5,0.1,1.1,20
0.825463726221584,0.591687809154391,0.587025689487718,0.784706090768799,17.3381965368032,8.05865941874683,17.0381586293527,17.1925362934824,0.424628031778708,0.350960547537915,0.404449690215942,0.352951281209942,0.0194979299901845,0.426258064683201,1.55,4.38,4.53,80.3,0.5,0.1,1.1,20
0.797478687244281,0.747254036668502,0.758999119574204,0.595889700129628,17.4212462933641,18.7184984841291,18.8176141977776,16.1372400530707,0.407078059480805,0.419616683066636,0.446738843242126,0.356409089088067,0.0616158373935334,0.430720794017613,1.55,4.38,4.53,80.3,0.5,0.1,1.1,20
0.572844254765101,0.771570927961357,0.838065187157691,0.523120591852814,19.1972489051358,12.7521383487014,17.945854097493,18.8134350594436,0.403451092117932,0.422834669021843,0.403288243440446,0.415435382360406,0.0940831689270865,0.432662910390785,1.55,4.38,4.53,80.3,0.5,0.1,1.1,20
0.687488221801072,0.85876574369818,0.635063169177435,0.53619355956018,19.6958301265538,18.3070689604315,14.2548638905422,19.9874266687175,0.401019114136556,0.422334012783039,0.436182204979984,0.413356608569017,0.0295344154245686,0.411050993188051,1.55,4.38,4.53,80.3,0.5,0.1,1.1,20
0.583003940070048,0.573048103880324,0.679319856216572,0.668322439688817,17.3954601594317,14.3139149489999,16.7614302844717,16.2303442390193,0.427668216900434,0.362053282558126,0.395532361480035,0.360502494464675,0.0580848383185547,0.370754715882288,1.55,4.38,4.53,80.3,0.5,0.1,1.1,20
0.845734145203233,0.637132962747477,0.620054879537784,0.680035616781376,15.4157901780307,19.8566730776289,19.6503805756802,18.5188184937695,0.404428966744663,0.360009843049012,0.42016892593042,0.399599552645208,0.0250335892534396,0.369593493956514,1.55,4.38,4.53,80.3,0.5,0.1,1.1,20
0.520784717473202,0.79111621870324,0.86549578658361,0.743963283661939,14.3876350282435,17.7934724216023,5.19167324343929,5.54341968898429,0.427243294031452,0.443813743245648,0.398708210986527,0.403050910744024,0.0611713950250764,0.35809995261482,1.55,4.38,4.53,80.3,0.5,0.1,1.1,20
0.752167878775671,0.541445564168133,0.728553619395569,0.731264778800868,15.4769511267799,18.6380928280507,18.9463153256755,10.9858569601295,0.368838192037353,0.380423415081343,0.40285508671375,0.430767027087184,0.0358413586173533,0.374212055551633,1.55,4.38,4.53,80.3,0.5,0.1,1.1,20
0.536063509564661,0.567810223609023,0.852541810449213,0.860695704014599,8.22681184530025,11.7906587927975,5.24045534039382,10.5683159880643,0.359120651777368,0.448870307339961,0.399247385810688,0.351464429724915,0.0296625681778369,0.382697773731034,1.55,4.38,4.53,80.3,0.5,0.1,1.1,20
0.501106782727875,0.879657035125978,0.53543406209182,0.812172938508354,11.9666827701125,19.6754588476429,12.5712269150163,17.3092816627095,0.365297203929909,0.448282474551955,0.384896046568872,0.424657829094818,0.0449664616203494,0.357904472024087,1.55,4.38,4.53,80.3,0.5,0.1,1.1,20
0.830227196327783,0.646168206563033,0.581379138190299,0.76947535260506,19.8591023598239,15.2461086796341,17.5779202923737,14.4261267014965,0.392167217963561,0.401980705722608,0.384020576147363,0.392147079201834,0.0848729798719054,0.380459434099635,1.55,4.38,4.53,80.3,0.5,0.1,1.1,20
0.506640696302988,0.560058424363658,0.721635270496272,0.56900673352927,7.01130275230622,17.8530061666225,19.1053938404657,12.7568186704675,0.434219414792396,0.351026169882948,0.442922109097336,0.417126725716935,0.0125407194401464,0.38741234264411,1.55,4.38,4.53,80.3,0.5,0.1,1.1,20
0.668424877925031,0.587299979459122,0.503336784272269,0.830666282761842,19.4678197410936,5.90264454861404,18.3477538011805,8.94465846204665,0.365589132261276,0.431498260098137,0.367111061983882,0.448152221183619,0.0354374790923577,0.429191824467853,1.55,4.38,4.53,80.3,0.5,0.1,1.1,20
0.715080758958496,0.531770786091313,0.512084849862568,0.646169662940316,16.5047681605676,17.4906233746326,10.207382287553,8.98025890036021,0.380196008083085,0.392448210337525,0.447083785078488,0.376067084152671,0.0810632230296871,0.449289304317161,1.55,4.38,4.53,80.3,0.5,0.1,1.1,20
0.565470957509242,0.738369562727586,0.688904803566635,0.610651930933632,18.3006867763121,17.5807859508786,6.72810814343626,10.8123084398592,0.449707229033299,0.430627792959334,0.350547447327524,0.443892804596294,0.0860368413370056,0.405036354064196,1.55,4.38,4.53,80.3,0.5,0.1,1.1,20
0.759855529560335,0.543337877891958,0.855970480169356,0.864064783727937,5.42945753714535,18.2234080066532,6.79604117802111,10.4203544896306,0.44469745061039,0.430330140232202,0.431448005316779,0.40386680540042,0.0957824035717454,0.354292596540088,1.55,4.38,4.53,80.3,0.5,0.1,1.1,20
0.867769498547539,0.848416684959456,0.794820849180035,0.633583786097355,9.66416572581977,8.02271161857294,16.0603529010853,14.5367848329456,0.382076843980933,0.409047789739259,0.40245386303789,0.431004339396069,0.0713080174619518,0.436231942755496,1.55,4.38,4.53,80.3,0.5,0.1,1.1,20
0.890242852402665,0.757427672264911,0.872478618473932,0.546185960796848,15.4626782517391,13.6167083900073,11.8105906436942,5.88151016904274,0.393145782680064,0.431612737950543,0.369940482995519,0.425237812311063,0.0698012239223626,0.431648838136625,1.55,4.38,4.53,80.3,0.5,0.1,1.1,20
0.832914224746078,0.861567048080266,0.754170009949617,0.648190059725195,6.65596780899214,17.218487180057,18.2461480273679,10.0191024909238,0.384675371964602,0.446484426543489,0.401129884593701,0.414288324155798,0.0531038937689131,0.400458400111785,1.55,4.38,4.53,80.3,0.5,0.1,1.1,20
0.536991770023108,0.821338143265247,0.626359063578583,0.683342754206248,18.1404600298172,16.1732082337514,6.88713355641114,15.1229766876576,0.393832455511112,0.350708982010139,0.437381022692518,0.371004087775573,0.0113292854766781,0.39638912760783,1.55,4.38,4.53,80.3,0.5,0.1,1.1,20
0.627473812726326,0.740707614950836,0.519133401684463,0.518773387952149,6.9256102273427,19.7890600440395,11.6567331326613,18.243143097905,0.399182911106851,0.406192928507505,0.363063340627449,0.391595252433093,0.0548547558776243,0.365976452294132,1.55,4.38,4.53,80.3,0.5,0.1,1.1,20
0.783524315853045,0.542689805907197,0.505425735559315,0.687999054965191,5.99957278351532,17.0814815837191,14.9918773745513,18.1778627266712,0.362944755458226,0.421779447162477,0.431041133899475,0.350867188015813,0.0192600962686399,0.420605629544985,1.55,4.38,4.53,80.3,0.5,0.1,1.1,20
0.781748880540393,0.769037263677828,0.560629989169538,0.816355140099675,10.2108275534818,5.47509831011761,17.7697491503018,15.877902559198,0.36330404519788,0.420884645409789,0.408311347587593,0.370853609929793,0.0607885532283317,0.388080960627552,1.55,4.38,4.53,80.3,0.5,0.1,1.1,20
0.566051372938603,0.619043326007202,0.552209723472223,0.561378493885137,18.3439481621771,9.84620864017867,9.3152239977126,13.650183836103,0.396846079101833,0.388922159778746,0.401544899937091,0.444234863341274,0.0176505182347586,0.396188581607398,1.55,4.38,4.53,80.3,0.5,0.1,1.1,20
0.513161368156597,0.509039055717178,0.622957039885968,0.727639420820773,12.1908429563744,17.2585880780523,7.15143612553598,7.81271867776988,0.405781185600162,0.417215264888294,0.418338418329181,0.386666342298267,0.0711531492897775,0.385125793626346,1.55,4.38,4.53,80.3,0.5,0.1,1.1,20
0.537671646672115,0.642592452299409,0.784888448094949,0.652508784615248,7.66332557928981,18.1964553144108,13.0009725072375,18.8936129943491,0.368672325481474,0.353663447343931,0.412587103303475,0.42053929154803,0.0804808507110272,0.409704696586542,1.55,4.38,4.53,80.3,0.5,0.1,1.1,20
0.821741528741084,0.751912020340562,0.817310040597059,0.772543254221231,11.3202506970195,5.00334536270937,14.5977538771415,10.7890693998011,0.409463414851949,0.355999449493084,0.358380898504797,0.363283353664074,0.0816025417322945,0.426195384303806,1.55,4.38,4.53,80.3,0.5,0.1,1.1,20
0.708487227582745,0.869990954086185,0.767161596576869,0.79281499205064,14.5968987686792,9.54984820233192,14.3685647849482,13.8336818163516,0.376460893617477,0.390630621498451,0.351428560866695,0.402029367686529,0.0146804141177749,0.430033148026699,1.55,4.38,4.53,80.3,0.5,0.1,1.1,20
0.519806627432071,0.791753980192728,0.828701858383231,0.844587728757039,16.8741722269822,5.10487769529224,12.9769520993973,5.28803196555702,0.437333731508488,0.360907676841365,0.376585501129739,0.422824286542879,0.058452559870081,0.41333604736831,1.55,4.38,4.53,80.3,0.5,0.1,1.1,20
0.520933928004652,0.888997031662986,0.797164685481042,0.823085673158989,11.9299698475492,19.6295327482815,10.8810697286366,13.7960157701932,0.447785706550302,0.365848782888707,0.35352728013685,0.414183681796119,0.0392030982675403,0.381249580324767,1.55,4.38,4.53,80.3,0.5,0.1,1.1,20
0.659884175544232,0.810433459514938,0.548945887437649,0.728131131945178,8.49448889286257,11.4388267111848,6.97887687787879,19.6855621482618,0.431768383483589,0.449265736786043,0.373517361883493,0.419269619181892,0.010837618511389,0.378736552518327,1.55,4.38,4.53,80.3,0.5,0.1,1.1,20
0.859299837190285,0.699791946818121,0.660224182216823,0.576876343259029,16.0348150870833,12.4543627429707,6.44179592536297,11.6614183328208,0.440782300110022,0.403918316179747,0.439404180314532,0.438581449736562,0.0832351132481266,0.400055270493729,1.55,4.38,4.53,80.3,0.5,0.1,1.1,20
0.85578300541807,0.84661145221591,0.573479339718819,0.687006308791414,13.5539551912528,14.4237783348979,14.7130729213473,18.0759454097622,0.387570978255617,0.361227878090087,0.390771165582771,0.377504293665336,0.0794108195761032,0.410587295503495,1.55,4.38,4.53,80.3,0.5,0.1,1.1,20
0.857525700862333,0.806607574138232,0.647465328419767,0.613417658423632,11.4221276462427,19.969737660219,9.04995395019418,6.93750068090856,0.391975425592577,0.436770223755389,0.430101870863652,0.369767657110095,0.0542946535554761,0.446930630176142,1.55,4.38,4.53,80.3,0.5,0.1,1.1,20
0.600452372744679,0.623722547358088,0.788943968007341,0.573811710401811,12.1518589870771,5.13067111651413,15.7550261105783,15.6315478735114,0.408859354709461,0.38380079427287,0.40611530184485,0.380558463308774,0.0735394703632128,0.369146537760738,1.55,4.38,4.53,80.3,0.5,0.1,1.1,20
0.662742552239634,0.739847291278094,0.549753892503493,0.596953568835184,10.2836680584587,10.3430241166661,18.7652898890898,19.030801690002,0.383576092820894,0.354097949764319,0.355654339731066,0.435411033578822,0.0759877112588752,0.403178847448435,1.55,4.38,4.53,80.3,0.5,0.1,1.1,20
0.892934212709405,0.50197738889046,0.816409367829561,0.539152933267132,8.02433948021848,9.31188474972034,5.47927916987101,18.0303794137528,0.419786342351558,0.448168516508397,0.440183249301557,0.386418996044248,0.0459658405419765,0.446207296737842,1.55,4.38,4.53,80.3,0.5,0.1,1.1,20
0.59426226224415,0.852142122625932,0.686924662462249,0.570378369145654,7.18279603398405,5.79165640306426,7.21589489198988,13.4993331524963,0.356996537580667,0.444544597068755,0.395119197533792,0.428404307295848,0.0139437353322189,0.43296176521373,1.55,4.38,4.53,80.3,0.5,0.1,1.1,20
0.508928885802999,0.767271645930968,0.892459716287069,0.721617829635367,10.9162303767749,18.2535117398156,8.74712658693548,17.179638008303,0.351181358715333,0.362582616286632,0.355364080118434,0.38064021761599,0.0535853292809474,0.401898608621908,1.55,4.38,4.53,80.3,0.5,0.1,1.1,20
0.701303219574876,0.717046932286769,0.87412426658459,0.782876362247393,16.9916806515167,17.3703120632889,7.63792038311716,14.580710115477,0.441134412931744,0.435684003001638,0.438573756009294,0.362305690070009,0.0945309558663936,0.434016463509388,1.55,4.38,4.53,80.3,0.5,0.1,1.1,20
0.574439344054461,0.819760515830852,0.543911379017867,0.514984403344616,14.8775669572619,5.99518277498661,8.60957217174815,5.7158303508535,0.408176894637849,0.390320051043294,0.367803012277931,0.357513538608747,0.028811904539559,0.437833939534565,1.55,4.38,4.53,80.3,0.5,0.1,1.1,20
0.621414299824648,0.657280980845727,0.604737484015152,0.873137170683406,14.2514137123851,19.1313751883782,15.5905714405794,14.219052062789,0.37065723231025,0.431372544129845,0.38586162801804,0.436921976694791,0.0720015900398325,0.42403875017548,1.55,4.38,4.53,80.3,0.5,0.1,1.1,20
0.597959301478416,0.669898720540479,0.656346342564561,0.876265271730162,10.3806730367593,13.8884709435143,5.44602525464725,11.8889408431738,0.39498733802326,0.365097945111757,0.423240423169779,0.41956977206762,0.0837741776431632,0.407295169445034,1.55,4.38,4.53,80.3,0.5,0.1,1.1,20
0.774563028129377,0.887646597840264,0.821099342348799,0.80503101821281,19.7479795834469,13.6055470410804,9.75179870486259,8.76147219383856,0.401461851657461,0.35256867996105,0.414390603344608,0.417631408373686,0.0259137300804537,0.426462201282336,1.55,4.38,4.53,80.3,0.5,0.1,1.1,20
0.717295176857896,0.890773486302234,0.556462120719627,0.736664582587034,19.3494609307544,7.95404544357443,5.29610786731355,10.0736883756262,0.407230333942082,0.421182393283024,0.359772005656036,0.399910451212619,0.0508085422621109,0.417673333110893,1.55,4.38,4.53,80.3,0.5,0.1,1.1,20
0.599666574208625,0.570781504667364,0.642467444837839,0.856550990066119,5.74505937339738,7.68508869178826,9.57446577215102,10.8812026885455,0.446343905020505,0.372598052606639,0.372287941601221,0.367433758358052,0.0990942386252619,0.352016951001994,1.55,4.38,4.53,80.3,0.5,0.1,1.1,20
0.893809189730138,0.586083200572804,0.824868029252067,0.777394986857288,14.5123508047336,7.93694254926639,16.8809732935554,16.6654065134167,0.403056888605515,0.371180993812811,0.352899788474292,0.394071054670028,0.0289757230262086,0.412676059007412,1.55,4.38,4.53,80.3,0.5,0.1,1.1,20
0.580920431274921,0.612162639076263,0.853522358954698,0.639368861638568,7.49218637285987,14.7658285831125,9.15490522640059,8.64506267146906,0.384112755558733,0.363036115157371,0.449088844872452,0.401156223579729,0.0779968610092346,0.379995470955595,1.55,4.38,4.53,80.3,0.5,0.1,1.1,20
0.754866811815277,0.876789532446116,0.688132528777979,0.815591106178425,16.7554771135235,9.05948852131143,13.0604531802051,7.59689243178116,0.363622657905938,0.410882363433018,0.368817181843845,0.390367361193895,0.0234448014812544,0.410388594476134,1.55,4.38,4.53,80.3,0.5,0.1,1.1,20
0.790075610109978,0.604736630263366,0.697881984958611,0.697511543221213,15.3857218600018,14.726219577475,15.0858036901895,15.3101796230418,0.380766539749876,0.416780217198283,0.406456967886491,0.433409137499472,0.0445736615651148,0.409031793740299,1.55,4.38,4.53,80.3,0.5,0.1,1.1,20
0.693739222397655,0.505668997154012,0.677014082393609,0.637858081569523,18.8073721132451,15.6376504925429,8.8347127653216,13.2254743269645,0.357215715240408,0.378751578958798,0.361851881168177,0.370350644887937,0.0505088753984077,0.408885356651619,1.55,4.38,4.53,80.3,0.5,0.1,1.1,20
0.768405281441473,0.643244505411387,0.510907808267512,0.744590065299906,6.48909645158565,19.2241525673936,17.3398689610674,13.7263812125823,0.38832426214451,0.392833833708894,0.399697406384349,0.411829328031279,0.0390236480402155,0.353665047670016,1.55,4.38,4.53,80.3,0.5,0.1,1.1,20
0.641946364254691,0.881524916944653,0.666973162803426,0.786864629503526,9.06788900116226,11.8796661610599,10.2545533139305,17.6390695942729,0.397485393232992,0.370333937595924,0.409855692050653,0.378580045636511,0.0513083258191543,0.416350324715767,1.55,4.38,4.53,80.3,0.5,0.1,1.1,20
0.852942746553384,0.794658730103076,0.886431457669288,0.828636313516647,17.8846200322988,7.14740683302749,11.5114644306269,6.59020557486452,0.383987384952698,0.436088231330412,0.40208898387691,0.382628417986957,0.0905920530861244,0.38399548964696,1.55,4.38,4.53,80.3,0.5,0.1,1.1,20
0.517165822282247,0.711537290057354,0.737926791460253,0.626322051037103,12.4438650462031,16.2624787347368,17.799574086389,15.4644841266656,0.370314882013435,0.434746320934827,0.355842942178762,0.427794845307851,0.094628301240704,0.434919906125776,1.55,4.38,4.53,80.3,0.5,0.1,1.1,20
0.647589466968365,0.575137546805665,0.605343073438294,0.814521176285297,13.4157427580329,13.9184154516901,14.3327969262912,16.3232521640044,0.442329642568901,0.400531241998682,0.372488798958994,0.446029091597162,0.0179945176625578,0.360611724256678,1.55,4.38,4.53,80.3,0.5,0.1,1.1,20
0.732749454434216,0.838653491379693,0.570931142123789,0.779161461338773,14.6728447145782,7.73585865167668,10.3046306925057,5.53361003502272,0.441404311428033,0.370493760159146,0.44778165616747,0.383693771151407,0.034729999386631,0.44511546530514,1.55,4.38,4.53,80.3,0.5,0.1,1.1,20
0.5867707065925,0.695420298227482,0.717402376988158,0.563655509936996,12.0939000959881,5.73550065548392,12.5428672661725,8.1826066708006,0.435713323887717,0.366819792859675,0.379795730078965,0.382819076402392,0.0110122511148918,0.43103447283376,1.55,4.38,4.53,80.3,0.5,0.1,1.1,20
0.812084505503066,0.547291230580583,0.616959619847871,0.627579646872729,18.9416779030417,5.32387775998795,17.31054270464,12.9386134678219,0.364188860852877,0.359974501372222,0.434172294733487,0.422420730559435,0.0376662817289587,0.369385225391807,1.55,4.38,4.53,80.3,0.5,0.1,1.1,20
0.792968194640614,0.7005027331613,0.775914827759378,0.75830705246646,9.85499943106901,19.9061014448968,12.4813492548512,17.5926390135777,0.372050325558335,0.402101661534887,0.379047685650783,0.425667355618579,0.031553112729257,0.390500594184827,1.55,4.38,4.53,80.3,0.5,0.1,1.1,20
0.678021364209987,0.662537753772363,0.877633168008924,0.637027629654482,17.6660865939362,10.197525199689,19.8942009696551,7.88014407231472,0.351233749553468,0.37408565756185,0.386822190865874,0.412536383143347,0.0433180254996102,0.387282661995012,1.55,4.38,4.53,80.3,0.5,0.1,1.1,20
0.662316180612892,0.657921759075485,0.603079548656941,0.778143139981851,7.0965632002824,18.5317514478066,18.6566255997354,13.7565704900865,0.373885127109941,0.389501928595221,0.408701185576711,0.4455299927074,0.0409004301149026,0.383122324428894,1.55,4.38,4.53,80.3,0.5,0.1,1.1,20
0.849335818080977,0.851149887720868,0.770764799679071,0.832576020487771,12.7780339807714,16.8946900541871,15.2709715075442,5.23563155171694,0.449009853966721,0.385598500357103,0.406377080725739,0.430974925033469,0.0116461708720541,0.373066474968521,1.55,4.38,4.53,80.3,0.5,0.1,1.1,20
0.514233480972797,0.720505201570317,0.8317577579109,0.505185590530187,7.13110569835175,16.5481956038228,5.15818301041611,15.8508039065893,0.417654891633661,0.402200481429044,0.351343352324283,0.379677033092221,0.088706290270905,0.372327595478902,1.55,4.38,4.53,80.3,0.5,0.1,1.1,20
0.636554474501126,0.594018153682724,0.639582189015485,0.538030436450243,5.86645600463264,10.7800778522156,7.52421851164661,8.66800194331445,0.39737795038973,0.362692766787484,0.440406790059293,0.354566364348261,0.0648716459277412,0.437361619708128,1.55,4.38,4.53,80.3,0.5,0.1,1.1,20
0.626037538266368,0.687852798210457,0.837045531744324,0.598147304126993,6.04864500720985,12.6509311456862,6.48316241682274,10.4425839706068,0.385672294508526,0.367172526298556,0.378179358456563,0.35204106746749,0.0470891114060627,0.362938213449949,1.55,4.38,4.53,80.3,0.5,0.1,1.1,20
0.680821088664979,0.546092776067555,0.575168801748566,0.806454461599328,19.7643663259153,13.6586230480368,13.3532447758736,18.9428236748045,0.359209195573675,0.367304597594449,0.353640347597422,0.419980104335584,0.0395975992245413,0.432294303284772,1.55,4.38,4.53,80.3,0.5,0.1,1.1,20
0.707302922471613,0.748029084711149,0.610514928391762,0.514001152633689,7.67071456681471,7.588331338719,7.6474987844564,7.52088432678487,0.378049186928524,0.438356956278253,0.393992860236065,0.389912381844502,0.0491533282242948,0.375109125577146,1.55,4.38,4.53,80.3,0.5,0.1,1.1,20
0.873663499875739,0.64808443879243,0.870119878842868,0.818422270536795,13.6197030316829,18.1434643857135,7.33674079038901,8.43299334489508,0.351955288810935,0.426110475406842,0.379481319337385,0.358464791054046,0.0822925601262413,0.40425084656137,1.55,4.38,4.53,80.3,0.5,0.1,1.1,20
0.690898655047268,0.799244890601374,0.557115485344641,0.700917867175862,19.2637947983365,14.1082739162608,5.37662024668651,15.5668869956303,0.406108027307736,0.375244043678278,0.387332792487647,0.354180996205891,0.0476815423368476,0.41346602045903,1.55,4.38,4.53,80.3,0.5,0.1,1.1,20
0.835828248234093,0.546418566942029,0.834750950260088,0.868621579355747,13.3985671011498,19.8161935075093,9.2134510118817,13.9970588258561,0.39716095052571,0.401697895907844,0.380353632043349,0.443171690395754,0.0841747394706123,0.403649854177656,1.55,4.38,4.53,80.3,0.5,0.1,1.1,20
0.63180529215578,0.575934807529487,0.875396232540161,0.675602023702115,6.59107538908953,15.1753267396428,8.20055649151327,14.0150388643704,0.352336413703905,0.364364980365709,0.357193093498936,0.416671097393613,0.0647094096347829,0.444070853179507,1.55,4.38,4.53,80.3,0.5,0.1,1.1,20
0.682431459246203,0.718154724136554,0.562945696985722,0.702668057534285,12.2190018454217,17.3992301467713,14.8908259001863,14.996596052947,0.381620806932868,0.446920466523524,0.415575372373778,0.367281103608152,0.0316827309117373,0.37901409158241,1.55,4.38,4.53,80.3,0.5,0.1,1.1,20
0.601429117723741,0.874279446419142,0.8445204616189,0.77141661824137,7.28261226350674,18.0652014778391,18.21673827091,16.0869883863069,0.390304545276379,0.390560599807138,0.417024470428843,0.423203515794221,0.0891955145107256,0.364114613800589,1.55,4.38,4.53,80.3,0.5,0.1,1.1,20
0.710824130252562,0.749718451976031,0.722843461316451,0.877339156245999,16.0977726511168,6.83765594011173,19.8458337199525,9.5577410046407,0.432090234919172,0.378343289882131,0.449643605400063,0.430002149361791,0.0401519219369115,0.424930099090189,1.55,4.38,4.53,80.3,0.5,0.1,1.1,20
0.675077058726922,0.793300138714723,0.811963702534325,0.845033848115057,5.34769858872751,13.0007744277222,5.82689146707999,9.37943178549642,0.374980505109672,0.417512569714198,0.360966108569875,0.362034472027235,0.0677114951124881,0.402493465158064,1.55,4.38,4.53,80.3,0.5,0.1,1.1,20
0.575677540401928,0.611598117839359,0.772473659581877,0.632608474899642,6.29606048550923,11.0076810529432,15.72559463999,18.3985509834788,0.402005425475305,0.39338945904593,0.372646993630659,0.40750878460831,0.0525798715046188,0.403846935297828,1.55,4.38,4.53,80.3,0.5,0.1,1.1,20
0.868232544349507,0.6230433116097,0.653241879364848,0.708564982027747,9.61130710333353,14.2118524400657,10.6980701046181,6.54069076590939,0.416457297304459,0.405910529862763,0.445004813908553,0.413439880003408,0.0992977880380722,0.392127781262342,1.55,4.38,4.53,80.3,0.5,0.1,1.1,20
0.851855779052153,0.866760854803771,0.678082003644481,0.874801156992838,19.0725661543571,17.1652774230368,9.77972215505084,10.6464276992576,0.427541405773116,0.414042967082793,0.411181205466483,0.388106327065499,0.0428402092742128,0.428762597101228,1.55,4.38,4.53,80.3,0.5,0.1,1.1,20
0.701674202874303,0.509658832470141,0.768701524054445,0.751846141236089,16.5244580482366,10.4368004326499,11.1676371018938,6.3400449301675,0.39987898812159,0.426887155055301,0.364092074683309,0.370456235078629,0.0299987766227406,0.438529910117062,1.55,4.38,4.53,80.3,0.5,0.1,1.1,20
0.529027436863259,0.587062142714299,0.799633019697666,0.723328372701816,15.6247733523138,18.4347546676151,12.9158401325694,15.2737634365377,0.380827270997548,0.418741288664518,0.372921699136775,0.387527482337225,0.0118318770418596,0.403274617327191,1.55,4.38,4.53,80.3,0.5,0.1,1.1,20
0.624596919094771,0.895207640820555,0.51156251120735,0.562309128190391,8.84670814366313,12.256856359581,18.1698557984363,9.0550807290175,0.363898854359705,0.43789015026493,0.428063699188363,0.365557311197836,0.0223385906240437,0.432547242584731,1.55,4.38,4.53,80.3,0.5,0.1,1.1,20
0.779487799444795,0.756207248968259,0.812698916053586,0.554425429726951,19.9575458511035,11.0916692367452,13.2600825104048,6.98062566355104,0.367196853782563,0.366356114552636,0.357210249499092,0.377071982577257,0.0219728683451423,0.403488077562116,1.55,4.38,4.53,80.3,0.5,0.1,1.1,20
0.570309493007511,0.644114282443188,0.755478245087713,0.725086567541212,16.2171533273929,19.0093342228257,12.6255253968528,15.4195066464087,0.375678621644666,0.440214494941197,0.391004719647625,0.434206403437862,0.0844434912307607,0.380325213325955,1.55,4.38,4.53,80.3,0.5,0.1,1.1,20
0.745076144825481,0.534923952541873,0.675882295101881,0.895359167148173,18.966290603953,19.0896021539113,17.2925088683469,10.8330498137418,0.405388873223355,0.398506373123033,0.427086641356861,0.36572524186275,0.0673840642053448,0.352722291855793,1.55,4.38,4.53,80.3,0.5,0.1,1.1,20
0.784698178884387,0.830181360737234,0.790695359952003,0.573198546926864,12.6388645214681,18.1107404266135,9.80954888545908,9.30780007595895,0.411973534314102,0.358525697693555,0.400798080565175,0.415842323683482,0.0977220231030742,0.443976584015042,1.55,4.38,4.53,80.3,0.5,0.1,1.1,20
0.614459526550025,0.504434138515778,0.893016153250635,0.835971096420847,5.9873395151319,15.1392837267346,8.77547350156587,19.9287787115388,0.354480988190649,0.377457092330419,0.399934276181692,0.439409627074655,0.0379292810026649,0.423035875834618,1.55,4.38,4.53,80.3,0.5,0.1,1.1,20
0.696290347332321,0.670515351080708,0.51794215756245,0.765207998571545,18.1394943017396,6.53261504568392,16.9354762080894,7.87996090788627,0.360308123543533,0.412409899202315,0.447571764210658,0.422208706862805,0.0328544329467788,0.373592865558062,1.55,4.38,4.53,80.3,0.5,0.1,1.1,20
0.865741876984388,0.597780510018766,0.813020970225148,0.80002819798328,9.3804095354164,8.62565457075602,11.8745138597046,19.5408217059867,0.440432151253056,0.37544935444654,0.35656701116222,0.426264431340434,0.0495630565636233,0.415905948251393,1.55,4.38,4.53,80.3,0.5,0.1,1.1,20
0.874998038559593,0.808883799767494,0.796024661439657,0.711433195458539,11.3662638159445,6.91548791324953,10.6284234106611,12.4181239475869,0.424518993256753,0.365372618780285,0.421290281999763,0.421708932011528,0.0775802946788911,0.416430320449919,1.55,4.38,4.53,80.3,0.5,0.1,1.1,20
0.805338152208552,0.605504992111772,0.86728001476489,0.709463750451431,9.87535435173893,5.15034465661505,19.2438457635324,9.85592049585422,0.358104950053804,0.445560287789349,0.426787738784263,0.383401619213587,0.043840592998988,0.419387354615284,1.55,4.38,4.53,80.3,0.5,0.1,1.1,20
0.556628689618968,0.731793508819677,0.848509121065028,0.789521747730114,15.014601391349,9.02998609427363,6.15822193223517,9.11591024897527,0.358288714807807,0.372002110090712,0.390529679231904,0.400431705274526,0.0753916844873549,0.352949740776513,1.55,4.38,4.53,80.3,0.5,0.1,1.1,20
0.688082109784335,0.701572492587753,0.682873942800984,0.730186099835299,5.5708735694224,16.7613809006312,7.99151650995715,13.4839765008469,0.424238422047207,0.395663597840304,0.441639896418387,0.375238181642536,0.082506013439307,0.444205658076284,1.55,4.38,4.53,80.3,0.5,0.1,1.1,20
0.655371486140415,0.649047537722811,0.606186310908012,0.699807303723507,19.4005924649001,8.1502949100337,9.13015538162086,13.192065585074,0.400309773743805,0.442213085409021,0.410172546671797,0.359823741590837,0.038231918478189,0.365785314711044,1.55,4.38,4.53,80.3,0.5,0.1,1.1,20
0.524850452721491,0.588113145019114,0.769821231741272,0.866802431396581,19.9901736145862,8.87690364894923,18.4489166970504,16.1828287756117,0.425630844213068,0.408662296301685,0.366018459105352,0.436659359397134,0.0350459797622729,0.375590860127984,1.55,4.38,4.53,80.3,0.5,0.1,1.1,20
0.879298111885227,0.689068706740439,0.652277345980145,0.672010467158258,13.6093386924197,18.8611910813418,7.10925025330158,14.8227146657673,0.386589954736596,0.378948289366718,0.383792373412941,0.408729171129316,0.0722961642707698,0.406857336266339,1.55,4.38,4.53,80.3,0.5,0.1,1.1,20
0.554486124606058,0.83321720976755,0.681060883302987,0.843846423958615,11.8856894451054,13.1150743400631,11.9881204573787,19.2973419550853,0.368416990769142,0.40808341889414,0.448061449440848,0.431863481003884,0.0975663466294855,0.374460923216306,1.55,4.38,4.53,80.3,0.5,0.1,1.1,20
0.674129508161359,0.676464913391881,0.842251430754736,0.560074006847851,15.2502903816151,11.1841873980081,14.728309322889,13.7750870616757,0.352120811339654,0.430043725636927,0.441309841575287,0.429717505856929,0.061852173858732,0.354455829465482,1.55,4.38,4.53,80.3,0.5,0.1,1.1,20
0.503980715314858,0.76022190348357,0.632087721364386,0.758657222766243,10.1228426504764,5.8635006373981,13.1382145965844,12.6945011760527,0.428929529800406,0.435038837096328,0.358486581957759,0.366640577580221,0.0651933021746203,0.402706500329683,1.55,4.38,4.53,80.3,0.5,0.1,1.1,20
0.772696829013713,0.568072413032129,0.545450491820835,0.88443888712842,18.6078129411815,19.9989907715912,8.46974890502635,6.05563341715606,0.413952610885073,0.365653721373295,0.415767879122309,0.398782399418857,0.0239021831883909,0.37936578568588,1.55,4.38,4.53,80.3,0.5,0.1,1.1,20
0.643168692309596,0.686530495011061,0.761399207536876,0.826251362089627,15.143489660651,17.7616631772555,13.8478193011577,7.61138710733969,0.431341038080398,0.387650892384443,0.421032171163522,0.448646444003191,0.0797507262328593,0.37790780974743,1.55,4.38,4.53,80.3,0.5,0.1,1.1,20
0.895438343806565,0.732630435358547,0.519625967141241,0.533687817318179,5.06707964777946,12.7883110220521,10.2220661404729,15.5086888292152,0.356333452721452,0.447416653031809,0.377485076599848,0.360008178311866,0.0103226020180434,0.384963314099377,1.55,4.38,4.53,80.3,0.5,0.1,1.1,20
0.658109516351856,0.729532073485293,0.835367569618486,0.813876347461343,14.0229062076611,11.7793338423781,7.84844711093698,12.3568624700978,0.353877571080485,0.443788188888459,0.360110560253961,0.421326800005604,0.0545083678297512,0.371090448107943,1.55,4.38,4.53,80.3,0.5,0.1,1.1,20
0.87913109783046,0.816012272778526,0.765537134443969,0.885686518463865,5.28660705368966,16.5693271952448,18.063372377581,16.9082694995194,0.352621988868946,0.397325139137497,0.408456029703561,0.405389439460961,0.0579818736116262,0.36546253867005,1.55,4.38,4.53,80.3,0.5,0.1,1.1,20
0.715310230302625,0.891664832041413,0.657087538755871,0.71950861051213,10.785810754369,16.1260759383044,15.4255982220173,5.35197671209229,0.43752449860475,0.371724714490445,0.402372864632309,0.375675475939736,0.0286133075867686,0.356243133880384,1.55,4.38,4.53,80.3,0.5,0.1,1.1,20
0.882516548280045,0.788725701770559,0.843975781887025,0.839371146079525,18.1011962908297,15.7422627595253,17.2635731641063,9.00681530365255,0.441657052757219,0.425095668151462,0.382561559700547,0.374932081153849,0.0412486072624475,0.421445776108745,1.55,4.38,4.53,80.3,0.5,0.1,1.1,20
0.61912202253323,0.785786473007314,0.819000361325219,0.859215708463267,10.3692630128446,12.1624312497233,13.810447639334,16.5482217857381,0.388689779476728,0.355365594322048,0.395603099885583,0.447216451402241,0.0849643109776825,0.387061488905735,1.55,4.38,4.53,80.3,0.5,0.1,1.1,20
0.550688532981835,0.81177758719679,0.597989401008748,0.780870865171216,19.1678014073009,8.85988860142883,12.436695266827,17.4484084102931,0.41446440231083,0.356969565380551,0.356847801187728,0.352288804263948,0.0321755763399648,0.389285714200698,1.55,4.38,4.53,80.3,0.5,0.1,1.1,20
0.579953841296956,0.669419578415901,0.665508458344825,0.588097904620692,12.5109163375292,5.1847925086366,8.52752725497121,7.17991096391343,0.420604261296196,0.399290897139581,0.355592341098189,0.355065906944778,0.0708606079661567,0.378847144554649,1.55,4.38,4.53,80.3,0.5,0.1,1.1,20
0.776723884052411,0.503114239109121,0.649072745804861,0.712854035017081,8.83712868779665,11.2188528638775,7.85937197220512,8.2215835097665,0.409701493702969,0.385709081493085,0.400370332622295,0.412855262417346,0.0644995445775846,0.431338113867817,1.55,4.38,4.53,80.3,0.5,0.1,1.1,20
0.504164617983624,0.681158565191925,0.719681292131543,0.847578857407719,9.71920995753258,14.8260716521228,13.9665478467662,11.1199074963387,0.439873438468482,0.424768461720087,0.381929079911672,0.387358840738842,0.0576194831637526,0.398197990911314,1.55,4.38,4.53,80.3,0.5,0.1,1.1,20
0.855179744888097,0.56320510802865,0.634263631501235,0.795736239833944,6.43006669917842,16.2495115180919,16.6855223389086,13.5646048843907,0.366568386440352,0.415891952282377,0.360358587209368,0.411148675037315,0.0902583318640338,0.355930021440191,1.55,4.38,4.53,80.3,0.5,0.1,1.1,20
0.873415157051757,0.734613295688666,0.569463744888641,0.53741913619116,9.25388489159755,17.330998757421,7.05500373005169,5.73203447491862,0.448830595392408,0.446297445194796,0.394004963952908,0.390748886816157,0.0426391777795833,0.358248697805544,1.55,4.38,4.53,80.3,0.5,0.1,1.1,20
0.791856680258364,0.664653790411539,0.720300162046589,0.874394788498245,17.7053709848225,11.3598095963243,18.3705546240113,6.38744444976095,0.435357516427571,0.395438077418506,0.40757033004188,0.403613720962824,0.0104852246710146,0.367567138962867,1.55,4.38,4.53,80.3,0.5,0.1,1.1,20
0.877446170195751,0.770211619517021,0.710397844308987,0.786359331807867,17.0647330160812,17.4502015739935,13.087861275929,13.110210393779,0.448549385408033,0.390001766352914,0.37890574643244,0.351676876594126,0.091312718665353,0.443473156407522,1.55,4.38,4.53,80.3,0.5,0.1,1.1,20
0.789035524497926,0.589614113514498,0.583938897595182,0.53525207863003,7.39545401125215,18.9478536183108,10.4479576734593,7.91171226952691,0.394328480866691,0.355793566039484,0.437924985467037,0.368562719916506,0.0964499725472927,0.3945558024609,1.55,4.38,4.53,80.3,0.5,0.1,1.1,20
0.685306732126512,0.596830209993571,0.850389032004401,0.803108195236698,16.1767863672832,19.3859320939309,10.0858929250808,15.0564012746234,0.419262354147295,0.423569203257933,0.442596306850482,0.411276334650861,0.076232850666712,0.423764038633043,1.55,4.38,4.53,80.3,0.5,0.1,1.1,20
0.87787085949555,0.513301331428066,0.757929869904742,0.57089430051893,7.95965419976041,17.3014280546131,13.7025942102773,9.60572190410225,0.415502421055082,0.380197990777809,0.356067228951864,0.399673943080707,0.0799546701084683,0.422492490467709,1.55,4.38,4.53,80.3,0.5,0.1,1.1,20
0.552526125540957,0.634513543276675,0.756540221994557,0.790589088799618,12.9348204970662,14.6879954984644,12.033356816438,11.9949622309511,0.39956748803556,0.376931518924562,0.365037171651656,0.369590943708364,0.090991149180769,0.400213145030569,1.55,4.38,4.53,80.3,0.5,0.1,1.1,20
0.582077653513476,0.658569934387691,0.757178950247355,0.567251424064673,10.7174734842661,12.8513877309277,17.0714374548802,14.0588301072852,0.376948946824251,0.398733981627785,0.377168024352333,0.375954630915495,0.0206660692725144,0.390047647212399,1.55,4.38,4.53,80.3,0.5,0.1,1.1,20
0.550143828488141,0.793727570231073,0.588663916232437,0.556444243433885,16.3809648183314,10.8923865329917,9.60910654218867,17.397566955802,0.370554369933344,0.385931099288212,0.363662703536777,0.35632875592513,0.0474909239979507,0.409427471657749,1.55,4.38,4.53,80.3,0.5,0.1,1.1,20
0.807682161031664,0.506409974050894,0.636479044355266,0.831367252817191,7.82746435620822,17.8716788972379,19.5688581169257,9.92938802740537,0.400948696584487,0.384245819136407,0.375367479786789,0.387072006366774,0.0101673723598663,0.447225555390026,1.55,4.38,4.53,80.3,0.5,0.1,1.1,20
0.554336689277366,0.8542037169341,0.749045543379895,0.755277745317854,19.6274422848737,17.142168107871,16.3845624740911,19.4070335261966,0.358853492361354,0.396751616496267,0.419816379090212,0.372507885894459,0.0770888605784206,0.363480047039594,1.55,4.38,4.53,80.3,0.5,0.1,1.1,20
0.821112246599048,0.523374254356138,0.537816858923249,0.644148239279352,8.57944270916749,7.98726508001331,6.93036904533161,11.4212563364767,0.417598566068895,0.350161945876013,0.39841798543972,0.406024632276548,0.0216696065707598,0.419926180264819,1.55,4.38,4.53,80.3,0.5,0.1,1.1,20
0.584459457483143,0.837693587903865,0.578972283201478,0.606043442411907,6.35984378567897,6.28699827010511,14.6235503449966,10.4689170021936,0.42116476310771,0.432510699633462,0.383978987853834,0.448213240420166,0.0834101911568316,0.35174693460837,1.55,4.38,4.53,80.3,0.5,0.1,1.1,20
0.62984216651395,0.724092634921894,0.874633966938034,0.667474447914772,12.5352106313128,15.3923809316941,5.6498331105616,6.15441465162905,0.449457862687903,0.352091484769201,0.376015209010616,0.43993620447861,0.0803450474021677,0.422800441640615,1.55,4.38,4.53,80.3,0.5,0.1,1.1,20
0.856396662315354,0.865796595524252,0.657863049547188,0.512861256081052,17.2375323255593,10.1490329956333,8.15986960840877,15.2569717010157,0.377868042109394,0.353337103725271,0.418809486571141,0.423769170576474,0.0398221676284866,0.395699930084124,1.55,4.38,4.53,80.3,0.5,0.1,1.1,20
0.827347139674984,0.577291602988541,0.788054553723149,0.857008605264686,6.39468778927112,13.4819624815695,7.47288652856834,15.9398751813872,0.396344430866372,0.379972329131514,0.375083729716297,0.40061437070109,0.0740941241041385,0.371356040014839,1.55,4.38,4.53,80.3,0.5,0.1,1.1,20
0.676916300661862,0.672147753707692,0.814699469365738,0.726742950153723,18.7113438506285,15.4412416083692,11.8685316334688,16.0262817968498,0.385811403078074,0.395821747228689,0.431912925055902,0.363433158472227,0.0953070858838921,0.447522576557659,1.55,4.38,4.53,80.3,0.5,0.1,1.1,20
0.639186067597568,0.763118982451037,0.612272772027925,0.787842426266708,19.5171641950542,6.93044326565229,18.7879595904076,15.1460781016224,0.403858633441525,0.375773549936619,0.397109173386125,0.409161585105862,0.0967055123733869,0.446418246854562,1.55,4.38,4.53,80.3,0.5,0.1,1.1,20
0.734385876101255,0.636301356865093,0.646032898323983,0.51791036004033,6.95385969743831,9.22199990701862,19.8744016902288,13.8907644803054,0.427954613273824,0.399045707595628,0.431730369339464,0.39893474800149,0.0188190712693706,0.44942642019717,1.55,4.38,4.53,80.3,0.5,0.1,1.1,20
0.650020345082693,0.742707397083938,0.851596737183444,0.725611417691782,11.5212710490753,11.5255016270024,10.6659597981512,14.4918832797045,0.406711571230413,0.363225503180502,0.373184719921136,0.435120683366479,0.0879190809137747,0.353928068439104,1.55,4.38,4.53,80.3,0.5,0.1,1.1,20
0.771276343764365,0.775208188899048,0.5393543177085,0.857880851147324,15.1758011978236,6.71003948074766,17.9166026400868,11.4556092668674,0.415386503854999,0.401185692891618,0.368357657234976,0.393627529490553,0.0863554139639344,0.394311084407242,1.55,4.38,4.53,80.3,0.5,0.1,1.1,20
0.589540453780815,0.827703104512766,0.644278752734512,0.685422696545348,18.9947494469769,15.5772215530765,6.75611749071861,7.75018669048091,0.389438095163228,0.406838145705918,0.378213229918713,0.424037306806445,0.0170721293661278,0.430891994086886,1.55,4.38,4.53,80.3,0.5,0.1,1.1,20
0.525753925434128,0.812182152717002,0.554003898941353,0.608847109859064,16.6897363467212,6.4342358769197,18.600851526747,9.52496831557248,0.415104487509094,0.414917758848611,0.363200849012332,0.420642505528592,0.0377303739956906,0.386627299537323,1.55,4.38,4.53,80.3,0.5,0.1,1.1,20
0.580734551637061,0.863660418457165,0.697124786745384,0.799648645630851,7.97253420414869,19.0419002220407,18.4712265177723,7.09123620819068,0.436866192608466,0.396006047619367,0.414607226120168,0.415331120891171,0.0688900204729382,0.4188459662701,1.55,4.38,4.53,80.3,0.5,0.1,1.1,20
0.884408718753047,0.635456584529765,0.690438678248972,0.566922024999187,9.98390629892703,16.5812044283212,6.61209984211018,13.3418129556859,0.356595972131519,0.374716326008271,0.374561638406198,0.397827299758606,0.0127251699978393,0.367900448858691,1.55,4.38,4.53,80.3,0.5,0.1,1.1,20
0.539977803031728,0.615116345657781,0.693254541408829,0.678289278578013,11.0346052816045,13.1880120528769,14.0642697556759,7.34629773789085,0.443331045676907,0.416994314818084,0.371225782204559,0.37191796897701,0.0387678771164594,0.404866223886237,1.55,4.38,4.53,80.3,0.5,0.1,1.1,20
0.841828320531175,0.592287350122444,0.673272035153396,0.675053343395144,12.3840364985284,12.5027467135293,15.1103395689325,12.3931646958971,0.376383851215662,0.359729911317118,0.359806616905658,0.412158736666804,0.0752319432164868,0.418617424723506,1.55,4.38,4.53,80.3,0.5,0.1,1.1,20
0.527401087925769,0.88044245496802,0.624353949856572,0.553528050735965,7.45864164186874,16.686757436858,11.2963183056307,9.9584211594658,0.425816682048701,0.413671548424335,0.412885797179677,0.449505479109101,0.0385958678160096,0.437496619124524,1.55,4.38,4.53,80.3,0.5,0.1,1.1,20
0.814352350326069,0.743784355733357,0.791542768992856,0.664263749441318,6.63778511194279,10.1742101032264,19.4428792024148,14.3041241482366,0.360030007894756,0.371927779811993,0.40961376768318,0.350321498756576,0.0462873176125577,0.36618680150751,1.55,4.38,4.53,80.3,0.5,0.1,1.1,20
0.514947925508954,0.632097082170472,0.742520996106602,0.530527525188774,15.7954773859493,15.9900230810419,11.5671407382074,15.3828273204691,0.431477185953176,0.405333749190718,0.358106844326481,0.360285929242102,0.0854607083534263,0.363080988648906,1.55,4.38,4.53,80.3,0.5,0.1,1.1,20
0.798157440480404,0.768272811435722,0.547839411541633,0.718781566250697,10.4174430958158,10.7254002022836,11.033362906822,5.76920783501584,0.448254031068645,0.426588183040498,0.393293440209469,0.438969307491509,0.0768853289694013,0.353237677473994,1.55,4.38,4.53,80.3,0.5,0.1,1.1,20
0.67942522181049,0.527534077404067,0.55554397772029,0.73360508442577,18.0028337366041,14.1618431355571,8.25357456358615,9.6992307014903,0.44511039284179,0.350594468095014,0.393025279415399,0.405551080438262,0.0765067700833175,0.371963448132668,1.55,4.38,4.53,80.3,0.5,0.1,1.1,20
0.866441890942119,0.697374210243858,0.642019273742847,0.630876994669624,16.8947534645139,17.7466297896206,15.6648114879732,10.1972377644479,0.446042150973715,0.384739563284861,0.40947443352174,0.36682728899871,0.0325968486939091,0.439968691540044,1.55,4.38,4.53,80.3,0.5,0.1,1.1,20
0.816932433683984,0.554931724243425,0.631901559282281,0.594201553945616,8.24002392892959,6.68342264746782,16.9822509961436,18.0860465637548,0.416225702643534,0.385033235266292,0.428430048757559,0.358094016727433,0.091676445487407,0.426707565081259,1.55,4.38,4.53,80.3,0.5,0.1,1.1,20
0.718627646985836,0.752054154760949,0.537342531317472,0.766672435745597,15.6175612581288,8.2266672900063,13.4838633586699,9.46149560713908,0.404011824975209,0.372308130673412,0.403519679449732,0.43135079710437,0.0153119649532158,0.427069834397966,1.55,4.38,4.53,80.3,0.5,0.1,1.1,20
0.87524221262727,0.862237810393051,0.684267707563937,0.704361652949452,10.6581176395877,5.40538814441534,7.74144697508076,15.2239094054443,0.352868084674561,0.381420148151042,0.443984503274551,0.365046622578893,0.0922561021697708,0.397935993525153,1.55,4.38,4.53,80.3,0.5,0.1,1.1,20
0.568696521583386,0.600625233273208,0.670774392949604,0.693696544619091,8.52388448373647,10.2896116786194,9.19418345571496,11.1344920749543,0.367768558616703,0.399686342347134,0.407959086053958,0.373554186514532,0.0122799589271797,0.41534766033343,1.55,4.38,4.53,80.3,0.5,0.1,1.1,20
0.899033700047433,0.671837434690446,0.562061227511801,0.898921847346798,14.4899289021874,6.09565193075221,16.2210759056173,7.19820850504329,0.369860851907963,0.397143296024157,0.429659782666806,0.413992688040109,0.0953664771400718,0.41691089581158,1.55,4.38,4.53,80.3,0.5,0.1,1.1,20
0.816341463538259,0.762318581685051,0.61794597815685,0.531703982830606,9.37440673222998,12.0008821071638,8.11588063139701,8.69505967941135,0.438595328480471,0.419822671353864,0.447993943612045,0.358320901661646,0.0519984564946033,0.399436858857749,1.55,4.38,4.53,80.3,0.5,0.1,1.1,20
0.593016300748102,0.781932982497104,0.800690372429416,0.599827621709183,12.3272201112448,11.1753942915541,15.5585999814281,8.73065729974303,0.433628201151593,0.357726429550536,0.373769070100784,0.393572581979726,0.0968995533301775,0.406112784444494,1.55,4.38,4.53,80.3,0.5,0.1,1.1,20
0.803913801887818,0.702382562396489,0.521508913229406,0.712502602118068,9.63255940317875,19.4968955220445,10.3811900440929,19.9467769091739,0.405597066045785,0.398933014919655,0.368439344899124,0.38127225302672,0.0705427501000278,0.402238863276178,1.55,4.38,4.53,80.3,0.5,0.1,1.1,20
0.611640233858302,0.610674661497772,0.759751919243298,0.614930559672974,14.7196618491737,10.608669499557,12.101725024893,6.01259108483559,0.410824899995793,0.42064407728021,0.357834124021837,0.445071950507257,0.019049463107246,0.407456736405985,1.55,4.38,4.53,80.3,0.5,0.1,1.1,20
0.780629659701884,0.661500176503696,0.615754006549343,0.79432069548294,10.5496355524962,14.0419975473965,19.8189840605995,11.1678382061725,0.353632874746574,0.411984835310606,0.418464120096294,0.434569487904804,0.0555120763752656,0.39308979748548,1.55,4.38,4.53,80.3,0.5,0.1,1.1,20
0.888452467930503,0.753333436993323,0.819840513003245,0.557170266160741,5.50168837597128,15.1548846976389,16.5423746957234,13.4481069862936,0.420512640977558,0.386045748968795,0.391583473817958,0.392796818892192,0.0578209113174072,0.420403030731715,1.55,4.38,4.53,80.3,0.5,0.1,1.1,20
0.78528175631091,0.781145345403254,0.520276924692839,0.525723620134406,18.7910765330051,10.6922498310637,9.72237822482828,16.9428062945488,0.444360249965917,0.445283216994256,0.413537415471533,0.44373038965459,0.0124274815799529,0.370970395241398,1.55,4.38,4.53,80.3,0.5,0.1,1.1,20
0.83085022533387,0.535530850930139,0.82997759348359,0.669153664971516,11.1198340090853,19.9163824322866,6.83022262053331,6.63066619709134,0.409820964300167,0.443441209690645,0.419420145998523,0.37933358380734,0.0431226352751348,0.356810074483836,1.55,4.38,4.53,80.3,0.5,0.1,1.1,20
0.500626040337794,0.750745227278397,0.89637987937592,0.715265643692017,13.2332095679618,10.9565783521673,14.3116369322524,6.70819242191967,0.417868371217791,0.418181663040724,0.362184094884945,0.384717122457083,0.0790445278369449,0.425006482985942,1.55,4.38,4.53,80.3,0.5,0.1,1.1,20
0.559047351680324,0.537861166832782,0.706637487598695,0.811677248038538,14.0368122053891,10.1093332059029,6.67981844217284,7.39787103594048,0.353073518847395,0.413448082396714,0.422628766572475,0.415118437492661,0.028241066127317,0.437614836438512,1.55,4.38,4.53,80.3,0.5,0.1,1.1,20
0.64590806382224,0.520001880824007,0.78657890578229,0.883434887179174,17.1436057053995,12.4816740293615,6.55158150495263,10.492343935722,0.408565857139509,0.393844556452381,0.36298311031512,0.396305322883884,0.0788724855937716,0.395885770723457,1.55,4.38,4.53,80.3,0.5,0.1,1.1,20
0.822881566886976,0.775032304473035,0.501393780903146,0.866325348790549,5.81551790007856,14.4990687703644,12.7884291022457,9.48507885496831,0.420355389681086,0.36644050590517,0.40085080482848,0.441921619941993,0.0737738057320519,0.434602571871597,1.55,4.38,4.53,80.3,0.5,0.1,1.1,20
0.669163693623617,0.655722592566908,0.573760435768217,0.850397781346925,12.5974271105719,12.1016396436561,16.189464579965,15.5430848524719,0.37316803330821,0.354282790267933,0.395396617201669,0.395188661811361,0.0767112058515428,0.388725186132826,1.55,4.38,4.53,80.3,0.5,0.1,1.1,20
0.654709202381596,0.542134557574801,0.746515841718391,0.869205987937935,10.9674223245564,13.3490090399678,6.90534235106083,16.7603675955231,0.371077020643186,0.379529149129149,0.420798313625017,0.368633368829777,0.0154218892612588,0.407029597801995,1.55,4.38,4.53,80.3,0.5,0.1,1.1,20
0.887138410132378,0.759294676647335,0.818002089971863,0.50923713726569,5.95475900037447,9.39531110299053,11.618898061486,9.91335741563002,0.359559648032393,0.367940177461365,0.436419176388253,0.421893903716281,0.0885215809726622,0.356402147360006,1.55,4.38,4.53,80.3,0.5,0.1,1.1,20
0.744582042381354,0.8832066401558,0.715154706304148,0.550791995450109,9.22003565811319,13.7225976312347,12.6687515342305,8.89864062978886,0.413313011921384,0.415217233029613,0.396514895192022,0.353822496709181,0.0159455689293845,0.369842646332411,1.55,4.38,4.53,80.3,0.5,0.1,1.1,20
0.838332288599759,0.66736661861036,0.515335999920964,0.643204097413272,12.8370161567489,10.5363453574711,9.90324405257124,6.72831538404338,0.378277412747638,0.411658419028949,0.429265021027345,0.406501180712692,0.0547252387781721,0.387668086911784,1.55,4.38,4.53,80.3,0.5,0.1,1.1,20
0.774343788700365,0.697927893237211,0.716265577435307,0.694672356414236,19.2882811676571,9.96485037114006,12.9293517030869,6.58109161737841,0.373641758825071,0.427284452198725,0.4465643122382,0.391121536387596,0.0933243967379304,0.402829252066463,1.55,4.38,4.53,80.3,0.5,0.1,1.1,20
0.540902786978707,0.654616110254265,0.616560878536105,0.893135417774506,12.7028887028876,13.3027039849013,5.57150257467059,14.9501154990727,0.43298047028142,0.427011932128901,0.352441608035658,0.409850751528563,0.0555445201333147,0.44526397795598,1.55,4.38,4.53,80.3,0.5,0.1,1.1,20
0.748316762882657,0.514427582413517,0.836085270256922,0.834153272116184,6.10025368712377,13.0927062714705,13.4291348705185,12.338002748813,0.402964841023926,0.435820579230553,0.362234527632035,0.356166337299859,0.0263394730912661,0.35760959807639,1.55,4.38,4.53,80.3,0.5,0.1,1.1,20
0.787698176937923,0.647892268775217,0.826686360597238,0.853188206658699,16.5879884314979,10.74225978642,15.3690821075509,5.09643586235121,0.401305578750651,0.432093720468041,0.398806823669467,0.425194810653245,0.0727890891402029,0.357407835273631,1.55,4.38,4.53,80.3,0.5,0.1,1.1,20
0.645404367630556,0.610243447012082,0.779418843986094,0.896540477864631,8.88335656498093,5.42656072149985,5.05750019096304,19.6406622171565,0.423181117551029,0.377345477417205,0.398174350652564,0.361392080866685,0.0877382591371099,0.411986962721776,1.55,4.38,4.53,80.3,0.5,0.1,1.1,20
0.561422018073499,0.532728861913644,0.619268567294814,0.850523789193109,13.0783027567016,15.9377830802184,11.1413160444843,9.41270009700907,0.399383769127773,0.407570670327498,0.389392200286267,0.416289150074264,0.0852989547294285,0.409923989834543,1.55,4.38,4.53,80.3,0.5,0.1,1.1,20
0.736604490548931,0.843285218035989,0.712791278224997,0.630201391593739,14.1890282881912,15.9727913921908,6.28299011804862,14.4541240171157,0.377156157909939,0.421217169691483,0.353847967815772,0.441298641943745,0.0638063117109472,0.376809551930288,1.55,4.38,4.53,80.3,0.5,0.1,1.1,20
0.648421659423784,0.856035038515553,0.753424601482973,0.540379123555124,7.42886131992098,16.6458689818694,7.49458166510332,12.1592514938209,0.401814137030393,0.419162242342951,0.380641487582494,0.422049621118465,0.0500809675337002,0.366587088730233,1.55,4.38,4.53,80.3,0.5,0.1,1.1,20
0.861278043209575,0.83668013723176,0.858727194521204,0.837668980523571,15.9110828408692,6.12946726062568,15.779507952868,7.84082343573216,0.390550487207901,0.438176997970417,0.369679638421396,0.360789422019152,0.0483212966252444,0.447101759298006,1.55,4.38,4.53,80.3,0.5,0.1,1.1,20
0.731556557995826,0.649654776994698,0.700282392290607,0.661873040656373,9.76271168484585,14.1236218741024,9.66023898742627,17.6868976556044,0.396026001450606,0.407940136552369,0.409077063431172,0.376920206397166,0.0312821968590235,0.426934663689742,1.55,4.38,4.53,80.3,0.5,0.1,1.1,20
0.587980427517556,0.800677159002423,0.769597310290672,0.756431822213531,13.4305384212872,17.5684306406439,10.9509986672364,17.717212693675,0.402562329966435,0.404777745070122,0.38966935800137,0.370678762073489,0.0559749972358719,0.429765308005735,1.55,4.38,4.53,80.3,0.5,0.1,1.1,20
0.709135278037377,0.501117603636347,0.82048959207423,0.672951701276377,13.0014224621956,14.271492317128,9.70809824086493,11.4863202991732,0.354606300364481,0.407612397654541,0.405247754986817,0.446421960065234,0.0956602205252927,0.449775154078659,1.55,4.38,4.53,80.3,0.5,0.1,1.1,20
0.88606410618145,0.785297381505743,0.653980918486975,0.880044110729918,14.6004645793396,5.70028697602917,13.1161821768968,8.0427181795449,0.407536959538609,0.369698168782657,0.439649652727274,0.447602553790202,0.0703108367004665,0.401089519496774,1.55,4.38,4.53,80.3,0.5,0.1,1.1,20
0.675461321611889,0.556627921869978,0.735392204434797,0.577975517048501,16.1043604251742,5.36041742498754,15.502549992539,18.4561232038867,0.397906733871065,0.374482474244945,0.423956678800471,0.355476020788308,0.0298037634920422,0.407619402056653,1.55,4.38,4.53,80.3,0.5,0.1,1.1,20
0.61923698123917,0.872975143863447,0.663795561799593,0.608117451780103,9.96473165979609,9.35320662555285,19.4926238701725,13.3101937299501,0.385154451877531,0.428491639333218,0.396166728897905,0.416862420207541,0.0167941069396073,0.447789009729493,1.55,4.38,4.53,80.3,0.5,0.1,1.1,20
0.686984970964491,0.613100891382434,0.898859536387585,0.604698637871258,16.8040273702843,10.0407498798496,18.1195055356179,13.0593752011075,0.426645972222695,0.355197932276921,0.435439479163801,0.396714273124654,0.0409869539084844,0.375231784342509,1.55,4.38,4.53,80.3,0.5,0.1,1.1,20
0.559405737643875,0.889849703375064,0.685838846280612,0.698235699689575,13.2715848812251,18.2763001308939,12.5114566921932,7.11972190800589,0.411638545187423,0.374924718740815,0.381717494866485,0.444885818506125,0.0825843740500743,0.377697286748327,1.55,4.38,4.53,80.3,0.5,0.1,1.1,20
0.67638891602885,0.51603665260803,0.824320696321502,0.820376393662952,7.87450389169622,6.4011685561249,19.3247092092736,13.2810098255216,0.391252287152968,0.4323361574098,0.429808648149204,0.443549768438563,0.068755735349115,0.439506409316091,1.55,4.38,4.53,80.3,0.5,0.1,1.1,20
0.606060688314401,0.625713810865767,0.550474938172475,0.55176470191367,13.5256188946567,18.0855866947095,15.3451084627607,18.3288819329813,0.431000319227437,0.369541841423605,0.449264093104331,0.351961525662569,0.020430354068866,0.376536583591858,1.55,4.38,4.53,80.3,0.5,0.1,1.1,20
0.731043597214669,0.583666097037122,0.846748090659641,0.543087674850225,17.5539265081333,7.24132329219021,9.39259710638318,18.722239628837,0.438619304051576,0.381177755703544,0.394458136668149,0.356961616149824,0.0573583511331119,0.350301770385588,1.55,4.38,4.53,80.3,0.5,0.1,1.1,20
0.670596114088409,0.730270762034878,0.704753667647205,0.845940720835701,7.56435879793717,15.0927023149072,16.2823190445988,9.76976218487835,0.355136304472527,0.439389168119244,0.359276214803848,0.404254880417418,0.0605365845595254,0.412569517645566,1.55,4.38,4.53,80.3,0.5,0.1,1.1,20
0.524138407916017,0.505493122812361,0.569927294682339,0.881577959279344,12.9188608131232,5.57231874306686,14.6642237265315,16.8236573248869,0.429914072893839,0.436233875953453,0.38958849721076,0.398206601074664,0.0144054577105492,0.383640571168857,1.55,4.38,4.53,80.3,0.5,0.1,1.1,20
0.640673318342492,0.638740903478675,0.681951322330348,0.590589364518784,8.47040924022906,12.2191781809949,7.94631777476752,19.3975070888991,0.435486944226641,0.403180197375687,0.420930495764175,0.426702822244912,0.0669507638365263,0.441708332271082,1.55,4.38,4.53,80.3,0.5,0.1,1.1,20
0.804284594368749,0.514081719442457,0.734335140165873,0.605239230720513,13.1142102940963,17.0104863015842,5.93078032660997,7.49624392791651,0.368161818193598,0.397593028594134,0.365344484598981,0.448881891029608,0.0254634901478887,0.422032318684738,1.55,4.38,4.53,80.3,0.5,0.1,1.1,20
0.528075243846141,0.820423043807224,0.599854410879687,0.825396122583188,5.75910492385505,5.75173954505008,8.38342716115993,17.0054267486138,0.394553626363212,0.385208104852773,0.428207840253226,0.439730974620208,0.06548467334399,0.399117770480318,1.55,4.38,4.53,80.3,0.5,0.1,1.1,20
0.60340371442698,0.659934361435287,0.674378211361542,0.660327714294754,17.2446493987809,10.6538628014014,9.935456946583,16.8627500000224,0.444106421519956,0.351986672941595,0.434283937110659,0.439271002745582,0.0188543831080291,0.440362109756051,1.55,4.38,4.53,80.3,0.5,0.1,1.1,20
0.585797773590125,0.839632695531845,0.839646681176871,0.617794336855598,11.8422609345824,5.96374577664537,5.41553744105622,14.385368260548,0.371398994739028,0.433746687745815,0.405564657249395,0.440127379539423,0.0817380527965026,0.420267083068611,1.55,4.38,4.53,80.3,0.5,0.1,1.1,20
0.57268636561092,0.620019685878977,0.766350527927093,0.888772138368152,16.41548140842,10.3862729764753,5.13152464530198,6.84165321121458,0.375804798026755,0.38700659710546,0.428688351308787,0.427527625575801,0.0434983247247525,0.359435417561093,1.55,4.38,4.53,80.3,0.5,0.1,1.1,20
0.882071207286231,0.552120726734772,0.73139193360284,0.586708103969134,13.2824530395051,19.7535232588835,14.7953354689037,9.77364828463411,0.371860892589437,0.421902778981579,0.370399362454517,0.433907541452488,0.0934804705296131,0.445588097550906,1.55,4.38,4.53,80.3,0.5,0.1,1.1,20
0.665212365458533,0.71232762934491,0.726494554461353,0.552206847427972,8.06153481037356,9.42163972483715,12.3795149131399,13.0918903166242,0.395427843598649,0.400214988368703,0.357565753740165,0.41838341252231,0.0248478887568414,0.429565333757131,1.55,4.38,4.53,80.3,0.5,0.1,1.1,20
0.737806201196648,0.691035475155711,0.731018754220754,0.897341220379435,19.3161511561251,13.8440398325725,10.129143530135,6.42056162538938,0.397774748685118,0.428051569089061,0.38097833975004,0.387828245950444,0.0246632509161253,0.388509896260314,1.55,4.38,4.53,80.3,0.5,0.1,1.1,20
0.808958595282026,0.783709710385092,0.734849782733247,0.503805897772126,18.0431497349381,6.23720006090822,5.75169353764271,11.5184127788199,0.431932395511866,0.362992267829925,0.436787644308293,0.393250060025184,0.0251802816731297,0.380703029954294,1.55,4.38,4.53,80.3,0.5,0.1,1.1,20
0.792064985692874,0.562600988998078,0.842692557777092,0.835132395215332,16.3227656028443,19.3409901436465,8.48046872851439,15.613623594672,0.398210971871996,0.373259300382482,0.368198333133804,0.442957667349558,0.0623354466755595,0.382837510683341,1.55,4.38,4.53,80.3,0.5,0.1,1.1,20
0.532440284710005,0.642312916533277,0.803709133795462,0.51121056352295,13.8190058106813,15.81177396402,13.5526926156296,15.6816709616082,0.419147403936833,0.429132273979858,0.391995304366387,0.3788876905201,0.015129982743673,0.353534506768826,1.55,4.38,4.53,80.3,0.5,0.1,1.1,20
0.602330859403312,0.74555540785864,0.881464390089922,0.882558123717457,8.17510315725347,18.661514404628,13.1603707184456,15.8208289552643,0.398188838185696,0.441913312830124,0.442168893518765,0.367613208548166,0.0609993336134544,0.393948547394387,1.55,4.38,4.53,80.3,0.5,0.1,1.1,20
0.588547562458925,0.86055918517597,0.854034770900756,0.819260312779062,16.7247624391411,8.06779340091394,6.13875936725643,5.81438203289639,0.363549755692575,0.447929183789389,0.420203003381053,0.39160908976132,0.0162925996000459,0.406728387742164,1.55,4.38,4.53,80.3,0.5,0.1,1.1,20
0.756707537772879,0.515985368842073,0.668115709367208,0.889905657177419,15.2151844563102,11.6656332641863,18.1058739568596,5.807193960757,0.366996443694597,0.414572488848306,0.422231588088442,0.421127179864421,0.0366473815583577,0.370006266974611,1.55,4.38,4.53,80.3,0.5,0.1,1.1,20
0.617741452158801,0.601733226283267,0.643679478507675,0.602048964419216,18.5507812341768,14.2087594823819,7.55265394586604,13.5912793304236,0.414943743398041,0.402636098231841,0.355078661811165,0.413102955409931,0.0423048575742031,0.367119460402476,1.55,4.38,4.53,80.3,0.5,0.1,1.1,20
0.683465007034503,0.802791996293329,0.845034339028969,0.579999836756103,5.15610283637419,19.3285201818356,13.630819521111,10.9403764854325,0.368380440615537,0.423768604785064,0.401879188691173,0.354372374309506,0.0510033287744364,0.360574965822417,1.55,4.38,4.53,80.3,0.5,0.1,1.1,20
0.602562673572078,0.738851374257356,0.548070469695889,0.763094905995578,6.77114147091052,14.9694046465959,10.0419909680728,5.25812002020888,0.38846317239604,0.440776707792142,0.375703056212654,0.400227610012516,0.0899189666962018,0.360911840004846,1.55,4.38,4.53,80.3,0.5,0.1,1.1,20
0.571710915780626,0.765532398558408,0.637220382748544,0.634223140273243,10.1785149743059,7.45379488644889,16.2734746996616,10.1112053225283,0.421481960771978,0.353498546453379,0.411852844046522,0.3500848893655,0.0132384530944144,0.391046660935925,1.55,4.38,4.53,80.3,0.5,0.1,1.1,20
0.871705761833675,0.691454515113682,0.503054358158074,0.650265536080487,12.7243832421163,9.87117672216147,14.5391018289863,9.32930964397499,0.439593323177146,0.372699128690315,0.412295219571423,0.373188381118374,0.0894476844302844,0.374672805274511,1.55,4.38,4.53,80.3,0.5,0.1,1.1,20
0.713534177570604,0.545017501677573,0.839005370955914,0.582583143793046,18.5733827292942,12.3914219601429,18.6833961362485,19.1526306788647,0.391513389284676,0.373174532752996,0.364437035166472,0.417494930872833,0.0729888619015925,0.368730643973034,1.55,4.38,4.53,80.3,0.5,0.1,1.1,20
0.794005017124117,0.55041671012342,0.894317461805605,0.534459724406339,6.19451362212189,9.25699469288345,6.56732428378658,11.0406015589554,0.426991729260935,0.420019504838809,0.445744729099888,0.366129464482795,0.0880594944165228,0.415527559005003,1.55,4.38,4.53,80.3,0.5,0.1,1.1,20
0.815942084220238,0.736720060916431,0.675143961428292,0.619070840928331,9.34864759461256,10.2533144504251,13.6079234873061,11.7588021925418,0.433969192333287,0.407274112428539,0.396740493251523,0.437514846506342,0.0851096362269903,0.438945358802844,1.55,4.38,4.53,80.3,0.5,0.1,1.1,20
0.799704038207792,0.689995795047469,0.863489440711215,0.564938849765994,18.6206786882039,11.0892702490394,15.9200232976326,19.2251911169221,0.404306282850029,0.408350216675457,0.398368470964488,0.401813986034598,0.0139618566326657,0.428442803734494,1.55,4.38,4.53,80.3,0.5,0.1,1.1,20
0.704830815747753,0.741074977114424,0.868632164363563,0.591998343457282,5.64008911445737,16.8394366515009,8.6317741356208,11.400171179513,0.386270796670904,0.429610093381396,0.389076423602551,0.409501463580737,0.0987053008669382,0.448089465364069,1.55,4.38,4.53,80.3,0.5,0.1,1.1,20
0.735239725774527,0.854732338161208,0.856600073011406,0.532058455295116,11.9339730490302,15.0660148214782,10.4048807227612,5.60405010731658,0.443531096318271,0.376400870814174,0.395950281757116,0.404812372209737,0.0279683849825943,0.38980790123255,1.55,4.38,4.53,80.3,0.5,0.1,1.1,20
0.894997942934185,0.660006573417783,0.590370752914995,0.690575867486931,15.0410326028988,9.74663065840257,7.25298745848239,17.8315409418498,0.414765195074305,0.382567110480042,0.448208317474788,0.394310430381959,0.0732686610462889,0.4218028218864,1.55,4.38,4.53,80.3,0.5,0.1,1.1,20
0.719840454386547,0.714598972627893,0.871140509334207,0.517502259412222,16.1535084999516,7.04739613105077,6.01320641863393,19.6244665765553,0.410015483541926,0.399972496820288,0.414043577686651,0.390418223145464,0.0819728002647962,0.440915640565427,1.55,4.38,4.53,80.3,0.5,0.1,1.1,20
0.819887380956113,0.764091973297112,0.890457652942091,0.657135671096481,11.7766905310797,15.8890944618103,18.7269951586542,10.9326351344958,0.428170083613414,0.394965370641462,0.367661043606093,0.427857166446047,0.0236028244171292,0.377404369638767,1.55,4.38,4.53,80.3,0.5,0.1,1.1,20
0.634498971810006,0.627535712484643,0.651511497287266,0.655100083398633,14.4578689495986,17.683227258902,8.33570058200276,11.5848357118829,0.404696472733654,0.435381345710996,0.43228685460086,0.359500774726225,0.0436639657021454,0.367261159681389,1.55,4.38,4.53,80.3,0.5,0.1,1.1,20
0.826402421865985,0.828242459125631,0.579709618060105,0.501712544061616,13.5139251130819,13.1417557525192,5.86388692379696,15.9192596390727,0.403778975532763,0.373939976322418,0.426109739146242,0.380311622656696,0.0774962843946088,0.374049011053378,1.55,4.38,4.53,80.3,0.5,0.1,1.1,20
0.621833579929359,0.53673395170942,0.595513885483146,0.640578271271847,15.6573190336768,18.5710022334848,14.2901674143947,6.90204769626027,0.367463750661723,0.39174985199552,0.376649092120538,0.442577889465448,0.0746923486713553,0.352416254713666,1.55,4.38,4.53,80.3,0.5,0.1,1.1,20
0.785828152428754,0.897420706207864,0.881796292880364,0.720305610813946,11.3938954141177,5.52075423326111,17.1491021654638,6.13316566778347,0.3648663549277,0.438672474935884,0.370585179298651,0.39900462575187,0.0830218129591504,0.433742925156746,1.55,4.38,4.53,80.3,0.5,0.1,1.1,20
0.773512806684338,0.749070441018045,0.718742677031085,0.821380758503266,12.3541795415455,18.698669566866,19.1479455956747,5.66298617114779,0.416139188400144,0.369189471406816,0.356302134179277,0.438704988039285,0.0564169379272172,0.390260314272158,1.55,4.38,4.53,80.3,0.5,0.1,1.1,20
0.569500863991119,0.878012018741667,0.741843062510155,0.742003027993813,15.3251224815124,9.81797442919109,5.68943660052959,12.8934606095264,0.390143338377913,0.368406397302123,0.388085248733126,0.389255311034946,0.0828760581236845,0.381566328198137,1.55,4.38,4.53,80.3,0.5,0.1,1.1,20
0.70992054605186,0.850170399681106,0.723973260702752,0.558465383909829,6.24066823927918,12.021838881548,11.5047209524014,10.5380569990887,0.416704049837822,0.436982227946213,0.446372747847298,0.396127754246211,0.0284222624784103,0.371597694342723,1.55,4.38,4.53,80.3,0.5,0.1,1.1,20
0.887588260227442,0.518464185979962,0.715299358420819,0.822082771699131,10.5186046882439,14.7976495668944,10.5703465564875,15.3748278783285,0.409073792154714,0.35641418626029,0.358820886604302,0.436250540164765,0.0398886645841971,0.37289528575791,1.55,4.38,4.53,80.3,0.5,0.1,1.1,20
0.501632182470895,0.776201783423685,0.845797214416415,0.780799787094444,7.20802733173361,7.61172837906284,16.4037139021535,6.18812927672872,0.396435525118187,0.386838746648887,0.407648882623296,0.402869219832961,0.0602579342822731,0.425848860850185,1.55,4.38,4.53,80.3,0.5,0.1,1.1,20
0.517835181270167,0.656266686878167,0.776335857421905,0.523588132577948,19.4531994379475,15.770184259126,18.9196006279765,12.0784800453205,0.434108362159459,0.379665338536771,0.365927893097512,0.4491153458043,0.0516905101864785,0.44874773540278,1.55,4.38,4.53,80.3,0.5,0.1,1.1,20
0.639661385050789,0.89341450196933,0.671918113676459,0.631640901844949,8.03921154994052,14.5895994970296,16.1555891715852,13.9350432801712,0.413724004111253,0.386548646488041,0.436829150040122,0.405720508324634,0.0899204010379408,0.435622320380434,1.55,4.38,4.53,80.3,0.5,0.1,1.1,20
0.716685824340954,0.800924132348038,0.558645252208412,0.563174927691743,7.25832138722763,19.6457921452494,9.8572341103456,9.16385664853733,0.412335224655038,0.392708109087776,0.413927426150674,0.396988794983923,0.0229475312380027,0.354926308957813,1.55,4.38,4.53,80.3,0.5,0.1,1.1,20
0.897092549863644,0.78413456254974,0.577391678501666,0.750485770083964,12.8178576772287,12.7244030686351,9.87821557610529,17.2815499144141,0.372393999544391,0.40425109134363,0.354302390557202,0.419611362424726,0.0587767379542673,0.4172122333067,1.55,4.38,4.53,80.3,0.5,0.1,1.1,20
0.643800584036485,0.526930789621547,0.553383459465951,0.650792022612877,9.43034710987471,13.551366411834,18.5210959068174,13.3703206036962,0.406365363212954,0.375037994790543,0.364819734311849,0.436063286131434,0.0332538506878633,0.411754341954785,1.55,4.38,4.53,80.3,0.5,0.1,1.1,20
0.722342002057657,0.681825163010322,0.888496064929664,0.657955828613974,18.5160201801616,9.1540269437572,14.9481338195317,16.5651682995982,0.364353295157803,0.442037847640086,0.442209330717241,0.368841433012066,0.0523258176588221,0.444586902652727,1.55,4.38,4.53,80.3,0.5,0.1,1.1,20
0.755432363388874,0.745883786439709,0.538724895607121,0.512010176431947,14.3571385615389,10.2379770208825,16.4603213390266,19.3352722117957,0.378736511519318,0.400075932633178,0.392346413868014,0.424382821608707,0.0455106243494805,0.401396711533423,1.55,4.38,4.53,80.3,0.5,0.1,1.1,20
0.722716915122606,0.882156331810728,0.540292217074148,0.852014606717788,14.7399199325778,14.4595699150395,15.5882810963783,11.9503428900614,0.43801329523134,0.449902367160749,0.386505624788767,0.397089136160119,0.0444373706517788,0.395324832630716,1.55,4.38,4.53,80.3,0.5,0.1,1.1,20
0.766903281420097,0.60264236857295,0.801029570810497,0.54474045384489,9.54846238072729,14.9975519860582,11.7209476976609,19.5590946254367,0.405107261382462,0.39436764439675,0.427754290931579,0.383843646241212,0.0730104663120443,0.441211220487114,1.55,4.38,4.53,80.3,0.5,0.1,1.1,20
0.805836691559479,0.629114677127637,0.530114242929965,0.647530329801142,5.25188063760288,18.5214946316881,12.2865207934962,13.1745791352121,0.408337618964817,0.441319918667572,0.351606163999997,0.384247780180117,0.027790301652276,0.399265002737334,1.55,4.38,4.53,80.3,0.5,0.1,1.1,20
0.522930126398057,0.639403624473326,0.50570085422881,0.801005583022721,14.9125218302361,16.0296476473752,7.02671684557805,16.9126402223227,0.389859183570789,0.36188988318746,0.375989987082686,0.393894718848728,0.0355646006461885,0.367799282807251,1.55,4.38,4.53,80.3,0.5,0.1,1.1,20
0.739825766767748,0.851542759399302,0.857152569543198,0.746488740852661,17.3058061080333,7.80188123718137,14.9058747420809,7.95453302850714,0.428342410559906,0.447604255477153,0.42476282185181,0.362635544535564,0.0197021247689286,0.368012417005701,1.55,4.38,4.53,80.3,0.5,0.1,1.1,20
0.506194962590374,0.755117139281891,0.895134686417878,0.864898974507488,8.73381057504099,13.6935686216806,15.3031554668839,19.861951196813,0.433577992554661,0.387435536565213,0.410391157295089,0.442158065656992,0.0617204348791484,0.357330605891393,1.55,4.38,4.53,80.3,0.5,0.1,1.1,20
0.57903315615654,0.678126053401642,0.777755618324876,0.606987048723362,17.1873832082166,8.14349916174309,17.6401867145323,12.6020193618583,0.436530790702254,0.363779754556296,0.385767204454681,0.385376400996,0.0416883432861092,0.40407167005497,1.55,4.38,4.53,80.3,0.5,0.1,1.1,20
0.717755441709608,0.529737355174869,0.628859099102393,0.837071962873265,6.14717023605015,18.3967403877527,19.2191836098814,14.6410583758703,0.369122725962475,0.42935075109005,0.367439100730978,0.352661663292535,0.0716041268943204,0.414867303970642,1.55,4.38,4.53,80.3,0.5,0.1,1.1,20
0.685694474015199,0.631462507803738,0.782017963577993,0.71444648115579,13.7883116510976,11.860109254471,12.0792415451352,10.6219031552225,0.422897094204649,0.360639901544806,0.424564900985127,0.372762964447262,0.0919789332862804,0.390944046060834,1.55,4.38,4.53,80.3,0.5,0.1,1.1,20
0.691519992802292,0.595373375248537,0.704998974271864,0.757510695560835,18.749863296696,16.8052231515199,17.4533049010625,17.0847115558549,0.43939885881152,0.367573492002999,0.393625985154323,0.437879520116048,0.0157650152723677,0.401469093098212,1.55,4.38,4.53,80.3,0.5,0.1,1.1,20
0.505172325541638,0.76125498395823,0.612965977215022,0.717677158212289,14.7682157567353,16.3774658662779,7.39525128182722,8.47272415414918,0.355958878006414,0.44727565176324,0.389913996502105,0.394401111880317,0.0756093162331311,0.434469233091595,1.55,4.38,4.53,80.3,0.5,0.1,1.1,20
0.711634991982952,0.730638139111362,0.891421750919521,0.611948727905192,7.34574554531835,5.66388314006384,13.7423679493764,10.6751950285537,0.366374685414275,0.4266257486118,0.379252497267909,0.418568885267805,0.0667872986508673,0.402084747392032,1.55,4.38,4.53,80.3,0.5,0.1,1.1,20
0.556982130400836,0.835938793166168,0.551700346155837,0.703701023055241,14.6459549459256,15.702504237087,6.80725648053922,11.3680786973587,0.362045336468797,0.446183927638922,0.353369094771426,0.350793447921332,0.0360931733790785,0.449163073612051,1.55,4.38,4.53,80.3,0.5,0.1,1.1,20
0.818454861059971,0.802021902826242,0.628260902683809,0.716474161423557,19.6526385524636,7.38526940756245,8.57806921581272,8.8142195617524,0.377315782820433,0.437218018575292,0.422437624478526,0.446309005365847,0.0657363492473774,0.40580614231592,1.55,4.38,4.53,80.3,0.5,0.1,1.1,20
0.810250581115298,0.755780853175931,0.672327428717725,0.897970667669177,10.0645102765341,7.56690691716271,11.7152068183036,6.31011713880347,0.371478215150395,0.424420153798629,0.391235522656981,0.413693073698832,0.0443565201470535,0.443321717242803,1.55,4.38,4.53,80.3,0.5,0.1,1.1,20
0.750815800817125,0.519209861985408,0.577711920592003,0.576286369124428,10.4832929718215,18.3755716115888,8.32123050996335,8.38232250061352,0.408603084485512,0.416450985132717,0.444268486020062,0.434641155446554,0.0893662360130996,0.350143264813628,1.55,4.38,4.53,80.3,0.5,0.1,1.1,20
0.749484528027661,0.792492456957139,0.882511936454289,0.776103840559535,6.89996850836324,8.40613972366788,7.22580044534523,16.5993037341931,0.429486183958221,0.357136026603449,0.433583306648163,0.364000310160406,0.0503883623676654,0.350493770498177,1.55,4.38,4.53,80.3,0.5,0.1,1.1,20
0.583620762298442,0.537171132671274,0.849082813143544,0.590353672637232,5.66321935626678,16.4137010893086,15.1448706834484,6.76029076339677,0.38220567967589,0.429462441675272,0.426954576693755,0.401487164856074,0.0557544814125402,0.429925390379643,1.55,4.38,4.53,80.3,0.5,0.1,1.1,20
0.750292397530004,0.512583094949462,0.694473084699549,0.596248686074279,9.03376999847824,13.3825303031108,19.9713742131088,12.7796578993183,0.354910310656764,0.358715039244154,0.433198670875328,0.353094572403375,0.0613098031827202,0.385998102114489,1.55,4.38,4.53,80.3,0.5,0.1,1.1,20
0.521783972329646,0.779958823335543,0.807939725801535,0.862860093513504,14.4026812812686,17.1911255389987,17.4866300546192,9.98934284358285,0.350934966662945,0.445630979872868,0.438028177754162,0.43319963171375,0.0515474954234483,0.368994429632183,1.55,4.38,4.53,80.3,0.5,0.1,1.1,20
0.70009866053611,0.569833993929997,0.8306280554289,0.766088949819095,8.67848623370985,7.85142121519661,8.43548642987153,9.02016649093712,0.424163324550726,0.409944368650438,0.403618815185363,0.408045457803132,0.083563759842366,0.442301884187991,1.55,4.38,4.53,80.3,0.5,0.1,1.1,20
0.802690762503259,0.578358921899088,0.545833435643464,0.801883695340529,6.75078282343689,8.9426575767016,9.977732703113,10.7210134477424,0.354278455311339,0.374391477401415,0.411779981351318,0.437603781703906,0.0870936237598862,0.419630507422471,1.55,4.38,4.53,80.3,0.5,0.1,1.1,20
0.843279352366552,0.720942287306115,0.850764187878743,0.51679340097066,12.0775266881078,10.4659740871284,10.9120754115842,12.479713829481,0.446681611771183,0.382125462205056,0.381459208341176,0.44119568416439,0.0845522208727664,0.396450994084729,1.55,4.38,4.53,80.3,0.5,0.1,1.1,20
0.508182977563515,0.62487221528627,0.635217420949601,0.745994739651866,10.6356390389358,15.0367275477527,19.6926933744247,16.7172694384144,0.440341840757104,0.424079308031779,0.412097474577092,0.395850763803627,0.0415417996200966,0.355738960801857,1.55,4.38,4.53,80.3,0.5,0.1,1.1,20
0.76473708998505,0.766708702733368,0.692167340981588,0.655968524957262,9.11446969301207,12.2636776048457,9.9842688582046,16.9864179390669,0.420901310799643,0.363570529653132,0.427595400201669,0.447966061282204,0.0267302162695397,0.436163975485228,1.55,4.38,4.53,80.3,0.5,0.1,1.1,20
0.847781380341947,0.562014635296725,0.736294438033737,0.854319603379257,7.88409378832672,8.75711780400481,19.1745949787553,5.97461708983872,0.354106837365637,0.381649393634684,0.384403573774919,0.410445396163547,0.0995902970914496,0.382411193218734,1.55,4.38,4.53,80.3,0.5,0.1,1.1,20
0.777313289007358,0.789779175619967,0.60843137340378,0.662942756787129,19.837414309734,8.20898952133954,5.11424499923131,11.9025729337381,0.440998237737222,0.406266741784383,0.406700561928283,0.386979669612926,0.0707177554564038,0.355076789915934,1.55,4.38,4.53,80.3,0.5,0.1,1.1,20
0.564388289942034,0.818561842556484,0.507141549058258,0.61006055099871,14.2854816263076,15.6532944080862,17.2284761513141,8.59929268601118,0.423867284466885,0.441710866880743,0.369335432680417,0.446614180323109,0.0930529296638118,0.397675302983494,1.55,4.38,4.53,80.3,0.5,0.1,1.1,20
0.740348862782121,0.706828559112176,0.732930602852255,0.750378259871155,12.7631432189653,8.34509381060954,19.5343031888711,17.2504274455225,0.366601105293771,0.388459684080957,0.437557733863359,0.359184474015655,0.0129537097338447,0.410068127743295,1.55,4.38,4.53,80.3,0.5,0.1,1.1,20
0.763516221048497,0.693850175070204,0.806918705641292,0.83297611785736,8.98219260061626,9.13816442502197,19.4296150228963,16.7512688334426,0.428694831784349,0.409283726726333,0.413364850664744,0.38175287939962,0.0811854983233009,0.383591716379579,1.55,4.38,4.53,80.3,0.5,0.1,1.1,20
0.89123271793332,0.621051041339152,0.575795569188148,0.707364808406867,7.77034885510104,16.634710166289,6.38696283217752,13.9614394647046,0.394743780003116,0.448477325315354,0.374869562858948,0.430571985888062,0.0197797691777954,0.415115816081408,1.55,4.38,4.53,80.3,0.5,0.1,1.1,20
0.594611954824068,0.628662621105835,0.879235688622482,0.748331258895248,11.1711686629942,15.2078687113989,15.0693904224341,7.05136466180906,0.437735004463559,0.379071050377237,0.409255447459314,0.388728924286319,0.087033106627781,0.417927429983253,1.55,4.38,4.53,80.3,0.5,0.1,1.1,20
0.798738104323298,0.524373006397113,0.523313046248443,0.700335856589116,10.1464928759565,13.4991016194015,5.5434003881854,17.0424854896637,0.421885951867932,0.356371624134714,0.350971709646145,0.350484369339794,0.0241688317914866,0.35857858358575,1.55,4.38,4.53,80.3,0.5,0.1,1.1,20
0.615954718231969,0.857525090808421,0.861280650038645,0.899553708738834,12.4918423023587,6.79313656559913,7.92135609455407,15.9833585351706,0.357861403011903,0.438553842726862,0.370131555078458,0.449601255479641,0.0763483173389127,0.364677512348676,1.55,4.38,4.53,80.3,0.5,0.1,1.1,20
0.503080933727697,0.524968986006826,0.571682611382753,0.671192379809544,11.685292034857,12.7056877896981,19.3741003383999,12.9872624774766,0.421634888546169,0.394547706962004,0.390016561743757,0.428249015422212,0.0133689355866052,0.359284790479485,1.55,4.38,4.53,80.3,0.5,0.1,1.1,20
